sigma_v_mV_RMS,sigma_i_mA_RMS,seed,pre_projection_C_F,pre_projection_ESR_Ohm,C_est_F,C_MAPE_percent,ESR_est_Ohm,ESR_MAPE_percent,edge_fit_rejection_rate,status,noise_type
0.5,0.1,1,9.97206109291457e-05,0.0497984116872272,0.000100006970132578,0.00697013257777712,0.0498961939521336,0.207612095732856,0,PASS,analog_only
0.5,0.1,2,9.96015464973734e-05,0.04976175917608,9.99707061795785e-05,0.0292938204214832,0.0499119483372943,0.176103325411447,0,PASS,analog_only
0.5,0.1,3,9.93578544844474e-05,0.0495114923631955,9.99759298091755e-05,0.0240701908245433,0.0499566058052781,0.0867883894437593,0,PASS,analog_only
0.5,0.1,4,0.000100533131834521,0.0502548580029553,9.99974766060096e-05,0.00252339399036128,0.04982256331369,0.354873372620035,0,PASS,analog_only
0.5,0.1,5,9.96489139243808e-05,0.0497724643205909,0.000100031105153301,0.0311051533008699,0.0498985823850683,0.202835229863352,0,PASS,analog_only
0.5,0.1,6,0.000100530213168325,0.050413394219264,9.99969151855257e-05,0.00308481447435227,0.0498826829580477,0.234634083904561,0,PASS,analog_only
0.5,0.1,7,0.000100690061927705,0.0497524166446486,0.000100124599612048,0.124599612048359,0.0498600957541613,0.279808491677358,0,PASS,analog_only
0.5,0.1,8,0.00010022118680464,0.0498329007989064,0.000100077872121228,0.0778721212281841,0.0498796383541036,0.240723291792777,0,PASS,analog_only
0.5,0.1,9,9.97236331091703e-05,0.0503329755748343,0.000100030888987413,0.0308889874130136,0.0499578568206838,0.0842863586323794,0,PASS,analog_only
0.5,0.1,10,0.000100564397001342,0.0497827311378133,0.000100047517205643,0.047517205643155,0.0499615211153227,0.0769577693546242,0,PASS,analog_only
0.5,0.1,11,0.000100519412875953,0.0497851320525462,9.99766915949454e-05,0.0233084050546006,0.0499141568602033,0.171686279593408,0,PASS,analog_only
0.5,0.1,12,9.97767415907217e-05,0.0498168831891244,9.9997388180834e-05,0.00261181916599851,0.0498957021378818,0.20859572423636,0,PASS,analog_only
0.5,0.1,13,9.91663823486554e-05,0.0495318934651554,9.99494422837156e-05,0.0505577162844384,0.049901879739128,0.196240521743996,0,PASS,analog_only
0.5,0.1,14,9.94501033062564e-05,0.04980278078009,0.000100015801653301,0.0158016533011507,0.0500476285754094,0.0952571508187727,0,PASS,analog_only
0.5,0.1,15,9.93267986047509e-05,0.0501947336679207,9.99550346303339e-05,0.044965369666139,0.0498745836258165,0.250832748367014,0,PASS,analog_only
0.5,0.1,16,9.96011437916619e-05,0.0497841043661925,9.99399227323801e-05,0.0600772676198846,0.0498846377109546,0.230724578090824,0,PASS,analog_only
0.5,0.1,17,9.9354429725016e-05,0.0497989792621257,9.99718000290948e-05,0.0281999709051628,0.0499031364438164,0.19372711236727,0,PASS,analog_only
0.5,0.1,18,0.000100478328782216,0.0497300350276254,0.000100037805434686,0.0378054346861223,0.0499888733533764,0.0222532932472874,0,PASS,analog_only
0.5,0.1,19,0.000100456724966463,0.0498275588410243,9.99220286623122e-05,0.0779713376878433,0.0499665416187525,0.0669167624950284,0,PASS,analog_only
0.5,0.1,20,9.95421699377343e-05,0.0498309851602835,0.000100037558645222,0.0375586452221688,0.0499372448234808,0.125510353038394,0,PASS,analog_only
1,0.5,1,9.9447472843297e-05,0.0496386914073118,0.000100011873150487,0.011873150486541,0.0498764662908217,0.247067418356572,0,PASS,analog_only
1,0.5,2,9.92223850485532e-05,0.0496592419753395,9.99419348554731e-05,0.0580651445269309,0.0499388346170505,0.12233076589907,0,PASS,analog_only
1,0.5,3,9.87287949805964e-05,0.049063948209274,9.99507281931391e-05,0.0492718068609177,0.0499970533107564,0.0058933784872206,0,PASS,analog_only
1,0.5,4,0.000101081201507799,0.0505342266423411,9.9994245456585e-05,0.00575454341501525,0.0497475445757355,0.504910848529017,0,PASS,analog_only
1,0.5,5,9.93003671313904e-05,0.0496122009063586,0.00010006238883344,0.0623888334400524,0.0499031871826706,0.193625634658789,0,PASS,analog_only
1,0.5,6,0.000101059758323365,0.0508427640497377,9.99938327355866e-05,0.00616726441338145,0.0498354135216075,0.32917295678494,0,PASS,analog_only
1,0.5,7,0.000101402811279933,0.0496083527204046,0.000100248136257161,0.248136257161291,0.0498325448989882,0.334910202023686,0,PASS,analog_only
1,0.5,8,0.000100458542303566,0.0503061095707556,0.000100157024651476,0.157024651475823,0.0498656353038509,0.268729392298239,0,PASS,analog_only
1,0.5,9,9.9453830044689e-05,0.0506755601537171,0.000100055739420268,0.0557394202677086,0.0500014314723918,0.00286294478357707,0,PASS,analog_only
1,0.5,10,0.000101122880897239,0.049637493241338,0.000100094328337489,0.0943283374886139,0.0500185273563574,0.0370547127148013,0,PASS,analog_only
1,0.5,11,0.000101031893395403,0.0495957883420244,9.99556210929246e-05,0.0443789070753819,0.0499194201927291,0.161159614541839,0,PASS,analog_only
1,0.5,12,9.9555968715093e-05,0.0496537164457893,9.99964336656173e-05,0.0035663343826986,0.04987747496969,0.2450500606201,0,PASS,analog_only
1,0.5,13,9.83430368055438e-05,0.0490689913193635,9.98976590355649e-05,0.102340964435077,0.0499065657818021,0.186868436395859,0,PASS,analog_only
1,0.5,14,9.89102684254283e-05,0.0496000680028726,0.000100031844079317,0.0318440793167563,0.0501657902011004,0.331580402200826,0,PASS,analog_only
1,0.5,15,9.8669348127789e-05,0.0504151547047797,9.99088745678443e-05,0.0911254321556698,0.0498388209081154,0.322358183769267,0,PASS,analog_only
1,0.5,16,9.92088637019532e-05,0.0495757430961398,9.98799252595068e-05,0.120074740493181,0.0498472974490487,0.305405101902689,0,PASS,analog_only
1,0.5,17,9.8761420947759e-05,0.0496310454783229,9.99435219389494e-05,0.0564780610506133,0.0498851936227801,0.229612754439901,0,PASS,analog_only
1,0.5,18,0.000100977560414081,0.049485702281278,0.000100073616229605,0.073616229604756,0.0500503459399421,0.100691879884152,0,PASS,analog_only
1,0.5,19,0.000100927419824925,0.0496758835161867,9.9843672019475e-05,0.156327980525028,0.0500056814465995,0.0113628931990295,0,PASS,analog_only
1,0.5,20,9.90811306034058e-05,0.0496962193129292,0.000100074348063316,0.0743480633162985,0.0499837165411499,0.0325669177001942,0,PASS,analog_only
2,1,1,9.89053191433845e-05,0.049294808879336,0.000100022776927326,0.0227769273263068,0.0498339914849539,0.332017030092269,0,PASS,analog_only
2,1,2,9.84754063162362e-05,0.0493466914683171,9.98443452667655e-05,0.155654733234512,0.0500523838218309,0.104767643661829,0,PASS,analog_only
2,1,3,9.7499868159808e-05,0.048174267976422,9.9893047884208e-05,0.10695211579197,0.0500657226060577,0.131445212115344,0,PASS,analog_only
2,1,4,0.000102181657514318,0.051061990325633,9.9984035881289e-05,0.015964118710976,0.0496228907257822,0.754218548435548,0,PASS,analog_only
2,1,5,9.8613313983398e-05,0.0493413782595482,0.000100119999031368,0.119999031367812,0.0499168709585417,0.166258082916659,0,PASS,analog_only
2,1,6,0.000102125343656409,0.0517009152946713,9.99924941294353e-05,0.00750587056467245,0.0497568805211801,0.486238957639828,0,PASS,analog_only
2,1,7,0.00010283249734848,0.0492398038312467,0.000100537688897561,0.537688897560828,0.0498425690456174,0.314861908765229,0,PASS,analog_only
2,1,8,0.000100916818466693,0.050578792833687,0.000100314563028945,0.314563028945369,0.0498567629505518,0.286474098896383,0,PASS,analog_only
2,1,9,9.89161826022527e-05,0.051329980102237,0.000100097737453292,0.097737453292468,0.0501146197182793,0.229239436558637,0,PASS,analog_only
2,1,10,0.000102267703411573,0.0492942704116292,0.000100192663668234,0.192663668233628,0.0500627273160329,0.125454632065813,0.0067567567567568,PASS,analog_only
2,1,11,0.000102075834000595,0.049225291934859,9.99155850584875e-05,0.0844149415125006,0.0499536150465804,0.092769906839274,0,PASS,analog_only
2,1,12,9.91166144711901e-05,0.0493262537001196,9.99916287039365e-05,0.00837129606346965,0.0498122650696493,0.375469860701316,0,PASS,analog_only
2,1,13,9.67757375448457e-05,0.0481609319495641,9.97913945932909e-05,0.208605406709139,0.0499542751612721,0.0914496774558349,0,PASS,analog_only
2,1,14,9.78685839656028e-05,0.0491800584169417,0.000100063462830917,0.0634628309174712,0.0503702181544107,0.740436308821324,0,PASS,analog_only
2,1,15,9.73841820163089e-05,0.0508177336069557,9.98201682293344e-05,0.179831770665573,0.0497141446143365,0.571710771326905,0,PASS,analog_only
2,1,16,9.8449221478177e-05,0.0491207099307927,9.97607914788124e-05,0.239208521187628,0.0497875910352258,0.42481792954836,0,PASS,analog_only
2,1,17,9.75797068780247e-05,0.0492811777167097,9.98903878632969e-05,0.109612136703152,0.0498383012070485,0.323397585903051,0,PASS,analog_only
2,1,18,0.000101975197965028,0.0489926027926638,0.000100144214188737,0.144214188737202,0.0500896930267056,0.179386053411146,0.0067567567567568,PASS,analog_only
2,1,19,0.000101868662345179,0.049427755210678,9.96891541010085e-05,0.31084589899153,0.0500587149857385,0.117429971477034,0,PASS,analog_only
2,1,20,9.82006519063603e-05,0.0494728205110792,0.000100152541746144,0.152541746143608,0.0500690789569703,0.138157913940606,0,PASS,analog_only
5,2,1,9.73762447934116e-05,0.0482549840739632,0.000100059011475559,0.05901147555889,0.0495657610852532,0.868477829493575,0.0067567567567568,PASS,analog_only
5,2,2,9.64877794567526e-05,0.0484134686734763,9.96067816216232e-05,0.393218378376847,0.0500818729942465,0.163745988492936,0.0135135135135135,PASS,analog_only
5,2,3,9.40962126035111e-05,0.0455290174666007,9.96332573443771e-05,0.366742655622865,0.0501921134998433,0.38422699968661,0.0135135135135135,PASS,analog_only
5,2,4,0.000105534958250537,0.0525896754867146,0.000100026753040947,0.0267530409469696,0.0495362321135558,0.927535772888344,0.0135135135135135,PASS,analog_only
5,2,5,9.66697895140692e-05,0.0518180997990356,0.000100129981323773,0.129981323773154,0.0500766515482883,0.153303096576662,0.0135135135135135,PASS,analog_only
5,2,6,0.000105139141044218,0.0542364083644577,9.99911330679402e-05,0.00886693205983669,0.0498805828695782,0.23883426084369,0.0067567567567568,PASS,analog_only
5,2,7,0.000107137196432821,0.048131890881615,0.000101363356198652,1.36335619865167,0.0499595471130114,0.0809057739772467,0,PASS,analog_only
5,2,8,0.000102245679206466,0.0514420605064805,0.000100789077362668,0.789077362667689,0.0499658128277076,0.0683743445847429,0.0067567567567568,PASS,analog_only
5,2,9,9.73663691988205e-05,0.05212016396199,0.000100220184109042,0.220184109041632,0.0503353211412887,0.670642282577316,0.0067567567567568,PASS,analog_only
5,2,10,0.000105773593197799,0.048277814442773,0.000100566862032597,0.56686203259706,0.0503320667276569,0.664133455313731,0.0202702702702703,PASS,analog_only
5,2,11,0.000105211458475666,0.0481159621535526,9.97969261553701e-05,0.203073844629897,0.0500622943574908,0.124588714981644,0.0067567567567568,PASS,analog_only
5,2,12,9.78379753529314e-05,0.048352704966794,9.99704844779714e-05,0.0295155220285892,0.0498756600693003,0.248679861399381,0.0067567567567568,PASS,analog_only
5,2,13,9.27903452778287e-05,0.0455245990097552,9.94734247496486e-05,0.526575250351446,0.0502124120828644,0.42482416572871,0.0067567567567568,PASS,analog_only
5,2,14,9.5153520316728e-05,0.0477998034636012,0.000100251292642213,0.251292642212841,0.0506812704779767,1.36254095595334,0.0135135135135135,PASS,analog_only
5,2,15,9.38697624075428e-05,0.051968633509313,9.95598130710657e-05,0.440186928934316,0.0495423917084734,0.915216583053213,0.0067567567567568,PASS,analog_only
5,2,16,9.64474823186874e-05,0.0476407634047389,9.93928900170666e-05,0.607109982933363,0.0497768166421659,0.446366715668167,0,PASS,analog_only
5,2,17,9.44568442178557e-05,0.0482270035821625,9.97384169404829e-05,0.26158305951709,0.0494380940189984,1.1238119620033,0.0067567567567568,PASS,analog_only
5,2,18,0.000104967305195348,0.0475520883232468,0.000100349979212009,0.349979212008789,0.0497806421285374,0.438715742925189,0.0337837837837838,PASS,analog_only
5,2,19,0.000104690649653729,0.0512591910821767,9.92312533280742e-05,0.768746671925791,0.0499597194096604,0.0805611806792728,0.0135135135135135,PASS,analog_only
5,2,20,9.59086462174298e-05,0.0489083761547676,0.000100394370471055,0.394370471055283,0.0503625273063987,0.72505461279746,0.0067567567567568,PASS,analog_only
10,5,1,9.53562301072985e-05,0.0465050536900294,9.99942912779159e-05,0.00570872208408568,0.0486544289697612,2.69114206047766,0.0135135135135135,PASS,analog_only
10,5,2,9.43994919043975e-05,0.0468807943444717,9.92219162093561e-05,0.778083790643935,0.0499674597478947,0.0650805042106017,0.0135135135135135,PASS,analog_only
10,5,3,8.95518604731213e-05,0.0413299254114731,9.92658319998148e-05,0.734168000185198,0.0501178198141856,0.235639628371231,0.0135135135135135,PASS,analog_only
10,5,4,0.000111114394987298,0.0550672247004374,0.000100054221372613,0.0542213726128837,0.0493969441142552,1.20611177148956,0.0135135135135135,PASS,analog_only
10,5,5,9.39654109266036e-05,0.0537971831075146,0.000100255914697768,0.255914697768467,0.0501301138442973,0.260227688594505,0.0337837837837838,PASS,analog_only
10,5,6,0.000108603338799414,0.0581721369040363,9.99824035998829e-05,0.0175964001171147,0.0503657810244697,0.731562048939338,0.0135135135135135,PASS,analog_only
10,5,7,0.000113782418195565,0.0463219875497708,0.000102759277677093,2.75927767709305,0.0500864910299171,0.172982059834159,0.0067567567567568,PASS,analog_only
10,5,8,0.000104569434300841,0.0528537595970927,0.000101597108945223,1.59710894522309,0.0496871975601433,0.625604879713315,0.0067567567567568,PASS,analog_only
10,5,9,9.49485693949543e-05,0.0541374029653456,0.00010040953009704,0.409530097039745,0.0505172686648162,1.0345373296323,0.0135135135135135,PASS,analog_only
10,5,10,0.00011127732962921,0.046728619729194,0.000101135933947814,1.13593394781379,0.050436938405202,0.873876810403984,0.0202702702702703,PASS,analog_only
10,5,11,0.000109824230727364,0.0462901442955425,9.96071563268738e-05,0.392843673126242,0.0496738216748089,0.652356650382258,0.0135135135135135,PASS,analog_only
10,5,12,9.59103900104129e-05,0.0468175812933228,9.99475590040922e-05,0.0524409959078431,0.050186052863299,0.372105726598049,0.0067567567567568,PASS,analog_only
10,5,13,8.87629879520991e-05,0.0414990330368752,9.89504863147052e-05,1.04951368529477,0.0506075543701066,1.21510874021316,0.0067567567567568,PASS,analog_only
10,5,14,9.19733790705481e-05,0.0454570086479155,0.000100512672235386,0.512672235386114,0.0506145656195498,1.2291312390996,0.0202702702702703,PASS,analog_only
10,5,15,8.94304462481768e-05,0.0538640354063939,9.9262278025821e-05,0.737721974179051,0.0491920662421724,1.6158675156553,0.0067567567567568,PASS,analog_only
10,5,16,9.43048242337721e-05,0.0451961018021266,9.89368923729254e-05,1.06310762707457,0.0498169587097423,0.366082580515426,0.0067567567567568,PASS,analog_only
10,5,17,9.1319841238179e-05,0.0466692695625012,9.94828925610795e-05,0.517107438920472,0.0486750804203831,2.64983915923377,0.027027027027027,PASS,analog_only
10,5,18,0.000109709902277468,0.0455023280448542,0.000100561830888908,0.561830888907977,0.0491337440287422,1.73251194251558,0.0405405405405406,PASS,analog_only
10,5,19,0.000109133975016874,0.05246721779969,9.84778289795912e-05,1.52217102040878,0.0496050816289198,0.789836742160388,0.0135135135135135,PASS,analog_only
10,5,20,9.34519900866204e-05,0.0479678016720002,0.00010079080362758,0.790803627579928,0.050566350707261,1.132701414522,0.0067567567567568,PASS,analog_only
20,10,1,9.33877948935894e-05,0.0430233190415722,9.99915723578113e-05,0.00842764218865755,0.0468871992366633,6.22560152667341,0.0135135135135135,FAIL,analog_only
20,10,2,0.00010694183048632,0.0440093129601907,9.84614411710847e-05,1.53855882891526,0.0496172054110581,0.765589177883819,0.0135135135135135,PASS,analog_only
20,10,3,8.45927283322803e-05,0.034225139874749,9.85426174896553e-05,1.45738251034473,0.049832704513351,0.334590973298077,0.0135135135135135,PASS,analog_only
20,10,4,0.000120000019346937,0.0593136633251035,0.00010042532932426,0.425329324259849,0.0486357261697421,2.72854766051586,0.0202702702702703,PASS,analog_only
20,10,5,9.08578395151374e-05,0.0575427138524034,0.000100509976388942,0.50997638894219,0.0501440529509429,0.288105901885816,0.0337837837837838,PASS,analog_only
20,10,6,0.000113804055845975,0.0642682790482119,9.9963889673848e-05,0.0361103261519946,0.0515446807136566,3.08936142731313,0.0135135135135135,PASS,analog_only
20,10,7,0.00012408182734957,0.0429765006710692,0.000105651520813525,5.65152081352511,0.0502207618660482,0.441523732096472,0.0067567567567568,FAIL,analog_only
20,10,8,0.000109221135519827,0.0550890410739001,0.000103231482299028,3.2314822990279,0.0488092458300967,2.38150833980657,0.0067567567567568,FAIL,analog_only
20,10,9,9.07532159245363e-05,0.0583308726853989,0.000100805806268794,0.805806268793785,0.0504487627221797,0.897525444359482,0.0202702702702703,PASS,analog_only
20,10,10,0.000118918251960763,0.0444168359084308,0.000102287757532084,2.28775753208359,0.0511064599985181,2.21291999703617,0.027027027027027,PASS,analog_only
20,10,11,0.000114952717814671,0.0427727815351563,9.92236713593095e-05,0.776328640690516,0.0492578853497422,1.48422930051568,0.0135135135135135,PASS,analog_only
20,10,12,9.30212560941713e-05,0.044275057271068,9.98960627323699e-05,0.103937267630105,0.0507829926867305,1.565985373461,0.0067567567567568,PASS,analog_only
20,10,13,8.7307059377391e-05,0.0359092301263493,9.79300074711625e-05,2.06999252883754,0.0512949323216306,2.58986464326112,0.0067567567567568,PASS,analog_only
20,10,14,8.80471691486469e-05,0.0409479541504651,0.000101027384465697,1.02738446569737,0.0503950828321931,0.790165664386211,0.0202702702702703,PASS,analog_only
20,10,15,8.5058903044663e-05,0.0570813643653998,9.85455923015124e-05,1.4544076984876,0.0490962573506651,1.80748529866986,0.0135135135135135,PASS,analog_only
20,10,16,9.33912406334184e-05,0.0404946192074665,9.7917839574356e-05,2.08216042564398,0.0494880968296394,1.02380634072123,0.0135135135135135,PASS,analog_only
20,10,17,8.70289110660256e-05,0.0443611372259455,9.89779963481346e-05,1.02200365186538,0.047669400685847,4.661198628306,0.027027027027027,PASS,analog_only
20,10,18,0.000116096466337439,0.0430808899492752,0.000101121268063171,1.12126806317125,0.048454043034439,3.09191393112203,0.0405405405405406,PASS,analog_only
20,10,19,0.000115094803953423,0.0454814419799991,9.70183454201579e-05,2.98165457984213,0.0488586243893728,2.28275122125436,0.0135135135135135,PASS,analog_only
20,10,20,9.25312802333264e-05,0.0460852306990589,0.0001018419010216,1.84190102160029,0.0508593831208444,1.71876624168872,0.0067567567567568,PASS,analog_only
50,20,1,0.000112040506240798,0.0330478241089524,0.00010000123116034,0.00123116033987625,0.0418562611193214,16.2874777613572,0.0135135135135135,FAIL,analog_only
50,20,2,0.000109686083711694,0.0380237291645211,9.63199368979837e-05,3.68006310201628,0.0487376241326591,2.52475173468176,0.0135135135135135,FAIL,analog_only
50,20,3,8.3391656983771e-05,0.0257906630183269,9.65084086984463e-05,3.49159130155371,0.0492321511965003,1.53569760699942,0.0135135135135135,FAIL,analog_only
50,20,4,0.000123601040371291,0.0647694816641267,0.000101026776014486,1.02677601448637,0.0479861011932148,4.02779761357037,0.027027027027027,PASS,analog_only
50,20,5,9.09417342800542e-05,0.0667108701944793,0.000100569258355182,0.569258355182267,0.0502123084980598,0.424616996119531,0.0337837837837838,PASS,analog_only
50,20,6,0.000117876939297426,0.0707873584016085,9.99343000530153e-05,0.065699946984743,0.0553414217668521,10.6828435337042,0.0202702702702703,FAIL,analog_only
50,20,7,0.000135545058469192,0.0365334805069998,0.000114926339589536,14.9263395895359,0.0505573522903193,1.11470458063849,0.0067567567567568,FAIL,analog_only
50,20,8,0.00012043820721463,0.0400586798272079,0.000108169287804185,8.16928780418462,0.0458665175425888,8.26696491482247,0.0135135135135135,FAIL,analog_only
50,20,9,8.35427761927778e-05,0.0700349124254785,0.000101996933159974,1.99693315997385,0.0511845619742389,2.3691239484779,0.0202702702702703,PASS,analog_only
50,20,10,0.000118956238310447,0.0617906232944522,0.000105758623807051,5.7586238070509,0.052372189239977,4.74437847995393,0.027027027027027,FAIL,analog_only
50,20,11,0.000118800501655466,0.0343038601286898,9.81082884658384e-05,1.89171153416159,0.0480073802661325,3.98523946773507,0.0135135135135135,PASS,analog_only
50,20,12,8.85580790955165e-05,0.0620571987319813,9.97204421397057e-05,0.279557860294288,0.052272147286538,4.54429457307601,0.0067567567567568,PASS,analog_only
50,20,13,8.52180645837163e-05,0.0338121263989401,9.51192751926956e-05,4.88072480730442,0.0532549331893288,6.50986637865758,0.0067567567567568,FAIL,analog_only
50,20,14,8.38231866790282e-05,0.0370425567387612,0.000102405936012064,2.40593601206385,0.0525996348656791,5.19926973135814,0.0202702702702703,FAIL,analog_only
50,20,15,7.99178111646745e-05,0.06221822197898,9.65886072366628e-05,3.41139276333723,0.0478275775286427,4.34484494271465,0.0135135135135135,FAIL,analog_only
50,20,16,0.000109739288211403,0.0410519222120157,9.49740648205281e-05,5.02593517947193,0.0528574376192194,5.71487523843881,0.0067567567567568,FAIL,analog_only
50,20,17,0.000114936401693188,0.0418201571778274,9.75794577091245e-05,2.42054229087554,0.0445428842961966,10.9142314076069,0.027027027027027,FAIL,analog_only
50,20,18,0.000115971237670345,0.0424092182356662,0.000102753321143756,2.7533211437555,0.0464272801966303,7.14543960673948,0.0405405405405406,FAIL,analog_only
50,20,19,0.000114895755515688,0.040253868777369,9.30846145914593e-05,6.91538540854069,0.0468121126959099,6.37577460818028,0.0135135135135135,FAIL,analog_only
50,20,20,0.00010844141045452,0.0411605231013644,0.000104609150832107,4.60915083210716,0.051923858105047,3.84771621009408,0.0067567567567568,FAIL,analog_only
50,0.1,1,0.000111537964819982,0.0331008520100448,0.000100058840469167,0.0588404691672206,0.0419580516217707,16.0838967564586,0.0135135135135135,FAIL,analog_only
50,0.1,2,0.0001097638507784,0.0380573835607572,9.61977608685795e-05,3.8022391314205,0.0488332118771663,2.33357624566742,0.0135135135135135,FAIL,analog_only
50,0.1,3,8.34112295593756e-05,0.0254774978493086,9.64307027499092e-05,3.56929725009076,0.0492181459909345,1.56370801813105,0.0135135135135135,FAIL,analog_only
50,0.1,4,0.000123116566497307,0.0646479354354996,0.000100949251157652,0.949251157652142,0.0480434707275102,3.9130585449797,0.027027027027027,PASS,analog_only
50,0.1,5,9.09798044141171e-05,0.0665489562141705,0.00010042180112826,0.421801128260002,0.0502682271039522,0.536454207904313,0.0337837837837838,PASS,analog_only
50,0.1,6,0.000117834627219513,0.0705197283345024,0.000100005519492732,0.00551949273186469,0.0545391553428195,9.07831068563894,0.0135135135135135,FAIL,analog_only
50,0.1,7,0.000135478524053184,0.0365303235322373,0.000114997940776452,14.997940776452,0.0505789340967867,1.15786819357331,0.0067567567567568,FAIL,analog_only
50,0.1,8,0.000120100707144925,0.0402686224426806,0.000108074869983353,8.07486998335287,0.0460406273149129,7.91874537017416,0.0135135135135135,FAIL,analog_only
50,0.1,9,8.34142272311891e-05,0.0701906476500029,0.000102116431554925,2.11643155492509,0.0511902840295209,2.38056805904188,0.0202702702702703,PASS,analog_only
50,0.1,10,0.000119272958161699,0.0616771863881029,0.000105829335153604,5.82933515360375,0.0525518416136012,5.10368322720232,0.027027027027027,FAIL,analog_only
50,0.1,11,0.000118841555792593,0.0341805624794279,9.80178318920214e-05,1.98216810797862,0.0478722878628496,4.2554242743008,0.0135135135135135,PASS,analog_only
50,0.1,12,8.84969884685818e-05,0.0616969123062883,9.95553451415279e-05,0.444654858472138,0.0522442178603868,4.48843572077358,0.0067567567567568,PASS,analog_only
50,0.1,13,8.52826399537921e-05,0.0342163582136296,9.51051608997838e-05,4.89483910021624,0.0532765159194005,6.553031838801,0.0067567567567568,FAIL,analog_only
50,0.1,14,8.3995880663108e-05,0.0373757207893476,0.000102370947951957,2.37094795195714,0.052654594773087,5.30918954617401,0.0202702702702703,FAIL,analog_only
50,0.1,15,7.95585269304596e-05,0.0618502975804504,9.6653635418969e-05,3.34636458103099,0.0477128118089164,4.57437638216713,0.0135135135135135,FAIL,analog_only
50,0.1,16,0.00010935755961497,0.0410548706370751,9.49245498681724e-05,5.0754501318276,0.0529740223018877,5.94804460377538,0.0067567567567568,FAIL,analog_only
50,0.1,17,0.000115448035358043,0.0417095950273,9.76361612722806e-05,2.36383872771939,0.0446159342474449,10.7681315051103,0.027027027027027,FAIL,analog_only
50,0.1,18,0.000115654413992403,0.0423652984437593,0.000102742235941321,2.74223594132073,0.0463942442533991,7.21151149320186,0.0405405405405406,FAIL,analog_only
50,0.1,19,0.00011466974734452,0.0403232343491581,9.30836695883433e-05,6.91633041165672,0.0468871476919153,6.22570461616935,0.0135135135135135,FAIL,analog_only
50,0.1,20,0.000108961485168874,0.0410891371228795,0.000104707292566972,4.70729256697175,0.0517597824077748,3.51956481554965,0.0067567567567568,FAIL,analog_only
0.5,20,1,0.00010130506903177,0.0505370308591765,9.99250095975316e-05,0.0749904024684556,0.0498074001728407,0.385199654318646,0,PASS,analog_only
0.5,20,2,0.000100430481164802,0.0494479700751506,0.000100104621585785,0.104621585784992,0.0499226586382907,0.154682723418531,0,PASS,analog_only
0.5,20,3,9.94705237203709e-05,0.04944960715241,0.000100068752953186,0.068752953185891,0.0497821390039267,0.435721992146632,0,PASS,analog_only
0.5,20,4,0.00010121098217571,0.0506181979817791,0.000100088607135041,0.0886071350407747,0.0498037626615708,0.392474676858379,0,PASS,analog_only
0.5,20,5,9.93415304721826e-05,0.050603995811195,0.000100138244830945,0.1382448309446,0.0499494994561596,0.101001087680896,0,PASS,analog_only
0.5,20,6,0.00010047171678495,0.0495794431002446,9.99243412128845e-05,0.0756587871155179,0.0498367601700015,0.326479659997103,0,PASS,analog_only
0.5,20,7,0.000101681841792487,0.0494882845839044,0.000100057934246283,0.0579342462830201,0.050026418865156,0.0528377303119276,0,PASS,analog_only
0.5,20,8,0.00010224067913687,0.0509276972785266,0.000100184881076364,0.184881076363852,0.0497042828607385,0.591434278522973,0,PASS,analog_only
0.5,20,9,9.89030629218839e-05,0.0489007248084675,9.99109809556435e-05,0.0890190443565086,0.0498819359881999,0.236128023600124,0,PASS,analog_only
0.5,20,10,9.93835795725206e-05,0.0494907057455038,9.99750177102564e-05,0.0249822897436025,0.0498631529766976,0.273694046604789,0,PASS,analog_only
0.5,20,11,9.9257853445303e-05,0.0496876833596205,0.000100087736067711,0.0877360677105532,0.0500921591553442,0.184318310688458,0,PASS,analog_only
0.5,20,12,9.95324885237636e-05,0.0503691339483586,0.000100150780424522,0.150780424522146,0.0499424128349339,0.115174330132251,0,PASS,analog_only
0.5,20,13,9.83614173196003e-05,0.0486457429185031,9.99292376944508e-05,0.0707623055491768,0.0498715804525834,0.256839094833206,0,PASS,analog_only
0.5,20,14,9.87589027841232e-05,0.0494438689564084,0.000100048254573053,0.0482545730531747,0.0498242841776332,0.351431644733691,0,PASS,analog_only
0.5,20,15,0.000101353584640926,0.0507609892181639,9.98420938930391e-05,0.157906106960914,0.0499199310592405,0.160137881518974,0,PASS,analog_only
0.5,20,16,0.000101003525154893,0.0494882120595275,9.99771501960617e-05,0.0228498039383185,0.0498439572551188,0.312085489762481,0,PASS,analog_only
0.5,20,17,0.000101929659663837,0.0508284270506803,9.99304224192327e-05,0.069577580767255,0.0498346641944946,0.330671611010713,0,PASS,analog_only
0.5,20,18,9.81329508375294e-05,0.0494124185443175,0.000100020238619767,0.0202386197670323,0.0500573179270094,0.114635854018852,0,PASS,analog_only
0.5,20,19,0.000101198612788887,0.0506259665315466,9.98928167327301e-05,0.10718326726995,0.0500087075660068,0.0174151320136318,0,PASS,analog_only
0.5,20,20,9.86042660200358e-05,0.0494831401763255,9.99465922757326e-05,0.0534077242674402,0.0500770036013956,0.154007202791262,0,PASS,analog_only
