fs_adc_Hz,adc_interval_s,guard_us,window_us,points_required_per_side,points_available_per_side,minimum_topology_margin_us,sampling_geometry_feasible,modelB_worst_extrapolation_bias_percent,modelB_median_kR,residual_50ns_inside_guard,selected,locked_guard_us,locked_window_us,locked_points_per_side,trigger_mode
1000000,1e-06,0.2,1.5,3,2,5.3,0,NaN,NaN,1,0,0.2,2,3,designed_PWM_SOC_burst
1000000,1e-06,0.2,1.5,4,2,5.3,0,NaN,NaN,1,0,0.2,2,3,designed_PWM_SOC_burst
1000000,1e-06,0.2,1.5,5,2,5.3,0,NaN,NaN,1,0,0.2,2,3,designed_PWM_SOC_burst
1000000,1e-06,0.2,1.5,6,2,5.3,0,NaN,NaN,1,0,0.2,2,3,designed_PWM_SOC_burst
1000000,1e-06,0.2,1.5,8,2,5.3,0,NaN,NaN,1,0,0.2,2,3,designed_PWM_SOC_burst
1000000,1e-06,0.2,2,3,3,4.8,1,1.15065016976982,1.00022036148803,1,1,0.2,2,3,designed_PWM_SOC_burst
1000000,1e-06,0.2,2,4,3,4.8,0,NaN,NaN,1,0,0.2,2,3,designed_PWM_SOC_burst
1000000,1e-06,0.2,2,5,3,4.8,0,NaN,NaN,1,0,0.2,2,3,designed_PWM_SOC_burst
1000000,1e-06,0.2,2,6,3,4.8,0,NaN,NaN,1,0,0.2,2,3,designed_PWM_SOC_burst
1000000,1e-06,0.2,2,8,3,4.8,0,NaN,NaN,1,0,0.2,2,3,designed_PWM_SOC_burst
1000000,1e-06,0.2,2.5,3,3,4.3,1,1.15065016976982,1.00022036148803,1,0,0.2,2,3,designed_PWM_SOC_burst
1000000,1e-06,0.2,2.5,4,3,4.3,0,NaN,NaN,1,0,0.2,2,3,designed_PWM_SOC_burst
1000000,1e-06,0.2,2.5,5,3,4.3,0,NaN,NaN,1,0,0.2,2,3,designed_PWM_SOC_burst
1000000,1e-06,0.2,2.5,6,3,4.3,0,NaN,NaN,1,0,0.2,2,3,designed_PWM_SOC_burst
1000000,1e-06,0.2,2.5,8,3,4.3,0,NaN,NaN,1,0,0.2,2,3,designed_PWM_SOC_burst
1000000,1e-06,0.2,3,3,4,3.8,1,1.40494187445643,1.00044671868738,1,0,0.2,2,3,designed_PWM_SOC_burst
1000000,1e-06,0.2,3,4,4,3.8,1,1.40494187445643,1.00044671868738,1,0,0.2,2,3,designed_PWM_SOC_burst
1000000,1e-06,0.2,3,5,4,3.8,0,NaN,NaN,1,0,0.2,2,3,designed_PWM_SOC_burst
1000000,1e-06,0.2,3,6,4,3.8,0,NaN,NaN,1,0,0.2,2,3,designed_PWM_SOC_burst
1000000,1e-06,0.2,3,8,4,3.8,0,NaN,NaN,1,0,0.2,2,3,designed_PWM_SOC_burst
1000000,1e-06,0.2,4,3,5,2.8,1,2.10737361413071,1.00076043522552,1,0,0.2,2,3,designed_PWM_SOC_burst
1000000,1e-06,0.2,4,4,5,2.8,1,2.10737361413071,1.00076043522552,1,0,0.2,2,3,designed_PWM_SOC_burst
1000000,1e-06,0.2,4,5,5,2.8,1,2.10737361413071,1.00076043522552,1,0,0.2,2,3,designed_PWM_SOC_burst
1000000,1e-06,0.2,4,6,5,2.8,0,NaN,NaN,1,0,0.2,2,3,designed_PWM_SOC_burst
1000000,1e-06,0.2,4,8,5,2.8,0,NaN,NaN,1,0,0.2,2,3,designed_PWM_SOC_burst
1000000,1e-06,0.2,5,3,6,1.8,1,3.00424121146347,1.00116167455835,1,0,0.2,2,3,designed_PWM_SOC_burst
1000000,1e-06,0.2,5,4,6,1.8,1,3.00424121146347,1.00116167455835,1,0,0.2,2,3,designed_PWM_SOC_burst
1000000,1e-06,0.2,5,5,6,1.8,1,3.00424121146347,1.00116167455835,1,0,0.2,2,3,designed_PWM_SOC_burst
1000000,1e-06,0.2,5,6,6,1.8,1,3.00424121146347,1.00116167455835,1,0,0.2,2,3,designed_PWM_SOC_burst
1000000,1e-06,0.2,5,8,6,1.8,0,NaN,NaN,1,0,0.2,2,3,designed_PWM_SOC_burst
1000000,1e-06,0.5,1.5,3,2,5,0,NaN,NaN,1,0,0.2,2,3,designed_PWM_SOC_burst
1000000,1e-06,0.5,1.5,4,2,5,0,NaN,NaN,1,0,0.2,2,3,designed_PWM_SOC_burst
1000000,1e-06,0.5,1.5,5,2,5,0,NaN,NaN,1,0,0.2,2,3,designed_PWM_SOC_burst
1000000,1e-06,0.5,1.5,6,2,5,0,NaN,NaN,1,0,0.2,2,3,designed_PWM_SOC_burst
1000000,1e-06,0.5,1.5,8,2,5,0,NaN,NaN,1,0,0.2,2,3,designed_PWM_SOC_burst
1000000,1e-06,0.5,2,3,3,4.5,1,1.37207602145997,1.00043172594621,1,0,0.2,2,3,designed_PWM_SOC_burst
1000000,1e-06,0.5,2,4,3,4.5,0,NaN,NaN,1,0,0.2,2,3,designed_PWM_SOC_burst
1000000,1e-06,0.5,2,5,3,4.5,0,NaN,NaN,1,0,0.2,2,3,designed_PWM_SOC_burst
1000000,1e-06,0.5,2,6,3,4.5,0,NaN,NaN,1,0,0.2,2,3,designed_PWM_SOC_burst
1000000,1e-06,0.5,2,8,3,4.5,0,NaN,NaN,1,0,0.2,2,3,designed_PWM_SOC_burst
1000000,1e-06,0.5,2.5,3,3,4,1,1.37207602145997,1.00043172594621,1,0,0.2,2,3,designed_PWM_SOC_burst
1000000,1e-06,0.5,2.5,4,3,4,0,NaN,NaN,1,0,0.2,2,3,designed_PWM_SOC_burst
1000000,1e-06,0.5,2.5,5,3,4,0,NaN,NaN,1,0,0.2,2,3,designed_PWM_SOC_burst
1000000,1e-06,0.5,2.5,6,3,4,0,NaN,NaN,1,0,0.2,2,3,designed_PWM_SOC_burst
1000000,1e-06,0.5,2.5,8,3,4,0,NaN,NaN,1,0,0.2,2,3,designed_PWM_SOC_burst
1000000,1e-06,0.5,3,3,4,3.5,1,2.05525435332305,1.00073658346325,1,0,0.2,2,3,designed_PWM_SOC_burst
1000000,1e-06,0.5,3,4,4,3.5,1,2.05525435332305,1.00073658346325,1,0,0.2,2,3,designed_PWM_SOC_burst
1000000,1e-06,0.5,3,5,4,3.5,0,NaN,NaN,1,0,0.2,2,3,designed_PWM_SOC_burst
1000000,1e-06,0.5,3,6,4,3.5,0,NaN,NaN,1,0,0.2,2,3,designed_PWM_SOC_burst
1000000,1e-06,0.5,3,8,4,3.5,0,NaN,NaN,1,0,0.2,2,3,designed_PWM_SOC_burst
1000000,1e-06,0.5,4,3,5,2.5,1,2.93296355973279,1.00112891558626,1,0,0.2,2,3,designed_PWM_SOC_burst
1000000,1e-06,0.5,4,4,5,2.5,1,2.93296355973279,1.00112891558626,1,0,0.2,2,3,designed_PWM_SOC_burst
1000000,1e-06,0.5,4,5,5,2.5,1,2.93296355973279,1.00112891558626,1,0,0.2,2,3,designed_PWM_SOC_burst
1000000,1e-06,0.5,4,6,5,2.5,0,NaN,NaN,1,0,0.2,2,3,designed_PWM_SOC_burst
1000000,1e-06,0.5,4,8,5,2.5,0,NaN,NaN,1,0,0.2,2,3,designed_PWM_SOC_burst
1000000,1e-06,0.5,5,3,6,1.5,1,4.00489508119835,1.00160888475839,1,0,0.2,2,3,designed_PWM_SOC_burst
1000000,1e-06,0.5,5,4,6,1.5,1,4.00489508119835,1.00160888475839,1,0,0.2,2,3,designed_PWM_SOC_burst
1000000,1e-06,0.5,5,5,6,1.5,1,4.00489508119835,1.00160888475839,1,0,0.2,2,3,designed_PWM_SOC_burst
1000000,1e-06,0.5,5,6,6,1.5,1,4.00489508119835,1.00160888475839,1,0,0.2,2,3,designed_PWM_SOC_burst
1000000,1e-06,0.5,5,8,6,1.5,0,NaN,NaN,1,0,0.2,2,3,designed_PWM_SOC_burst
1000000,1e-06,0.8,1.5,3,2,4.7,0,NaN,NaN,1,0,0.2,2,3,designed_PWM_SOC_burst
1000000,1e-06,0.8,1.5,4,2,4.7,0,NaN,NaN,1,0,0.2,2,3,designed_PWM_SOC_burst
1000000,1e-06,0.8,1.5,5,2,4.7,0,NaN,NaN,1,0,0.2,2,3,designed_PWM_SOC_burst
1000000,1e-06,0.8,1.5,6,2,4.7,0,NaN,NaN,1,0,0.2,2,3,designed_PWM_SOC_burst
1000000,1e-06,0.8,1.5,8,2,4.7,0,NaN,NaN,1,0,0.2,2,3,designed_PWM_SOC_burst
1000000,1e-06,0.8,2,3,3,4.2,1,1.95219220254404,1.00069019367719,1,0,0.2,2,3,designed_PWM_SOC_burst
1000000,1e-06,0.8,2,4,3,4.2,0,NaN,NaN,1,0,0.2,2,3,designed_PWM_SOC_burst
1000000,1e-06,0.8,2,5,3,4.2,0,NaN,NaN,1,0,0.2,2,3,designed_PWM_SOC_burst
1000000,1e-06,0.8,2,6,3,4.2,0,NaN,NaN,1,0,0.2,2,3,designed_PWM_SOC_burst
1000000,1e-06,0.8,2,8,3,4.2,0,NaN,NaN,1,0,0.2,2,3,designed_PWM_SOC_burst
1000000,1e-06,0.8,2.5,3,3,3.7,1,1.95219220254404,1.00069019367719,1,0,0.2,2,3,designed_PWM_SOC_burst
1000000,1e-06,0.8,2.5,4,3,3.7,0,NaN,NaN,1,0,0.2,2,3,designed_PWM_SOC_burst
1000000,1e-06,0.8,2.5,5,3,3.7,0,NaN,NaN,1,0,0.2,2,3,designed_PWM_SOC_burst
1000000,1e-06,0.8,2.5,6,3,3.7,0,NaN,NaN,1,0,0.2,2,3,designed_PWM_SOC_burst
1000000,1e-06,0.8,2.5,8,3,3.7,0,NaN,NaN,1,0,0.2,2,3,designed_PWM_SOC_burst
1000000,1e-06,0.8,3,3,4,3.2,1,2.81072434498103,1.00107362599095,1,0,0.2,2,3,designed_PWM_SOC_burst
1000000,1e-06,0.8,3,4,4,3.2,1,2.81072434498103,1.00107362599095,1,0,0.2,2,3,designed_PWM_SOC_burst
1000000,1e-06,0.8,3,5,4,3.2,0,NaN,NaN,1,0,0.2,2,3,designed_PWM_SOC_burst
1000000,1e-06,0.8,3,6,4,3.2,0,NaN,NaN,1,0,0.2,2,3,designed_PWM_SOC_burst
1000000,1e-06,0.8,3,8,4,3.2,0,NaN,NaN,1,0,0.2,2,3,designed_PWM_SOC_burst
1000000,1e-06,0.8,4,3,5,2.2,1,3.86357575314082,1.00154464759572,1,0,0.2,2,3,designed_PWM_SOC_burst
1000000,1e-06,0.8,4,4,5,2.2,1,3.86357575314082,1.00154464759572,1,0,0.2,2,3,designed_PWM_SOC_burst
1000000,1e-06,0.8,4,5,5,2.2,1,3.86357575314082,1.00154464759572,1,0,0.2,2,3,designed_PWM_SOC_burst
1000000,1e-06,0.8,4,6,5,2.2,0,NaN,NaN,1,0,0.2,2,3,designed_PWM_SOC_burst
1000000,1e-06,0.8,4,8,5,2.2,0,NaN,NaN,1,0,0.2,2,3,designed_PWM_SOC_burst
1000000,1e-06,0.8,5,3,6,1.2,1,5.16000723575998,1.00133324348136,1,0,0.2,2,3,designed_PWM_SOC_burst
1000000,1e-06,0.8,5,4,6,1.2,1,5.16000723575998,1.00133324348136,1,0,0.2,2,3,designed_PWM_SOC_burst
1000000,1e-06,0.8,5,5,6,1.2,1,5.16000723575998,1.00133324348136,1,0,0.2,2,3,designed_PWM_SOC_burst
1000000,1e-06,0.8,5,6,6,1.2,1,5.16000723575998,1.00133324348136,1,0,0.2,2,3,designed_PWM_SOC_burst
1000000,1e-06,0.8,5,8,6,1.2,0,NaN,NaN,1,0,0.2,2,3,designed_PWM_SOC_burst
1000000,1e-06,1,1.5,3,2,4.5,0,NaN,NaN,1,0,0.2,2,3,designed_PWM_SOC_burst
1000000,1e-06,1,1.5,4,2,4.5,0,NaN,NaN,1,0,0.2,2,3,designed_PWM_SOC_burst
1000000,1e-06,1,1.5,5,2,4.5,0,NaN,NaN,1,0,0.2,2,3,designed_PWM_SOC_burst
1000000,1e-06,1,1.5,6,2,4.5,0,NaN,NaN,1,0,0.2,2,3,designed_PWM_SOC_burst
1000000,1e-06,1,1.5,8,2,4.5,0,NaN,NaN,1,0,0.2,2,3,designed_PWM_SOC_burst
1000000,1e-06,1,2,3,3,4,1,2.39739180150479,1.00088869610575,1,0,0.2,2,3,designed_PWM_SOC_burst
1000000,1e-06,1,2,4,3,4,0,NaN,NaN,1,0,0.2,2,3,designed_PWM_SOC_burst
1000000,1e-06,1,2,5,3,4,0,NaN,NaN,1,0,0.2,2,3,designed_PWM_SOC_burst
1000000,1e-06,1,2,6,3,4,0,NaN,NaN,1,0,0.2,2,3,designed_PWM_SOC_burst
1000000,1e-06,1,2,8,3,4,0,NaN,NaN,1,0,0.2,2,3,designed_PWM_SOC_burst
1000000,1e-06,1,2.5,3,3,3.5,1,2.39739180150479,1.00088869610575,1,0,0.2,2,3,designed_PWM_SOC_burst
1000000,1e-06,1,2.5,4,3,3.5,0,NaN,NaN,1,0,0.2,2,3,designed_PWM_SOC_burst
1000000,1e-06,1,2.5,5,3,3.5,0,NaN,NaN,1,0,0.2,2,3,designed_PWM_SOC_burst
1000000,1e-06,1,2.5,6,3,3.5,0,NaN,NaN,1,0,0.2,2,3,designed_PWM_SOC_burst
1000000,1e-06,1,2.5,8,3,3.5,0,NaN,NaN,1,0,0.2,2,3,designed_PWM_SOC_burst
1000000,1e-06,1,3,3,4,3,1,3.37275203281624,1.00132455282591,1,0,0.2,2,3,designed_PWM_SOC_burst
1000000,1e-06,1,3,4,4,3,1,3.37275203281624,1.00132455282591,1,0,0.2,2,3,designed_PWM_SOC_burst
1000000,1e-06,1,3,5,4,3,0,NaN,NaN,1,0,0.2,2,3,designed_PWM_SOC_burst
1000000,1e-06,1,3,6,4,3,0,NaN,NaN,1,0,0.2,2,3,designed_PWM_SOC_burst
1000000,1e-06,1,3,8,4,3,0,NaN,NaN,1,0,0.2,2,3,designed_PWM_SOC_burst
1000000,1e-06,1,4,3,5,2,1,4.54850760249167,1.00184807497039,1,0,0.2,2,3,designed_PWM_SOC_burst
1000000,1e-06,1,4,4,5,2,1,4.54850760249167,1.00184807497039,1,0,0.2,2,3,designed_PWM_SOC_burst
1000000,1e-06,1,4,5,5,2,1,4.54850760249167,1.00184807497039,1,0,0.2,2,3,designed_PWM_SOC_burst
1000000,1e-06,1,4,6,5,2,0,NaN,NaN,1,0,0.2,2,3,designed_PWM_SOC_burst
1000000,1e-06,1,4,8,5,2,0,NaN,NaN,1,0,0.2,2,3,designed_PWM_SOC_burst
1000000,1e-06,1,5,3,6,1,1,6.01594017909161,0.999182612616721,1,0,0.2,2,3,designed_PWM_SOC_burst
1000000,1e-06,1,5,4,6,1,1,6.01594017909161,0.999182612616721,1,0,0.2,2,3,designed_PWM_SOC_burst
1000000,1e-06,1,5,5,6,1,1,6.01594017909161,0.999182612616721,1,0,0.2,2,3,designed_PWM_SOC_burst
1000000,1e-06,1,5,6,6,1,1,6.01594017909161,0.999182612616721,1,0,0.2,2,3,designed_PWM_SOC_burst
1000000,1e-06,1,5,8,6,1,0,NaN,NaN,1,0,0.2,2,3,designed_PWM_SOC_burst
1100000,9.09090909090909e-07,0.2,1.5,3,2,5.3,0,NaN,NaN,1,0,0.2,2,3,designed_PWM_SOC_burst
1100000,9.09090909090909e-07,0.2,1.5,4,2,5.3,0,NaN,NaN,1,0,0.2,2,3,designed_PWM_SOC_burst
1100000,9.09090909090909e-07,0.2,1.5,5,2,5.3,0,NaN,NaN,1,0,0.2,2,3,designed_PWM_SOC_burst
1100000,9.09090909090909e-07,0.2,1.5,6,2,5.3,0,NaN,NaN,1,0,0.2,2,3,designed_PWM_SOC_burst
1100000,9.09090909090909e-07,0.2,1.5,8,2,5.3,0,NaN,NaN,1,0,0.2,2,3,designed_PWM_SOC_burst
1100000,9.09090909090909e-07,0.2,2,3,3,4.8,1,1.15878154708709,1.00019577275256,1,1,0.2,2,3,designed_PWM_SOC_burst
1100000,9.09090909090909e-07,0.2,2,4,3,4.8,0,NaN,NaN,1,0,0.2,2,3,designed_PWM_SOC_burst
1100000,9.09090909090909e-07,0.2,2,5,3,4.8,0,NaN,NaN,1,0,0.2,2,3,designed_PWM_SOC_burst
1100000,9.09090909090909e-07,0.2,2,6,3,4.8,0,NaN,NaN,1,0,0.2,2,3,designed_PWM_SOC_burst
1100000,9.09090909090909e-07,0.2,2,8,3,4.8,0,NaN,NaN,1,0,0.2,2,3,designed_PWM_SOC_burst
1100000,9.09090909090909e-07,0.2,2.5,3,3,4.3,1,1.15878154708709,1.00019577275256,1,0,0.2,2,3,designed_PWM_SOC_burst
1100000,9.09090909090909e-07,0.2,2.5,4,3,4.3,0,NaN,NaN,1,0,0.2,2,3,designed_PWM_SOC_burst
1100000,9.09090909090909e-07,0.2,2.5,5,3,4.3,0,NaN,NaN,1,0,0.2,2,3,designed_PWM_SOC_burst
1100000,9.09090909090909e-07,0.2,2.5,6,3,4.3,0,NaN,NaN,1,0,0.2,2,3,designed_PWM_SOC_burst
1100000,9.09090909090909e-07,0.2,2.5,8,3,4.3,0,NaN,NaN,1,0,0.2,2,3,designed_PWM_SOC_burst
1100000,9.09090909090909e-07,0.2,3,3,4,3.8,1,1.27136114090405,1.00038709837105,1,0,0.2,2,3,designed_PWM_SOC_burst
1100000,9.09090909090909e-07,0.2,3,4,4,3.8,1,1.27136114090405,1.00038709837105,1,0,0.2,2,3,designed_PWM_SOC_burst
1100000,9.09090909090909e-07,0.2,3,5,4,3.8,0,NaN,NaN,1,0,0.2,2,3,designed_PWM_SOC_burst
1100000,9.09090909090909e-07,0.2,3,6,4,3.8,0,NaN,NaN,1,0,0.2,2,3,designed_PWM_SOC_burst
1100000,9.09090909090909e-07,0.2,3,8,4,3.8,0,NaN,NaN,1,0,0.2,2,3,designed_PWM_SOC_burst
1100000,9.09090909090909e-07,0.2,4,3,5,2.8,1,1.86164783736614,1.00065057959557,1,0,0.2,2,3,designed_PWM_SOC_burst
1100000,9.09090909090909e-07,0.2,4,4,5,2.8,1,1.86164783736614,1.00065057959557,1,0,0.2,2,3,designed_PWM_SOC_burst
1100000,9.09090909090909e-07,0.2,4,5,5,2.8,1,1.86164783736614,1.00065057959557,1,0,0.2,2,3,designed_PWM_SOC_burst
1100000,9.09090909090909e-07,0.2,4,6,5,2.8,0,NaN,NaN,1,0,0.2,2,3,designed_PWM_SOC_burst
1100000,9.09090909090909e-07,0.2,4,8,5,2.8,0,NaN,NaN,1,0,0.2,2,3,designed_PWM_SOC_burst
1100000,9.09090909090909e-07,0.2,5,3,6,1.8,1,2.61269797517101,1.00098633960028,1,0,0.2,2,3,designed_PWM_SOC_burst
1100000,9.09090909090909e-07,0.2,5,4,6,1.8,1,2.61269797517101,1.00098633960028,1,0,0.2,2,3,designed_PWM_SOC_burst
1100000,9.09090909090909e-07,0.2,5,5,6,1.8,1,2.61269797517101,1.00098633960028,1,0,0.2,2,3,designed_PWM_SOC_burst
1100000,9.09090909090909e-07,0.2,5,6,6,1.8,1,2.61269797517101,1.00098633960028,1,0,0.2,2,3,designed_PWM_SOC_burst
1100000,9.09090909090909e-07,0.2,5,8,6,1.8,0,NaN,NaN,1,0,0.2,2,3,designed_PWM_SOC_burst
1100000,9.09090909090909e-07,0.5,1.5,3,2,5,0,NaN,NaN,1,0,0.2,2,3,designed_PWM_SOC_burst
1100000,9.09090909090909e-07,0.5,1.5,4,2,5,0,NaN,NaN,1,0,0.2,2,3,designed_PWM_SOC_burst
1100000,9.09090909090909e-07,0.5,1.5,5,2,5,0,NaN,NaN,1,0,0.2,2,3,designed_PWM_SOC_burst
1100000,9.09090909090909e-07,0.5,1.5,6,2,5,0,NaN,NaN,1,0,0.2,2,3,designed_PWM_SOC_burst
1100000,9.09090909090909e-07,0.5,1.5,8,2,5,0,NaN,NaN,1,0,0.2,2,3,designed_PWM_SOC_burst
1100000,9.09090909090909e-07,0.5,2,3,3,4.5,1,1.28501280259667,1.00039290469772,1,0,0.2,2,3,designed_PWM_SOC_burst
1100000,9.09090909090909e-07,0.5,2,4,3,4.5,0,NaN,NaN,1,0,0.2,2,3,designed_PWM_SOC_burst
1100000,9.09090909090909e-07,0.5,2,5,3,4.5,0,NaN,NaN,1,0,0.2,2,3,designed_PWM_SOC_burst
1100000,9.09090909090909e-07,0.5,2,6,3,4.5,0,NaN,NaN,1,0,0.2,2,3,designed_PWM_SOC_burst
1100000,9.09090909090909e-07,0.5,2,8,3,4.5,0,NaN,NaN,1,0,0.2,2,3,designed_PWM_SOC_burst
1100000,9.09090909090909e-07,0.5,2.5,3,3,4,1,1.28501280259667,1.00039290469772,1,0,0.2,2,3,designed_PWM_SOC_burst
1100000,9.09090909090909e-07,0.5,2.5,4,3,4,0,NaN,NaN,1,0,0.2,2,3,designed_PWM_SOC_burst
1100000,9.09090909090909e-07,0.5,2.5,5,3,4,0,NaN,NaN,1,0,0.2,2,3,designed_PWM_SOC_burst
1100000,9.09090909090909e-07,0.5,2.5,6,3,4,0,NaN,NaN,1,0,0.2,2,3,designed_PWM_SOC_burst
1100000,9.09090909090909e-07,0.5,2.5,8,3,4,0,NaN,NaN,1,0,0.2,2,3,designed_PWM_SOC_burst
1100000,9.09090909090909e-07,0.5,3,3,4,3.5,1,1.87386815704596,1.00065556389159,1,0,0.2,2,3,designed_PWM_SOC_burst
1100000,9.09090909090909e-07,0.5,3,4,4,3.5,1,1.87386815704596,1.00065556389159,1,0,0.2,2,3,designed_PWM_SOC_burst
1100000,9.09090909090909e-07,0.5,3,5,4,3.5,0,NaN,NaN,1,0,0.2,2,3,designed_PWM_SOC_burst
1100000,9.09090909090909e-07,0.5,3,6,4,3.5,0,NaN,NaN,1,0,0.2,2,3,designed_PWM_SOC_burst
1100000,9.09090909090909e-07,0.5,3,8,4,3.5,0,NaN,NaN,1,0,0.2,2,3,designed_PWM_SOC_burst
1100000,9.09090909090909e-07,0.5,4,3,5,2.5,1,2.62354183622948,1.00099047416339,1,0,0.2,2,3,designed_PWM_SOC_burst
1100000,9.09090909090909e-07,0.5,4,4,5,2.5,1,2.62354183622948,1.00099047416339,1,0,0.2,2,3,designed_PWM_SOC_burst
1100000,9.09090909090909e-07,0.5,4,5,5,2.5,1,2.62354183622948,1.00099047416339,1,0,0.2,2,3,designed_PWM_SOC_burst
1100000,9.09090909090909e-07,0.5,4,6,5,2.5,0,NaN,NaN,1,0,0.2,2,3,designed_PWM_SOC_burst
1100000,9.09090909090909e-07,0.5,4,8,5,2.5,0,NaN,NaN,1,0,0.2,2,3,designed_PWM_SOC_burst
1100000,9.09090909090909e-07,0.5,5,3,6,1.5,1,3.53380389699065,1.00139775792647,1,0,0.2,2,3,designed_PWM_SOC_burst
1100000,9.09090909090909e-07,0.5,5,4,6,1.5,1,3.53380389699065,1.00139775792647,1,0,0.2,2,3,designed_PWM_SOC_burst
1100000,9.09090909090909e-07,0.5,5,5,6,1.5,1,3.53380389699065,1.00139775792647,1,0,0.2,2,3,designed_PWM_SOC_burst
1100000,9.09090909090909e-07,0.5,5,6,6,1.5,1,3.53380389699065,1.00139775792647,1,0,0.2,2,3,designed_PWM_SOC_burst
1100000,9.09090909090909e-07,0.5,5,8,6,1.5,0,NaN,NaN,1,0,0.2,2,3,designed_PWM_SOC_burst
1100000,9.09090909090909e-07,0.8,1.5,3,2,4.7,0,NaN,NaN,1,0,0.2,2,3,designed_PWM_SOC_burst
1100000,9.09090909090909e-07,0.8,1.5,4,2,4.7,0,NaN,NaN,1,0,0.2,2,3,designed_PWM_SOC_burst
1100000,9.09090909090909e-07,0.8,1.5,5,2,4.7,0,NaN,NaN,1,0,0.2,2,3,designed_PWM_SOC_burst
1100000,9.09090909090909e-07,0.8,1.5,6,2,4.7,0,NaN,NaN,1,0,0.2,2,3,designed_PWM_SOC_burst
1100000,9.09090909090909e-07,0.8,1.5,8,2,4.7,0,NaN,NaN,1,0,0.2,2,3,designed_PWM_SOC_burst
1100000,9.09090909090909e-07,0.8,2,3,3,4.2,1,1.83327511908283,1.00063712632844,1,0,0.2,2,3,designed_PWM_SOC_burst
1100000,9.09090909090909e-07,0.8,2,4,3,4.2,0,NaN,NaN,1,0,0.2,2,3,designed_PWM_SOC_burst
1100000,9.09090909090909e-07,0.8,2,5,3,4.2,0,NaN,NaN,1,0,0.2,2,3,designed_PWM_SOC_burst
1100000,9.09090909090909e-07,0.8,2,6,3,4.2,0,NaN,NaN,1,0,0.2,2,3,designed_PWM_SOC_burst
1100000,9.09090909090909e-07,0.8,2,8,3,4.2,0,NaN,NaN,1,0,0.2,2,3,designed_PWM_SOC_burst
1100000,9.09090909090909e-07,0.8,2.5,3,3,3.7,1,1.83327511908283,1.00063712632844,1,0,0.2,2,3,designed_PWM_SOC_burst
1100000,9.09090909090909e-07,0.8,2.5,4,3,3.7,0,NaN,NaN,1,0,0.2,2,3,designed_PWM_SOC_burst
1100000,9.09090909090909e-07,0.8,2.5,5,3,3.7,0,NaN,NaN,1,0,0.2,2,3,designed_PWM_SOC_burst
1100000,9.09090909090909e-07,0.8,2.5,6,3,3.7,0,NaN,NaN,1,0,0.2,2,3,designed_PWM_SOC_burst
1100000,9.09090909090909e-07,0.8,2.5,8,3,3.7,0,NaN,NaN,1,0,0.2,2,3,designed_PWM_SOC_burst
1100000,9.09090909090909e-07,0.8,3,3,4,3.2,1,2.58156906569405,1.00097118692039,1,0,0.2,2,3,designed_PWM_SOC_burst
1100000,9.09090909090909e-07,0.8,3,4,4,3.2,1,2.58156906569405,1.00097118692039,1,0,0.2,2,3,designed_PWM_SOC_burst
1100000,9.09090909090909e-07,0.8,3,5,4,3.2,0,NaN,NaN,1,0,0.2,2,3,designed_PWM_SOC_burst
1100000,9.09090909090909e-07,0.8,3,6,4,3.2,0,NaN,NaN,1,0,0.2,2,3,designed_PWM_SOC_burst
1100000,9.09090909090909e-07,0.8,3,8,4,3.2,0,NaN,NaN,1,0,0.2,2,3,designed_PWM_SOC_burst
1100000,9.09090909090909e-07,0.8,4,3,5,2.2,1,3.49050753314722,1.00137759358101,1,0,0.2,2,3,designed_PWM_SOC_burst
1100000,9.09090909090909e-07,0.8,4,4,5,2.2,1,3.49050753314722,1.00137759358101,1,0,0.2,2,3,designed_PWM_SOC_burst
1100000,9.09090909090909e-07,0.8,4,5,5,2.2,1,3.49050753314722,1.00137759358101,1,0,0.2,2,3,designed_PWM_SOC_burst
1100000,9.09090909090909e-07,0.8,4,6,5,2.2,0,NaN,NaN,1,0,0.2,2,3,designed_PWM_SOC_burst
1100000,9.09090909090909e-07,0.8,4,8,5,2.2,0,NaN,NaN,1,0,0.2,2,3,designed_PWM_SOC_burst
1100000,9.09090909090909e-07,0.8,5,3,6,1.2,1,4.56741864687591,1.00185646796318,1,0,0.2,2,3,designed_PWM_SOC_burst
1100000,9.09090909090909e-07,0.8,5,4,6,1.2,1,4.56741864687591,1.00185646796318,1,0,0.2,2,3,designed_PWM_SOC_burst
1100000,9.09090909090909e-07,0.8,5,5,6,1.2,1,4.56741864687591,1.00185646796318,1,0,0.2,2,3,designed_PWM_SOC_burst
1100000,9.09090909090909e-07,0.8,5,6,6,1.2,1,4.56741864687591,1.00185646796318,1,0,0.2,2,3,designed_PWM_SOC_burst
1100000,9.09090909090909e-07,0.8,5,8,6,1.2,0,NaN,NaN,1,0,0.2,2,3,designed_PWM_SOC_burst
1100000,9.09090909090909e-07,1,1.5,3,2,4.5,0,NaN,NaN,1,0,0.2,2,3,designed_PWM_SOC_burst
1100000,9.09090909090909e-07,1,1.5,4,2,4.5,0,NaN,NaN,1,0,0.2,2,3,designed_PWM_SOC_burst
1100000,9.09090909090909e-07,1,1.5,5,2,4.5,0,NaN,NaN,1,0,0.2,2,3,designed_PWM_SOC_burst
1100000,9.09090909090909e-07,1,1.5,6,2,4.5,0,NaN,NaN,1,0,0.2,2,3,designed_PWM_SOC_burst
1100000,9.09090909090909e-07,1,1.5,8,2,4.5,0,NaN,NaN,1,0,0.2,2,3,designed_PWM_SOC_burst
1100000,9.09090909090909e-07,1,2,3,3,4,1,2.25725214893836,1.0008261238393,1,0,0.2,2,3,designed_PWM_SOC_burst
1100000,9.09090909090909e-07,1,2,4,3,4,0,NaN,NaN,1,0,0.2,2,3,designed_PWM_SOC_burst
1100000,9.09090909090909e-07,1,2,5,3,4,0,NaN,NaN,1,0,0.2,2,3,designed_PWM_SOC_burst
1100000,9.09090909090909e-07,1,2,6,3,4,0,NaN,NaN,1,0,0.2,2,3,designed_PWM_SOC_burst
1100000,9.09090909090909e-07,1,2,8,3,4,0,NaN,NaN,1,0,0.2,2,3,designed_PWM_SOC_burst
1100000,9.09090909090909e-07,1,2.5,3,3,3.5,1,2.25725214893836,1.0008261238393,1,0,0.2,2,3,designed_PWM_SOC_burst
1100000,9.09090909090909e-07,1,2.5,4,3,3.5,0,NaN,NaN,1,0,0.2,2,3,designed_PWM_SOC_burst
1100000,9.09090909090909e-07,1,2.5,5,3,3.5,0,NaN,NaN,1,0,0.2,2,3,designed_PWM_SOC_burst
1100000,9.09090909090909e-07,1,2.5,6,3,3.5,0,NaN,NaN,1,0,0.2,2,3,designed_PWM_SOC_burst
1100000,9.09090909090909e-07,1,2.5,8,3,3.5,0,NaN,NaN,1,0,0.2,2,3,designed_PWM_SOC_burst
1100000,9.09090909090909e-07,1,3,3,4,3,1,3.11177111660555,1.00120782288913,1,0,0.2,2,3,designed_PWM_SOC_burst
1100000,9.09090909090909e-07,1,3,4,4,3,1,3.11177111660555,1.00120782288913,1,0,0.2,2,3,designed_PWM_SOC_burst
1100000,9.09090909090909e-07,1,3,5,4,3,0,NaN,NaN,1,0,0.2,2,3,designed_PWM_SOC_burst
1100000,9.09090909090909e-07,1,3,6,4,3,0,NaN,NaN,1,0,0.2,2,3,designed_PWM_SOC_burst
1100000,9.09090909090909e-07,1,3,8,4,3,0,NaN,NaN,1,0,0.2,2,3,designed_PWM_SOC_burst
1100000,9.09090909090909e-07,1,4,3,5,2,1,4.12681753375833,1.00166193106764,1,0,0.2,2,3,designed_PWM_SOC_burst
1100000,9.09090909090909e-07,1,4,4,5,2,1,4.12681753375833,1.00166193106764,1,0,0.2,2,3,designed_PWM_SOC_burst
1100000,9.09090909090909e-07,1,4,5,5,2,1,4.12681753375833,1.00166193106764,1,0,0.2,2,3,designed_PWM_SOC_burst
1100000,9.09090909090909e-07,1,4,6,5,2,0,NaN,NaN,1,0,0.2,2,3,designed_PWM_SOC_burst
1100000,9.09090909090909e-07,1,4,8,5,2,0,NaN,NaN,1,0,0.2,2,3,designed_PWM_SOC_burst
1100000,9.09090909090909e-07,1,5,3,6,1,1,5.36635549295713,1.00081827031007,1,0,0.2,2,3,designed_PWM_SOC_burst
1100000,9.09090909090909e-07,1,5,4,6,1,1,5.36635549295713,1.00081827031007,1,0,0.2,2,3,designed_PWM_SOC_burst
1100000,9.09090909090909e-07,1,5,5,6,1,1,5.36635549295713,1.00081827031007,1,0,0.2,2,3,designed_PWM_SOC_burst
1100000,9.09090909090909e-07,1,5,6,6,1,1,5.36635549295713,1.00081827031007,1,0,0.2,2,3,designed_PWM_SOC_burst
1100000,9.09090909090909e-07,1,5,8,6,1,0,NaN,NaN,1,0,0.2,2,3,designed_PWM_SOC_burst
1600000,6.25e-07,0.2,1.5,3,3,5.3,1,1.18114835606985,1.0001281402637,1,1,0.2,1.5,3,designed_PWM_SOC_burst
1600000,6.25e-07,0.2,1.5,4,3,5.3,0,NaN,NaN,1,0,0.2,1.5,3,designed_PWM_SOC_burst
1600000,6.25e-07,0.2,1.5,5,3,5.3,0,NaN,NaN,1,0,0.2,1.5,3,designed_PWM_SOC_burst
1600000,6.25e-07,0.2,1.5,6,3,5.3,0,NaN,NaN,1,0,0.2,1.5,3,designed_PWM_SOC_burst
1600000,6.25e-07,0.2,1.5,8,3,5.3,0,NaN,NaN,1,0,0.2,1.5,3,designed_PWM_SOC_burst
1600000,6.25e-07,0.2,2,3,4,4.8,1,1.14787849075409,1.00022873954374,1,0,0.2,1.5,3,designed_PWM_SOC_burst
1600000,6.25e-07,0.2,2,4,4,4.8,1,1.14787849075409,1.00022873954374,1,0,0.2,1.5,3,designed_PWM_SOC_burst
1600000,6.25e-07,0.2,2,5,4,4.8,0,NaN,NaN,1,0,0.2,1.5,3,designed_PWM_SOC_burst
1600000,6.25e-07,0.2,2,6,4,4.8,0,NaN,NaN,1,0,0.2,1.5,3,designed_PWM_SOC_burst
1600000,6.25e-07,0.2,2,8,4,4.8,0,NaN,NaN,1,0,0.2,1.5,3,designed_PWM_SOC_burst
1600000,6.25e-07,0.2,2.5,3,5,4.3,1,1.21821329238462,1.00036331972318,1,0,0.2,1.5,3,designed_PWM_SOC_burst
1600000,6.25e-07,0.2,2.5,4,5,4.3,1,1.21821329238462,1.00036331972318,1,0,0.2,1.5,3,designed_PWM_SOC_burst
1600000,6.25e-07,0.2,2.5,5,5,4.3,1,1.21821329238462,1.00036331972318,1,0,0.2,1.5,3,designed_PWM_SOC_burst
1600000,6.25e-07,0.2,2.5,6,5,4.3,0,NaN,NaN,1,0,0.2,1.5,3,designed_PWM_SOC_burst
1600000,6.25e-07,0.2,2.5,8,5,4.3,0,NaN,NaN,1,0,0.2,1.5,3,designed_PWM_SOC_burst
1600000,6.25e-07,0.2,3,3,5,3.8,1,1.21821329238462,1.00036331972318,1,0,0.2,1.5,3,designed_PWM_SOC_burst
1600000,6.25e-07,0.2,3,4,5,3.8,1,1.21821329238462,1.00036331972318,1,0,0.2,1.5,3,designed_PWM_SOC_burst
1600000,6.25e-07,0.2,3,5,5,3.8,1,1.21821329238462,1.00036331972318,1,0,0.2,1.5,3,designed_PWM_SOC_burst
1600000,6.25e-07,0.2,3,6,5,3.8,0,NaN,NaN,1,0,0.2,1.5,3,designed_PWM_SOC_burst
1600000,6.25e-07,0.2,3,8,5,3.8,0,NaN,NaN,1,0,0.2,1.5,3,designed_PWM_SOC_burst
1600000,6.25e-07,0.2,4,3,7,2.8,1,2.05076763343033,1.00073489200471,1,0,0.2,1.5,3,designed_PWM_SOC_burst
1600000,6.25e-07,0.2,4,4,7,2.8,1,2.05076763343033,1.00073489200471,1,0,0.2,1.5,3,designed_PWM_SOC_burst
1600000,6.25e-07,0.2,4,5,7,2.8,1,2.05076763343033,1.00073489200471,1,0,0.2,1.5,3,designed_PWM_SOC_burst
1600000,6.25e-07,0.2,4,6,7,2.8,1,2.05076763343033,1.00073489200471,1,0,0.2,1.5,3,designed_PWM_SOC_burst
1600000,6.25e-07,0.2,4,8,7,2.8,0,NaN,NaN,1,0,0.2,1.5,3,designed_PWM_SOC_burst
1600000,6.25e-07,0.2,5,3,9,1.8,1,3.18722454215164,1.0012431734592,1,0,0.2,1.5,3,designed_PWM_SOC_burst
1600000,6.25e-07,0.2,5,4,9,1.8,1,3.18722454215164,1.0012431734592,1,0,0.2,1.5,3,designed_PWM_SOC_burst
1600000,6.25e-07,0.2,5,5,9,1.8,1,3.18722454215164,1.0012431734592,1,0,0.2,1.5,3,designed_PWM_SOC_burst
1600000,6.25e-07,0.2,5,6,9,1.8,1,3.18722454215164,1.0012431734592,1,0,0.2,1.5,3,designed_PWM_SOC_burst
1600000,6.25e-07,0.2,5,8,9,1.8,1,3.18722454215164,1.0012431734592,1,0,0.2,1.5,3,designed_PWM_SOC_burst
1600000,6.25e-07,0.5,1.5,3,3,5,1,1.1647348850213,1.0002807147954,1,0,0.2,1.5,3,designed_PWM_SOC_burst
1600000,6.25e-07,0.5,1.5,4,3,5,0,NaN,NaN,1,0,0.2,1.5,3,designed_PWM_SOC_burst
1600000,6.25e-07,0.5,1.5,5,3,5,0,NaN,NaN,1,0,0.2,1.5,3,designed_PWM_SOC_burst
1600000,6.25e-07,0.5,1.5,6,3,5,0,NaN,NaN,1,0,0.2,1.5,3,designed_PWM_SOC_burst
1600000,6.25e-07,0.5,1.5,8,3,5,0,NaN,NaN,1,0,0.2,1.5,3,designed_PWM_SOC_burst
1600000,6.25e-07,0.5,2,3,4,4.5,1,1.36906619243976,1.00043032637172,1,0,0.2,1.5,3,designed_PWM_SOC_burst
1600000,6.25e-07,0.5,2,4,4,4.5,1,1.36906619243976,1.00043032637172,1,0,0.2,1.5,3,designed_PWM_SOC_burst
1600000,6.25e-07,0.5,2,5,4,4.5,0,NaN,NaN,1,0,0.2,1.5,3,designed_PWM_SOC_burst
1600000,6.25e-07,0.5,2,6,4,4.5,0,NaN,NaN,1,0,0.2,1.5,3,designed_PWM_SOC_burst
1600000,6.25e-07,0.5,2,8,4,4.5,0,NaN,NaN,1,0,0.2,1.5,3,designed_PWM_SOC_burst
1600000,6.25e-07,0.5,2.5,3,5,4,1,1.78078673201031,1.00061393290239,1,0,0.2,1.5,3,designed_PWM_SOC_burst
1600000,6.25e-07,0.5,2.5,4,5,4,1,1.78078673201031,1.00061393290239,1,0,0.2,1.5,3,designed_PWM_SOC_burst
1600000,6.25e-07,0.5,2.5,5,5,4,1,1.78078673201031,1.00061393290239,1,0,0.2,1.5,3,designed_PWM_SOC_burst
1600000,6.25e-07,0.5,2.5,6,5,4,0,NaN,NaN,1,0,0.2,1.5,3,designed_PWM_SOC_burst
1600000,6.25e-07,0.5,2.5,8,5,4,0,NaN,NaN,1,0,0.2,1.5,3,designed_PWM_SOC_burst
1600000,6.25e-07,0.5,3,3,5,3.5,1,1.78078673201031,1.00061393290239,1,0,0.2,1.5,3,designed_PWM_SOC_burst
1600000,6.25e-07,0.5,3,4,5,3.5,1,1.78078673201031,1.00061393290239,1,0,0.2,1.5,3,designed_PWM_SOC_burst
1600000,6.25e-07,0.5,3,5,5,3.5,1,1.78078673201031,1.00061393290239,1,0,0.2,1.5,3,designed_PWM_SOC_burst
1600000,6.25e-07,0.5,3,6,5,3.5,0,NaN,NaN,1,0,0.2,1.5,3,designed_PWM_SOC_burst
1600000,6.25e-07,0.5,3,8,5,3.5,0,NaN,NaN,1,0,0.2,1.5,3,designed_PWM_SOC_burst
1600000,6.25e-07,0.5,4,3,7,2.5,1,2.83252998477639,1.00108372474607,1,0,0.2,1.5,3,designed_PWM_SOC_burst
1600000,6.25e-07,0.5,4,4,7,2.5,1,2.83252998477639,1.00108372474607,1,0,0.2,1.5,3,designed_PWM_SOC_burst
1600000,6.25e-07,0.5,4,5,7,2.5,1,2.83252998477639,1.00108372474607,1,0,0.2,1.5,3,designed_PWM_SOC_burst
1600000,6.25e-07,0.5,4,6,7,2.5,1,2.83252998477639,1.00108372474607,1,0,0.2,1.5,3,designed_PWM_SOC_burst
1600000,6.25e-07,0.5,4,8,7,2.5,0,NaN,NaN,1,0,0.2,1.5,3,designed_PWM_SOC_burst
1600000,6.25e-07,0.5,5,3,9,1.5,1,4.18784403756775,1.00169040470382,1,0,0.2,1.5,3,designed_PWM_SOC_burst
1600000,6.25e-07,0.5,5,4,9,1.5,1,4.18784403756775,1.00169040470382,1,0,0.2,1.5,3,designed_PWM_SOC_burst
1600000,6.25e-07,0.5,5,5,9,1.5,1,4.18784403756775,1.00169040470382,1,0,0.2,1.5,3,designed_PWM_SOC_burst
1600000,6.25e-07,0.5,5,6,9,1.5,1,4.18784403756775,1.00169040470382,1,0,0.2,1.5,3,designed_PWM_SOC_burst
1600000,6.25e-07,0.5,5,8,9,1.5,1,4.18784403756775,1.00169040470382,1,0,0.2,1.5,3,designed_PWM_SOC_burst
1600000,6.25e-07,0.8,1.5,3,3,4.7,1,1.4816701759205,1.00048033633381,1,0,0.2,1.5,3,designed_PWM_SOC_burst
1600000,6.25e-07,0.8,1.5,4,3,4.7,0,NaN,NaN,1,0,0.2,1.5,3,designed_PWM_SOC_burst
1600000,6.25e-07,0.8,1.5,5,3,4.7,0,NaN,NaN,1,0,0.2,1.5,3,designed_PWM_SOC_burst
1600000,6.25e-07,0.8,1.5,6,3,4.7,0,NaN,NaN,1,0,0.2,1.5,3,designed_PWM_SOC_burst
1600000,6.25e-07,0.8,1.5,8,3,4.7,0,NaN,NaN,1,0,0.2,1.5,3,designed_PWM_SOC_burst
1600000,6.25e-07,0.8,2,3,4,4.2,1,1.92726505287362,1.00067900711442,1,0,0.2,1.5,3,designed_PWM_SOC_burst
1600000,6.25e-07,0.8,2,4,4,4.2,1,1.92726505287362,1.00067900711442,1,0,0.2,1.5,3,designed_PWM_SOC_burst
1600000,6.25e-07,0.8,2,5,4,4.2,0,NaN,NaN,1,0,0.2,1.5,3,designed_PWM_SOC_burst
1600000,6.25e-07,0.8,2,6,4,4.2,0,NaN,NaN,1,0,0.2,1.5,3,designed_PWM_SOC_burst
1600000,6.25e-07,0.8,2,8,4,4.2,0,NaN,NaN,1,0,0.2,1.5,3,designed_PWM_SOC_burst
1600000,6.25e-07,0.8,2.5,3,5,3.7,1,2.44858424880226,1.00091168664774,1,0,0.2,1.5,3,designed_PWM_SOC_burst
1600000,6.25e-07,0.8,2.5,4,5,3.7,1,2.44858424880226,1.00091168664774,1,0,0.2,1.5,3,designed_PWM_SOC_burst
1600000,6.25e-07,0.8,2.5,5,5,3.7,1,2.44858424880226,1.00091168664774,1,0,0.2,1.5,3,designed_PWM_SOC_burst
1600000,6.25e-07,0.8,2.5,6,5,3.7,0,NaN,NaN,1,0,0.2,1.5,3,designed_PWM_SOC_burst
1600000,6.25e-07,0.8,2.5,8,5,3.7,0,NaN,NaN,1,0,0.2,1.5,3,designed_PWM_SOC_burst
1600000,6.25e-07,0.8,3,3,5,3.2,1,2.44858424880226,1.00091168664774,1,0,0.2,1.5,3,designed_PWM_SOC_burst
1600000,6.25e-07,0.8,3,4,5,3.2,1,2.44858424880226,1.00091168664774,1,0,0.2,1.5,3,designed_PWM_SOC_burst
1600000,6.25e-07,0.8,3,5,5,3.2,1,2.44858424880226,1.00091168664774,1,0,0.2,1.5,3,designed_PWM_SOC_burst
1600000,6.25e-07,0.8,3,6,5,3.2,0,NaN,NaN,1,0,0.2,1.5,3,designed_PWM_SOC_burst
1600000,6.25e-07,0.8,3,8,5,3.2,0,NaN,NaN,1,0,0.2,1.5,3,designed_PWM_SOC_burst
1600000,6.25e-07,0.8,4,3,7,2.2,1,3.71934858620848,1.00147979070354,1,0,0.2,1.5,3,designed_PWM_SOC_burst
1600000,6.25e-07,0.8,4,4,7,2.2,1,3.71934858620848,1.00147979070354,1,0,0.2,1.5,3,designed_PWM_SOC_burst
1600000,6.25e-07,0.8,4,5,7,2.2,1,3.71934858620848,1.00147979070354,1,0,0.2,1.5,3,designed_PWM_SOC_burst
1600000,6.25e-07,0.8,4,6,7,2.2,1,3.71934858620848,1.00147979070354,1,0,0.2,1.5,3,designed_PWM_SOC_burst
1600000,6.25e-07,0.8,4,8,7,2.2,0,NaN,NaN,1,0,0.2,1.5,3,designed_PWM_SOC_burst
1600000,6.25e-07,0.8,5,3,9,1.2,1,5.3568770462758,1.00084035640402,1,0,0.2,1.5,3,designed_PWM_SOC_burst
1600000,6.25e-07,0.8,5,4,9,1.2,1,5.3568770462758,1.00084035640402,1,0,0.2,1.5,3,designed_PWM_SOC_burst
1600000,6.25e-07,0.8,5,5,9,1.2,1,5.3568770462758,1.00084035640402,1,0,0.2,1.5,3,designed_PWM_SOC_burst
1600000,6.25e-07,0.8,5,6,9,1.2,1,5.3568770462758,1.00084035640402,1,0,0.2,1.5,3,designed_PWM_SOC_burst
1600000,6.25e-07,0.8,5,8,9,1.2,1,5.3568770462758,1.00084035640402,1,0,0.2,1.5,3,designed_PWM_SOC_burst
1600000,6.25e-07,1,1.5,3,3,4.5,1,1.83914679058442,1.00063957683505,1,0,0.2,1.5,3,designed_PWM_SOC_burst
1600000,6.25e-07,1,1.5,4,3,4.5,0,NaN,NaN,1,0,0.2,1.5,3,designed_PWM_SOC_burst
1600000,6.25e-07,1,1.5,5,3,4.5,0,NaN,NaN,1,0,0.2,1.5,3,designed_PWM_SOC_burst
1600000,6.25e-07,1,1.5,6,3,4.5,0,NaN,NaN,1,0,0.2,1.5,3,designed_PWM_SOC_burst
1600000,6.25e-07,1,1.5,8,3,4.5,0,NaN,NaN,1,0,0.2,1.5,3,designed_PWM_SOC_burst
1600000,6.25e-07,1,2,3,4,4,1,2.35786223898225,1.00087097970643,1,0,0.2,1.5,3,designed_PWM_SOC_burst
1600000,6.25e-07,1,2,4,4,4,1,2.35786223898225,1.00087097970643,1,0,0.2,1.5,3,designed_PWM_SOC_burst
1600000,6.25e-07,1,2,5,4,4,0,NaN,NaN,1,0,0.2,1.5,3,designed_PWM_SOC_burst
1600000,6.25e-07,1,2,6,4,4,0,NaN,NaN,1,0,0.2,1.5,3,designed_PWM_SOC_burst
1600000,6.25e-07,1,2,8,4,4,0,NaN,NaN,1,0,0.2,1.5,3,designed_PWM_SOC_burst
1600000,6.25e-07,1,2.5,3,5,3.5,1,2.95220098030668,1.00113640038678,1,0,0.2,1.5,3,designed_PWM_SOC_burst
1600000,6.25e-07,1,2.5,4,5,3.5,1,2.95220098030668,1.00113640038678,1,0,0.2,1.5,3,designed_PWM_SOC_burst
1600000,6.25e-07,1,2.5,5,5,3.5,1,2.95220098030668,1.00113640038678,1,0,0.2,1.5,3,designed_PWM_SOC_burst
1600000,6.25e-07,1,2.5,6,5,3.5,0,NaN,NaN,1,0,0.2,1.5,3,designed_PWM_SOC_burst
1600000,6.25e-07,1,2.5,8,5,3.5,0,NaN,NaN,1,0,0.2,1.5,3,designed_PWM_SOC_burst
1600000,6.25e-07,1,3,3,5,3,1,2.95220098030668,1.00113640038678,1,0,0.2,1.5,3,designed_PWM_SOC_burst
1600000,6.25e-07,1,3,4,5,3,1,2.95220098030668,1.00113640038678,1,0,0.2,1.5,3,designed_PWM_SOC_burst
1600000,6.25e-07,1,3,5,5,3,1,2.95220098030668,1.00113640038678,1,0,0.2,1.5,3,designed_PWM_SOC_burst
1600000,6.25e-07,1,3,6,5,3,0,NaN,NaN,1,0,0.2,1.5,3,designed_PWM_SOC_burst
1600000,6.25e-07,1,3,8,5,3,0,NaN,NaN,1,0,0.2,1.5,3,designed_PWM_SOC_burst
1600000,6.25e-07,1,4,3,7,2,1,4.36888518779107,1.00177009717879,1,0,0.2,1.5,3,designed_PWM_SOC_burst
1600000,6.25e-07,1,4,4,7,2,1,4.36888518779107,1.00177009717879,1,0,0.2,1.5,3,designed_PWM_SOC_burst
1600000,6.25e-07,1,4,5,7,2,1,4.36888518779107,1.00177009717879,1,0,0.2,1.5,3,designed_PWM_SOC_burst
1600000,6.25e-07,1,4,6,7,2,1,4.36888518779107,1.00177009717879,1,0,0.2,1.5,3,designed_PWM_SOC_burst
1600000,6.25e-07,1,4,8,7,2,0,NaN,NaN,1,0,0.2,1.5,3,designed_PWM_SOC_burst
1600000,6.25e-07,1,5,3,9,1,1,6.21278539355975,0.998689659546919,1,0,0.2,1.5,3,designed_PWM_SOC_burst
1600000,6.25e-07,1,5,4,9,1,1,6.21278539355975,0.998689659546919,1,0,0.2,1.5,3,designed_PWM_SOC_burst
1600000,6.25e-07,1,5,5,9,1,1,6.21278539355975,0.998689659546919,1,0,0.2,1.5,3,designed_PWM_SOC_burst
1600000,6.25e-07,1,5,6,9,1,1,6.21278539355975,0.998689659546919,1,0,0.2,1.5,3,designed_PWM_SOC_burst
1600000,6.25e-07,1,5,8,9,1,1,6.21278539355975,0.998689659546919,1,0,0.2,1.5,3,designed_PWM_SOC_burst
2000000,5e-07,0.2,1.5,3,4,5.3,1,1.16648253634293,1.00017248429499,1,0,0.2,1.5,4,designed_PWM_SOC_burst
2000000,5e-07,0.2,1.5,4,4,5.3,1,1.16648253634293,1.00017248429499,1,1,0.2,1.5,4,designed_PWM_SOC_burst
2000000,5e-07,0.2,1.5,5,4,5.3,0,NaN,NaN,1,0,0.2,1.5,4,designed_PWM_SOC_burst
2000000,5e-07,0.2,1.5,6,4,5.3,0,NaN,NaN,1,0,0.2,1.5,4,designed_PWM_SOC_burst
2000000,5e-07,0.2,1.5,8,4,5.3,0,NaN,NaN,1,0,0.2,1.5,4,designed_PWM_SOC_burst
2000000,5e-07,0.2,2,3,5,4.8,1,1.13969834167016,1.00026382469907,1,0,0.2,1.5,4,designed_PWM_SOC_burst
2000000,5e-07,0.2,2,4,5,4.8,1,1.13969834167016,1.00026382469907,1,0,0.2,1.5,4,designed_PWM_SOC_burst
2000000,5e-07,0.2,2,5,5,4.8,1,1.13969834167016,1.00026382469907,1,0,0.2,1.5,4,designed_PWM_SOC_burst
2000000,5e-07,0.2,2,6,5,4.8,0,NaN,NaN,1,0,0.2,1.5,4,designed_PWM_SOC_burst
2000000,5e-07,0.2,2,8,5,4.8,0,NaN,NaN,1,0,0.2,1.5,4,designed_PWM_SOC_burst
2000000,5e-07,0.2,2.5,3,6,4.3,1,1.24890597568175,1.00037696719329,1,0,0.2,1.5,4,designed_PWM_SOC_burst
2000000,5e-07,0.2,2.5,4,6,4.3,1,1.24890597568175,1.00037696719329,1,0,0.2,1.5,4,designed_PWM_SOC_burst
2000000,5e-07,0.2,2.5,5,6,4.3,1,1.24890597568175,1.00037696719329,1,0,0.2,1.5,4,designed_PWM_SOC_burst
2000000,5e-07,0.2,2.5,6,6,4.3,1,1.24890597568175,1.00037696719329,1,0,0.2,1.5,4,designed_PWM_SOC_burst
2000000,5e-07,0.2,2.5,8,6,4.3,0,NaN,NaN,1,0,0.2,1.5,4,designed_PWM_SOC_burst
2000000,5e-07,0.2,3,3,7,3.8,1,1.55153120953785,1.00051193247349,1,0,0.2,1.5,4,designed_PWM_SOC_burst
2000000,5e-07,0.2,3,4,7,3.8,1,1.55153120953785,1.00051193247349,1,0,0.2,1.5,4,designed_PWM_SOC_burst
2000000,5e-07,0.2,3,5,7,3.8,1,1.55153120953785,1.00051193247349,1,0,0.2,1.5,4,designed_PWM_SOC_burst
2000000,5e-07,0.2,3,6,7,3.8,1,1.55153120953785,1.00051193247349,1,0,0.2,1.5,4,designed_PWM_SOC_burst
2000000,5e-07,0.2,3,8,7,3.8,0,NaN,NaN,1,0,0.2,1.5,4,designed_PWM_SOC_burst
2000000,5e-07,0.2,4,3,9,2.8,1,2.30278165119406,1.00084741364743,1,0,0.2,1.5,4,designed_PWM_SOC_burst
2000000,5e-07,0.2,4,4,9,2.8,1,2.30278165119406,1.00084741364743,1,0,0.2,1.5,4,designed_PWM_SOC_burst
2000000,5e-07,0.2,4,5,9,2.8,1,2.30278165119406,1.00084741364743,1,0,0.2,1.5,4,designed_PWM_SOC_burst
2000000,5e-07,0.2,4,6,9,2.8,1,2.30278165119406,1.00084741364743,1,0,0.2,1.5,4,designed_PWM_SOC_burst
2000000,5e-07,0.2,4,8,9,2.8,1,2.30278165119406,1.00084741364743,1,0,0.2,1.5,4,designed_PWM_SOC_burst
2000000,5e-07,0.2,5,3,11,1.8,1,3.24844459389667,1.00127043167677,1,0,0.2,1.5,4,designed_PWM_SOC_burst
2000000,5e-07,0.2,5,4,11,1.8,1,3.24844459389667,1.00127043167677,1,0,0.2,1.5,4,designed_PWM_SOC_burst
2000000,5e-07,0.2,5,5,11,1.8,1,3.24844459389667,1.00127043167677,1,0,0.2,1.5,4,designed_PWM_SOC_burst
2000000,5e-07,0.2,5,6,11,1.8,1,3.24844459389667,1.00127043167677,1,0,0.2,1.5,4,designed_PWM_SOC_burst
2000000,5e-07,0.2,5,8,11,1.8,1,3.24844459389667,1.00127043167677,1,0,0.2,1.5,4,designed_PWM_SOC_burst
2000000,5e-07,0.5,1.5,3,4,5,1,1.20465122628254,1.00034465478407,1,0,0.2,1.5,4,designed_PWM_SOC_burst
2000000,5e-07,0.5,1.5,4,4,5,1,1.20465122628254,1.00034465478407,1,0,0.2,1.5,4,designed_PWM_SOC_burst
2000000,5e-07,0.5,1.5,5,4,5,0,NaN,NaN,1,0,0.2,1.5,4,designed_PWM_SOC_burst
2000000,5e-07,0.5,1.5,6,4,5,0,NaN,NaN,1,0,0.2,1.5,4,designed_PWM_SOC_burst
2000000,5e-07,0.5,1.5,8,4,5,0,NaN,NaN,1,0,0.2,1.5,4,designed_PWM_SOC_burst
2000000,5e-07,0.5,2,3,5,4.5,1,1.46979878103105,1.00047520392133,1,0,0.2,1.5,4,designed_PWM_SOC_burst
2000000,5e-07,0.5,2,4,5,4.5,1,1.46979878103105,1.00047520392133,1,0,0.2,1.5,4,designed_PWM_SOC_burst
2000000,5e-07,0.5,2,5,5,4.5,1,1.46979878103105,1.00047520392133,1,0,0.2,1.5,4,designed_PWM_SOC_burst
2000000,5e-07,0.5,2,6,5,4.5,0,NaN,NaN,1,0,0.2,1.5,4,designed_PWM_SOC_burst
2000000,5e-07,0.5,2,8,5,4.5,0,NaN,NaN,1,0,0.2,1.5,4,designed_PWM_SOC_burst
2000000,5e-07,0.5,2.5,3,6,4,1,1.81147309777699,1.0006275842239,1,0,0.2,1.5,4,designed_PWM_SOC_burst
2000000,5e-07,0.5,2.5,4,6,4,1,1.81147309777699,1.0006275842239,1,0,0.2,1.5,4,designed_PWM_SOC_burst
2000000,5e-07,0.5,2.5,5,6,4,1,1.81147309777699,1.0006275842239,1,0,0.2,1.5,4,designed_PWM_SOC_burst
2000000,5e-07,0.5,2.5,6,6,4,1,1.81147309777699,1.0006275842239,1,0,0.2,1.5,4,designed_PWM_SOC_burst
2000000,5e-07,0.5,2.5,8,6,4,0,NaN,NaN,1,0,0.2,1.5,4,designed_PWM_SOC_burst
2000000,5e-07,0.5,3,3,7,3.5,1,2.20181229582862,1.00080181626114,1,0,0.2,1.5,4,designed_PWM_SOC_burst
2000000,5e-07,0.5,3,4,7,3.5,1,2.20181229582862,1.00080181626114,1,0,0.2,1.5,4,designed_PWM_SOC_burst
2000000,5e-07,0.5,3,5,7,3.5,1,2.20181229582862,1.00080181626114,1,0,0.2,1.5,4,designed_PWM_SOC_burst
2000000,5e-07,0.5,3,6,7,3.5,1,2.20181229582862,1.00080181626114,1,0,0.2,1.5,4,designed_PWM_SOC_burst
2000000,5e-07,0.5,3,8,7,3.5,0,NaN,NaN,1,0,0.2,1.5,4,designed_PWM_SOC_burst
2000000,5e-07,0.5,4,3,9,2.5,1,3.12833342518283,1.00121591728871,1,0,0.2,1.5,4,designed_PWM_SOC_burst
2000000,5e-07,0.5,4,4,9,2.5,1,3.12833342518283,1.00121591728871,1,0,0.2,1.5,4,designed_PWM_SOC_burst
2000000,5e-07,0.5,4,5,9,2.5,1,3.12833342518283,1.00121591728871,1,0,0.2,1.5,4,designed_PWM_SOC_burst
2000000,5e-07,0.5,4,6,9,2.5,1,3.12833342518283,1.00121591728871,1,0,0.2,1.5,4,designed_PWM_SOC_burst
2000000,5e-07,0.5,4,8,9,2.5,1,3.12833342518283,1.00121591728871,1,0,0.2,1.5,4,designed_PWM_SOC_burst
2000000,5e-07,0.5,5,3,11,1.5,1,4.24905360797311,1.00171766944743,1,0,0.2,1.5,4,designed_PWM_SOC_burst
2000000,5e-07,0.5,5,4,11,1.5,1,4.24905360797311,1.00171766944743,1,0,0.2,1.5,4,designed_PWM_SOC_burst
2000000,5e-07,0.5,5,5,11,1.5,1,4.24905360797311,1.00171766944743,1,0,0.2,1.5,4,designed_PWM_SOC_burst
2000000,5e-07,0.5,5,6,11,1.5,1,4.24905360797311,1.00171766944743,1,0,0.2,1.5,4,designed_PWM_SOC_burst
2000000,5e-07,0.5,5,8,11,1.5,1,4.24905360797311,1.00171766944743,1,0,0.2,1.5,4,designed_PWM_SOC_burst
2000000,5e-07,0.8,1.5,3,4,4.7,1,1.6691668998333,1.00056389105972,1,0,0.2,1.5,4,designed_PWM_SOC_burst
2000000,5e-07,0.8,1.5,4,4,4.7,1,1.6691668998333,1.00056389105972,1,0,0.2,1.5,4,designed_PWM_SOC_burst
2000000,5e-07,0.8,1.5,5,4,4.7,0,NaN,NaN,1,0,0.2,1.5,4,designed_PWM_SOC_burst
2000000,5e-07,0.8,1.5,6,4,4.7,0,NaN,NaN,1,0,0.2,1.5,4,designed_PWM_SOC_burst
2000000,5e-07,0.8,1.5,8,4,4.7,0,NaN,NaN,1,0,0.2,1.5,4,designed_PWM_SOC_burst
2000000,5e-07,0.8,2,3,5,4.2,1,2.04989032816776,1.00073368639103,1,0,0.2,1.5,4,designed_PWM_SOC_burst
2000000,5e-07,0.8,2,4,5,4.2,1,2.04989032816776,1.00073368639103,1,0,0.2,1.5,4,designed_PWM_SOC_burst
2000000,5e-07,0.8,2,5,5,4.2,1,2.04989032816776,1.00073368639103,1,0,0.2,1.5,4,designed_PWM_SOC_burst
2000000,5e-07,0.8,2,6,5,4.2,0,NaN,NaN,1,0,0.2,1.5,4,designed_PWM_SOC_burst
2000000,5e-07,0.8,2,8,5,4.2,0,NaN,NaN,1,0,0.2,1.5,4,designed_PWM_SOC_burst
2000000,5e-07,0.8,2.5,3,6,3.7,1,2.47926428274133,1.00092534181745,1,0,0.2,1.5,4,designed_PWM_SOC_burst
2000000,5e-07,0.8,2.5,4,6,3.7,1,2.47926428274133,1.00092534181745,1,0,0.2,1.5,4,designed_PWM_SOC_burst
2000000,5e-07,0.8,2.5,5,6,3.7,1,2.47926428274133,1.00092534181745,1,0,0.2,1.5,4,designed_PWM_SOC_burst
2000000,5e-07,0.8,2.5,6,6,3.7,1,2.47926428274133,1.00092534181745,1,0,0.2,1.5,4,designed_PWM_SOC_burst
2000000,5e-07,0.8,2.5,8,6,3.7,0,NaN,NaN,1,0,0.2,1.5,4,designed_PWM_SOC_burst
2000000,5e-07,0.8,3,3,7,3.2,1,2.95725080875625,1.00113887778163,1,0,0.2,1.5,4,designed_PWM_SOC_burst
2000000,5e-07,0.8,3,4,7,3.2,1,2.95725080875625,1.00113887778163,1,0,0.2,1.5,4,designed_PWM_SOC_burst
2000000,5e-07,0.8,3,5,7,3.2,1,2.95725080875625,1.00113887778163,1,0,0.2,1.5,4,designed_PWM_SOC_burst
2000000,5e-07,0.8,3,6,7,3.2,1,2.95725080875625,1.00113887778163,1,0,0.2,1.5,4,designed_PWM_SOC_burst
2000000,5e-07,0.8,3,8,7,3.2,0,NaN,NaN,1,0,0.2,1.5,4,designed_PWM_SOC_burst
2000000,5e-07,0.8,4,3,9,2.2,1,4.05890738936514,1.00163167256618,1,0,0.2,1.5,4,designed_PWM_SOC_burst
2000000,5e-07,0.8,4,4,9,2.2,1,4.05890738936514,1.00163167256618,1,0,0.2,1.5,4,designed_PWM_SOC_burst
2000000,5e-07,0.8,4,5,9,2.2,1,4.05890738936514,1.00163167256618,1,0,0.2,1.5,4,designed_PWM_SOC_burst
2000000,5e-07,0.8,4,6,9,2.2,1,4.05890738936514,1.00163167256618,1,0,0.2,1.5,4,designed_PWM_SOC_burst
2000000,5e-07,0.8,4,8,9,2.2,1,4.05890738936514,1.00163167256618,1,0,0.2,1.5,4,designed_PWM_SOC_burst
2000000,5e-07,0.8,5,3,11,1.2,1,5.42274520752244,1.00067550188648,1,0,0.2,1.5,4,designed_PWM_SOC_burst
2000000,5e-07,0.8,5,4,11,1.2,1,5.42274520752244,1.00067550188648,1,0,0.2,1.5,4,designed_PWM_SOC_burst
2000000,5e-07,0.8,5,5,11,1.2,1,5.42274520752244,1.00067550188648,1,0,0.2,1.5,4,designed_PWM_SOC_burst
2000000,5e-07,0.8,5,6,11,1.2,1,5.42274520752244,1.00067550188648,1,0,0.2,1.5,4,designed_PWM_SOC_burst
2000000,5e-07,0.8,5,8,11,1.2,1,5.42274520752244,1.00067550188648,1,0,0.2,1.5,4,designed_PWM_SOC_burst
2000000,5e-07,1,1.5,3,4,4.5,1,2.0558857668991,1.00073621844351,1,0,0.2,1.5,4,designed_PWM_SOC_burst
2000000,5e-07,1,1.5,4,4,4.5,1,2.0558857668991,1.00073621844351,1,0,0.2,1.5,4,designed_PWM_SOC_burst
2000000,5e-07,1,1.5,5,4,4.5,0,NaN,NaN,1,0,0.2,1.5,4,designed_PWM_SOC_burst
2000000,5e-07,1,1.5,6,4,4.5,0,NaN,NaN,1,0,0.2,1.5,4,designed_PWM_SOC_burst
2000000,5e-07,1,1.5,8,4,4.5,0,NaN,NaN,1,0,0.2,1.5,4,designed_PWM_SOC_burst
2000000,5e-07,1,2,3,5,4,1,2.49507344143809,1.00093219863154,1,0,0.2,1.5,4,designed_PWM_SOC_burst
2000000,5e-07,1,2,4,5,4,1,2.49507344143809,1.00093219863154,1,0,0.2,1.5,4,designed_PWM_SOC_burst
2000000,5e-07,1,2,5,5,4,1,2.49507344143809,1.00093219863154,1,0,0.2,1.5,4,designed_PWM_SOC_burst
2000000,5e-07,1,2,6,5,4,0,NaN,NaN,1,0,0.2,1.5,4,designed_PWM_SOC_burst
2000000,5e-07,1,2,8,5,4,0,NaN,NaN,1,0,0.2,1.5,4,designed_PWM_SOC_burst
2000000,5e-07,1,2.5,3,6,3.5,1,2.98287678488,1.00115005812029,1,0,0.2,1.5,4,designed_PWM_SOC_burst
2000000,5e-07,1,2.5,4,6,3.5,1,2.98287678488,1.00115005812029,1,0,0.2,1.5,4,designed_PWM_SOC_burst
2000000,5e-07,1,2.5,5,6,3.5,1,2.98287678488,1.00115005812029,1,0,0.2,1.5,4,designed_PWM_SOC_burst
2000000,5e-07,1,2.5,6,6,3.5,1,2.98287678488,1.00115005812029,1,0,0.2,1.5,4,designed_PWM_SOC_burst
2000000,5e-07,1,2.5,8,6,3.5,0,NaN,NaN,1,0,0.2,1.5,4,designed_PWM_SOC_burst
2000000,5e-07,1,3,3,7,3,1,3.51925746349971,1.00138981726807,1,0,0.2,1.5,4,designed_PWM_SOC_burst
2000000,5e-07,1,3,4,7,3,1,3.51925746349971,1.00138981726807,1,0,0.2,1.5,4,designed_PWM_SOC_burst
2000000,5e-07,1,3,5,7,3,1,3.51925746349971,1.00138981726807,1,0,0.2,1.5,4,designed_PWM_SOC_burst
2000000,5e-07,1,3,6,7,3,1,3.51925746349971,1.00138981726807,1,0,0.2,1.5,4,designed_PWM_SOC_burst
2000000,5e-07,1,3,8,7,3,0,NaN,NaN,1,0,0.2,1.5,4,designed_PWM_SOC_burst
2000000,5e-07,1,4,3,9,2,1,4.75871427075989,1.00193511544595,1,0,0.2,1.5,4,designed_PWM_SOC_burst
2000000,5e-07,1,4,4,9,2,1,4.75871427075989,1.00193511544595,1,0,0.2,1.5,4,designed_PWM_SOC_burst
2000000,5e-07,1,4,5,9,2,1,4.75871427075989,1.00193511544595,1,0,0.2,1.5,4,designed_PWM_SOC_burst
2000000,5e-07,1,4,6,9,2,1,4.75871427075989,1.00193511544595,1,0,0.2,1.5,4,designed_PWM_SOC_burst
2000000,5e-07,1,4,8,9,2,1,4.75871427075989,1.00193511544595,1,0,0.2,1.5,4,designed_PWM_SOC_burst
2000000,5e-07,1,5,3,11,1,1,6.27864607357677,0.998524784374989,1,0,0.2,1.5,4,designed_PWM_SOC_burst
2000000,5e-07,1,5,4,11,1,1,6.27864607357677,0.998524784374989,1,0,0.2,1.5,4,designed_PWM_SOC_burst
2000000,5e-07,1,5,5,11,1,1,6.27864607357677,0.998524784374989,1,0,0.2,1.5,4,designed_PWM_SOC_burst
2000000,5e-07,1,5,6,11,1,1,6.27864607357677,0.998524784374989,1,0,0.2,1.5,4,designed_PWM_SOC_burst
2000000,5e-07,1,5,8,11,1,1,6.27864607357677,0.998524784374989,1,0,0.2,1.5,4,designed_PWM_SOC_burst
3000000,3.33333333333333e-07,0.2,1.5,3,5,5.3,1,1.17177398096299,1.00015648380898,1,0,0.2,1.5,5,designed_PWM_SOC_burst
3000000,3.33333333333333e-07,0.2,1.5,4,5,5.3,1,1.17177398096299,1.00015648380898,1,0,0.2,1.5,5,designed_PWM_SOC_burst
3000000,3.33333333333333e-07,0.2,1.5,5,5,5.3,1,1.17177398096299,1.00015648380898,1,1,0.2,1.5,5,designed_PWM_SOC_burst
3000000,3.33333333333333e-07,0.2,1.5,6,5,5.3,0,NaN,NaN,1,0,0.2,1.5,5,designed_PWM_SOC_burst
3000000,3.33333333333333e-07,0.2,1.5,8,5,5.3,0,NaN,NaN,1,0,0.2,1.5,5,designed_PWM_SOC_burst
3000000,3.33333333333333e-07,0.2,2,3,7,4.8,1,1.16090914634106,1.00027822596821,1,0,0.2,1.5,5,designed_PWM_SOC_burst
3000000,3.33333333333333e-07,0.2,2,4,7,4.8,1,1.16090914634106,1.00027822596821,1,0,0.2,1.5,5,designed_PWM_SOC_burst
3000000,3.33333333333333e-07,0.2,2,5,7,4.8,1,1.16090914634106,1.00027822596821,1,0,0.2,1.5,5,designed_PWM_SOC_burst
3000000,3.33333333333333e-07,0.2,2,6,7,4.8,1,1.16090914634106,1.00027822596821,1,0,0.2,1.5,5,designed_PWM_SOC_burst
3000000,3.33333333333333e-07,0.2,2,8,7,4.8,0,NaN,NaN,1,0,0.2,1.5,5,designed_PWM_SOC_burst
3000000,3.33333333333333e-07,0.2,2.5,3,8,4.3,1,1.2069088532729,1.00035365976631,1,0,0.2,1.5,5,designed_PWM_SOC_burst
3000000,3.33333333333333e-07,0.2,2.5,4,8,4.3,1,1.2069088532729,1.00035365976631,1,0,0.2,1.5,5,designed_PWM_SOC_burst
3000000,3.33333333333333e-07,0.2,2.5,5,8,4.3,1,1.2069088532729,1.00035365976631,1,0,0.2,1.5,5,designed_PWM_SOC_burst
3000000,3.33333333333333e-07,0.2,2.5,6,8,4.3,1,1.2069088532729,1.00035365976631,1,0,0.2,1.5,5,designed_PWM_SOC_burst
3000000,3.33333333333333e-07,0.2,2.5,8,8,4.3,1,1.2069088532729,1.00035365976631,1,0,0.2,1.5,5,designed_PWM_SOC_burst
3000000,3.33333333333333e-07,0.2,3,3,10,3.8,1,1.60020778820875,1.00053357827742,1,0,0.2,1.5,5,designed_PWM_SOC_burst
3000000,3.33333333333333e-07,0.2,3,4,10,3.8,1,1.60020778820875,1.00053357827742,1,0,0.2,1.5,5,designed_PWM_SOC_burst
3000000,3.33333333333333e-07,0.2,3,5,10,3.8,1,1.60020778820875,1.00053357827742,1,0,0.2,1.5,5,designed_PWM_SOC_burst
3000000,3.33333333333333e-07,0.2,3,6,10,3.8,1,1.60020778820875,1.00053357827742,1,0,0.2,1.5,5,designed_PWM_SOC_burst
3000000,3.33333333333333e-07,0.2,3,8,10,3.8,1,1.60020778820875,1.00053357827742,1,0,0.2,1.5,5,designed_PWM_SOC_burst
3000000,3.33333333333333e-07,0.2,4,3,13,2.8,1,2.3677289521771,1.00087631059774,1,0,0.2,1.5,5,designed_PWM_SOC_burst
3000000,3.33333333333333e-07,0.2,4,4,13,2.8,1,2.3677289521771,1.00087631059774,1,0,0.2,1.5,5,designed_PWM_SOC_burst
3000000,3.33333333333333e-07,0.2,4,5,13,2.8,1,2.3677289521771,1.00087631059774,1,0,0.2,1.5,5,designed_PWM_SOC_burst
3000000,3.33333333333333e-07,0.2,4,6,13,2.8,1,2.3677289521771,1.00087631059774,1,0,0.2,1.5,5,designed_PWM_SOC_burst
3000000,3.33333333333333e-07,0.2,4,8,13,2.8,1,2.3677289521771,1.00087631059774,1,0,0.2,1.5,5,designed_PWM_SOC_burst
3000000,3.33333333333333e-07,0.2,5,3,16,1.8,1,3.32965679581916,1.00130658531278,1,0,0.2,1.5,5,designed_PWM_SOC_burst
3000000,3.33333333333333e-07,0.2,5,4,16,1.8,1,3.32965679581916,1.00130658531278,1,0,0.2,1.5,5,designed_PWM_SOC_burst
3000000,3.33333333333333e-07,0.2,5,5,16,1.8,1,3.32965679581916,1.00130658531278,1,0,0.2,1.5,5,designed_PWM_SOC_burst
3000000,3.33333333333333e-07,0.2,5,6,16,1.8,1,3.32965679581916,1.00130658531278,1,0,0.2,1.5,5,designed_PWM_SOC_burst
3000000,3.33333333333333e-07,0.2,5,8,16,1.8,1,3.32965679581916,1.00130658531278,1,0,0.2,1.5,5,designed_PWM_SOC_burst
3000000,3.33333333333333e-07,0.5,1.5,3,5,5,1,1.21285639400136,1.00031560731563,1,0,0.2,1.5,5,designed_PWM_SOC_burst
3000000,3.33333333333333e-07,0.5,1.5,4,5,5,1,1.21285639400136,1.00031560731563,1,0,0.2,1.5,5,designed_PWM_SOC_burst
3000000,3.33333333333333e-07,0.5,1.5,5,5,5,1,1.21285639400136,1.00031560731563,1,0,0.2,1.5,5,designed_PWM_SOC_burst
3000000,3.33333333333333e-07,0.5,1.5,6,5,5,0,NaN,NaN,1,0,0.2,1.5,5,designed_PWM_SOC_burst
3000000,3.33333333333333e-07,0.5,1.5,8,5,5,0,NaN,NaN,1,0,0.2,1.5,5,designed_PWM_SOC_burst
3000000,3.33333333333333e-07,0.5,2,3,7,4.5,1,1.50219472414983,1.00048960917724,1,0,0.2,1.5,5,designed_PWM_SOC_burst
3000000,3.33333333333333e-07,0.5,2,4,7,4.5,1,1.50219472414983,1.00048960917724,1,0,0.2,1.5,5,designed_PWM_SOC_burst
3000000,3.33333333333333e-07,0.5,2,5,7,4.5,1,1.50219472414983,1.00048960917724,1,0,0.2,1.5,5,designed_PWM_SOC_burst
3000000,3.33333333333333e-07,0.5,2,6,7,4.5,1,1.50219472414983,1.00048960917724,1,0,0.2,1.5,5,designed_PWM_SOC_burst
3000000,3.33333333333333e-07,0.5,2,8,7,4.5,0,NaN,NaN,1,0,0.2,1.5,5,designed_PWM_SOC_burst
3000000,3.33333333333333e-07,0.5,2.5,3,8,4,1,1.73003705089507,1.00059120344858,1,0,0.2,1.5,5,designed_PWM_SOC_burst
3000000,3.33333333333333e-07,0.5,2.5,4,8,4,1,1.73003705089507,1.00059120344858,1,0,0.2,1.5,5,designed_PWM_SOC_burst
3000000,3.33333333333333e-07,0.5,2.5,5,8,4,1,1.73003705089507,1.00059120344858,1,0,0.2,1.5,5,designed_PWM_SOC_burst
3000000,3.33333333333333e-07,0.5,2.5,6,8,4,1,1.73003705089507,1.00059120344858,1,0,0.2,1.5,5,designed_PWM_SOC_burst
3000000,3.33333333333333e-07,0.5,2.5,8,8,4,1,1.73003705089507,1.00059120344858,1,0,0.2,1.5,5,designed_PWM_SOC_burst
3000000,3.33333333333333e-07,0.5,3,3,10,3.5,1,2.25048010527253,1.00082346748163,1,0,0.2,1.5,5,designed_PWM_SOC_burst
3000000,3.33333333333333e-07,0.5,3,4,10,3.5,1,2.25048010527253,1.00082346748163,1,0,0.2,1.5,5,designed_PWM_SOC_burst
3000000,3.33333333333333e-07,0.5,3,5,10,3.5,1,2.25048010527253,1.00082346748163,1,0,0.2,1.5,5,designed_PWM_SOC_burst
3000000,3.33333333333333e-07,0.5,3,6,10,3.5,1,2.25048010527253,1.00082346748163,1,0,0.2,1.5,5,designed_PWM_SOC_burst
3000000,3.33333333333333e-07,0.5,3,8,10,3.5,1,2.25048010527253,1.00082346748163,1,0,0.2,1.5,5,designed_PWM_SOC_burst
3000000,3.33333333333333e-07,0.5,4,3,13,2.5,1,3.19326973503845,1.00124482109024,1,0,0.2,1.5,5,designed_PWM_SOC_burst
3000000,3.33333333333333e-07,0.5,4,4,13,2.5,1,3.19326973503845,1.00124482109024,1,0,0.2,1.5,5,designed_PWM_SOC_burst
3000000,3.33333333333333e-07,0.5,4,5,13,2.5,1,3.19326973503845,1.00124482109024,1,0,0.2,1.5,5,designed_PWM_SOC_burst
3000000,3.33333333333333e-07,0.5,4,6,13,2.5,1,3.19326973503845,1.00124482109024,1,0,0.2,1.5,5,designed_PWM_SOC_burst
3000000,3.33333333333333e-07,0.5,4,8,13,2.5,1,3.19326973503845,1.00124482109024,1,0,0.2,1.5,5,designed_PWM_SOC_burst
3000000,3.33333333333333e-07,0.5,5,3,16,1.5,1,4.3302526285148,1.00175383137522,1,0,0.2,1.5,5,designed_PWM_SOC_burst
3000000,3.33333333333333e-07,0.5,5,4,16,1.5,1,4.3302526285148,1.00175383137522,1,0,0.2,1.5,5,designed_PWM_SOC_burst
3000000,3.33333333333333e-07,0.5,5,5,16,1.5,1,4.3302526285148,1.00175383137522,1,0,0.2,1.5,5,designed_PWM_SOC_burst
3000000,3.33333333333333e-07,0.5,5,6,16,1.5,1,4.3302526285148,1.00175383137522,1,0,0.2,1.5,5,designed_PWM_SOC_burst
3000000,3.33333333333333e-07,0.5,5,8,16,1.5,1,4.3302526285148,1.00175383137522,1,0,0.2,1.5,5,designed_PWM_SOC_burst
3000000,3.33333333333333e-07,0.8,1.5,3,5,4.7,1,1.57474321336228,1.00052178409773,1,0,0.2,1.5,5,designed_PWM_SOC_burst
3000000,3.33333333333333e-07,0.8,1.5,4,5,4.7,1,1.57474321336228,1.00052178409773,1,0,0.2,1.5,5,designed_PWM_SOC_burst
3000000,3.33333333333333e-07,0.8,1.5,5,5,4.7,1,1.57474321336228,1.00052178409773,1,0,0.2,1.5,5,designed_PWM_SOC_burst
3000000,3.33333333333333e-07,0.8,1.5,6,5,4.7,0,NaN,NaN,1,0,0.2,1.5,5,designed_PWM_SOC_burst
3000000,3.33333333333333e-07,0.8,1.5,8,5,4.7,0,NaN,NaN,1,0,0.2,1.5,5,designed_PWM_SOC_burst
3000000,3.33333333333333e-07,0.8,2,3,7,4.2,1,2.0822797477057,1.00074809563096,1,0,0.2,1.5,5,designed_PWM_SOC_burst
3000000,3.33333333333333e-07,0.8,2,4,7,4.2,1,2.0822797477057,1.00074809563096,1,0,0.2,1.5,5,designed_PWM_SOC_burst
3000000,3.33333333333333e-07,0.8,2,5,7,4.2,1,2.0822797477057,1.00074809563096,1,0,0.2,1.5,5,designed_PWM_SOC_burst
3000000,3.33333333333333e-07,0.8,2,6,7,4.2,1,2.0822797477057,1.00074809563096,1,0,0.2,1.5,5,designed_PWM_SOC_burst
3000000,3.33333333333333e-07,0.8,2,8,7,4.2,0,NaN,NaN,1,0,0.2,1.5,5,designed_PWM_SOC_burst
3000000,3.33333333333333e-07,0.8,2.5,3,8,3.7,1,2.36860395207427,1.00087587527367,1,0,0.2,1.5,5,designed_PWM_SOC_burst
3000000,3.33333333333333e-07,0.8,2.5,4,8,3.7,1,2.36860395207427,1.00087587527367,1,0,0.2,1.5,5,designed_PWM_SOC_burst
3000000,3.33333333333333e-07,0.8,2.5,5,8,3.7,1,2.36860395207427,1.00087587527367,1,0,0.2,1.5,5,designed_PWM_SOC_burst
3000000,3.33333333333333e-07,0.8,2.5,6,8,3.7,1,2.36860395207427,1.00087587527367,1,0,0.2,1.5,5,designed_PWM_SOC_burst
3000000,3.33333333333333e-07,0.8,2.5,8,8,3.7,1,2.36860395207427,1.00087587527367,1,0,0.2,1.5,5,designed_PWM_SOC_burst
3000000,3.33333333333333e-07,0.8,3,3,10,3.2,1,3.00590984603,1.00116053441803,1,0,0.2,1.5,5,designed_PWM_SOC_burst
3000000,3.33333333333333e-07,0.8,3,4,10,3.2,1,3.00590984603,1.00116053441803,1,0,0.2,1.5,5,designed_PWM_SOC_burst
3000000,3.33333333333333e-07,0.8,3,5,10,3.2,1,3.00590984603,1.00116053441803,1,0,0.2,1.5,5,designed_PWM_SOC_burst
3000000,3.33333333333333e-07,0.8,3,6,10,3.2,1,3.00590984603,1.00116053441803,1,0,0.2,1.5,5,designed_PWM_SOC_burst
3000000,3.33333333333333e-07,0.8,3,8,10,3.2,1,3.00590984603,1.00116053441803,1,0,0.2,1.5,5,designed_PWM_SOC_burst
3000000,3.33333333333333e-07,0.8,4,3,13,2.2,1,4.12383271336262,1.00166058322026,1,0,0.2,1.5,5,designed_PWM_SOC_burst
3000000,3.33333333333333e-07,0.8,4,4,13,2.2,1,4.12383271336262,1.00166058322026,1,0,0.2,1.5,5,designed_PWM_SOC_burst
3000000,3.33333333333333e-07,0.8,4,5,13,2.2,1,4.12383271336262,1.00166058322026,1,0,0.2,1.5,5,designed_PWM_SOC_burst
3000000,3.33333333333333e-07,0.8,4,6,13,2.2,1,4.12383271336262,1.00166058322026,1,0,0.2,1.5,5,designed_PWM_SOC_burst
3000000,3.33333333333333e-07,0.8,4,8,13,2.2,1,4.12383271336262,1.00166058322026,1,0,0.2,1.5,5,designed_PWM_SOC_burst
3000000,3.33333333333333e-07,0.8,5,3,16,1.2,1,5.51012494991538,1.00045684681501,1,0,0.2,1.5,5,designed_PWM_SOC_burst
3000000,3.33333333333333e-07,0.8,5,4,16,1.2,1,5.51012494991538,1.00045684681501,1,0,0.2,1.5,5,designed_PWM_SOC_burst
3000000,3.33333333333333e-07,0.8,5,5,16,1.2,1,5.51012494991538,1.00045684681501,1,0,0.2,1.5,5,designed_PWM_SOC_burst
3000000,3.33333333333333e-07,0.8,5,6,16,1.2,1,5.51012494991538,1.00045684681501,1,0,0.2,1.5,5,designed_PWM_SOC_burst
3000000,3.33333333333333e-07,0.8,5,8,16,1.2,1,5.51012494991538,1.00045684681501,1,0,0.2,1.5,5,designed_PWM_SOC_burst
3000000,3.33333333333333e-07,1,1.5,3,5,4.5,1,1.94198245119436,1.00068539823005,1,0,0.2,1.5,5,designed_PWM_SOC_burst
3000000,3.33333333333333e-07,1,1.5,4,5,4.5,1,1.94198245119436,1.00068539823005,1,0,0.2,1.5,5,designed_PWM_SOC_burst
3000000,3.33333333333333e-07,1,1.5,5,5,4.5,1,1.94198245119436,1.00068539823005,1,0,0.2,1.5,5,designed_PWM_SOC_burst
3000000,3.33333333333333e-07,1,1.5,6,5,4.5,0,NaN,NaN,1,0,0.2,1.5,5,designed_PWM_SOC_burst
3000000,3.33333333333333e-07,1,1.5,8,5,4.5,0,NaN,NaN,1,0,0.2,1.5,5,designed_PWM_SOC_burst
3000000,3.33333333333333e-07,1,2,3,7,4,1,2.52745850426199,1.00094661052576,1,0,0.2,1.5,5,designed_PWM_SOC_burst
3000000,3.33333333333333e-07,1,2,4,7,4,1,2.52745850426199,1.00094661052576,1,0,0.2,1.5,5,designed_PWM_SOC_burst
3000000,3.33333333333333e-07,1,2,5,7,4,1,2.52745850426199,1.00094661052576,1,0,0.2,1.5,5,designed_PWM_SOC_burst
3000000,3.33333333333333e-07,1,2,6,7,4,1,2.52745850426199,1.00094661052576,1,0,0.2,1.5,5,designed_PWM_SOC_burst
3000000,3.33333333333333e-07,1,2,8,7,4,0,NaN,NaN,1,0,0.2,1.5,5,designed_PWM_SOC_burst
3000000,3.33333333333333e-07,1,2.5,3,8,3.5,1,2.85274597479771,1.00109186085897,1,0,0.2,1.5,5,designed_PWM_SOC_burst
3000000,3.33333333333333e-07,1,2.5,4,8,3.5,1,2.85274597479771,1.00109186085897,1,0,0.2,1.5,5,designed_PWM_SOC_burst
3000000,3.33333333333333e-07,1,2.5,5,8,3.5,1,2.85274597479771,1.00109186085897,1,0,0.2,1.5,5,designed_PWM_SOC_burst
3000000,3.33333333333333e-07,1,2.5,6,8,3.5,1,2.85274597479771,1.00109186085897,1,0,0.2,1.5,5,designed_PWM_SOC_burst
3000000,3.33333333333333e-07,1,2.5,8,8,3.5,1,2.85274597479771,1.00109186085897,1,0,0.2,1.5,5,designed_PWM_SOC_burst
3000000,3.33333333333333e-07,1,3,3,10,3,1,3.56791065034086,1.00141147751467,1,0,0.2,1.5,5,designed_PWM_SOC_burst
3000000,3.33333333333333e-07,1,3,4,10,3,1,3.56791065034086,1.00141147751467,1,0,0.2,1.5,5,designed_PWM_SOC_burst
3000000,3.33333333333333e-07,1,3,5,10,3,1,3.56791065034086,1.00141147751467,1,0,0.2,1.5,5,designed_PWM_SOC_burst
3000000,3.33333333333333e-07,1,3,6,10,3,1,3.56791065034086,1.00141147751467,1,0,0.2,1.5,5,designed_PWM_SOC_burst
3000000,3.33333333333333e-07,1,3,8,10,3,1,3.56791065034086,1.00141147751467,1,0,0.2,1.5,5,designed_PWM_SOC_burst
3000000,3.33333333333333e-07,1,4,3,13,2,1,4.82858500965753,1.00196403066916,1,0,0.2,1.5,5,designed_PWM_SOC_burst
3000000,3.33333333333333e-07,1,4,4,13,2,1,4.82858500965753,1.00196403066916,1,0,0.2,1.5,5,designed_PWM_SOC_burst
3000000,3.33333333333333e-07,1,4,5,13,2,1,4.82858500965753,1.00196403066916,1,0,0.2,1.5,5,designed_PWM_SOC_burst
3000000,3.33333333333333e-07,1,4,6,13,2,1,4.82858500965753,1.00196403066916,1,0,0.2,1.5,5,designed_PWM_SOC_burst
3000000,3.33333333333333e-07,1,4,8,13,2,1,4.82858500965753,1.00196403066916,1,0,0.2,1.5,5,designed_PWM_SOC_burst
3000000,3.33333333333333e-07,1,5,3,16,1,1,6.36601642174294,0.998306102913901,1,0,0.2,1.5,5,designed_PWM_SOC_burst
3000000,3.33333333333333e-07,1,5,4,16,1,1,6.36601642174294,0.998306102913901,1,0,0.2,1.5,5,designed_PWM_SOC_burst
3000000,3.33333333333333e-07,1,5,5,16,1,1,6.36601642174294,0.998306102913901,1,0,0.2,1.5,5,designed_PWM_SOC_burst
3000000,3.33333333333333e-07,1,5,6,16,1,1,6.36601642174294,0.998306102913901,1,0,0.2,1.5,5,designed_PWM_SOC_burst
3000000,3.33333333333333e-07,1,5,8,16,1,1,6.36601642174294,0.998306102913901,1,0,0.2,1.5,5,designed_PWM_SOC_burst
3500000,2.85714285714286e-07,0.2,1.5,3,6,5.3,1,1.16582785859947,1.00017446259849,1,0,0.2,1.5,6,designed_PWM_SOC_burst
3500000,2.85714285714286e-07,0.2,1.5,4,6,5.3,1,1.16582785859947,1.00017446259849,1,0,0.2,1.5,6,designed_PWM_SOC_burst
3500000,2.85714285714286e-07,0.2,1.5,5,6,5.3,1,1.16582785859947,1.00017446259849,1,0,0.2,1.5,6,designed_PWM_SOC_burst
3500000,2.85714285714286e-07,0.2,1.5,6,6,5.3,1,1.16582785859947,1.00017446259849,1,1,0.2,1.5,6,designed_PWM_SOC_burst
3500000,2.85714285714286e-07,0.2,1.5,8,6,5.3,0,NaN,NaN,1,0,0.2,1.5,6,designed_PWM_SOC_burst
3500000,2.85714285714286e-07,0.2,2,3,8,4.8,1,1.16698944860173,1.00028235356953,1,0,0.2,1.5,6,designed_PWM_SOC_burst
3500000,2.85714285714286e-07,0.2,2,4,8,4.8,1,1.16698944860173,1.00028235356953,1,0,0.2,1.5,6,designed_PWM_SOC_burst
3500000,2.85714285714286e-07,0.2,2,5,8,4.8,1,1.16698944860173,1.00028235356953,1,0,0.2,1.5,6,designed_PWM_SOC_burst
3500000,2.85714285714286e-07,0.2,2,6,8,4.8,1,1.16698944860173,1.00028235356953,1,0,0.2,1.5,6,designed_PWM_SOC_burst
3500000,2.85714285714286e-07,0.2,2,8,8,4.8,1,1.16698944860173,1.00028235356953,1,0,0.2,1.5,6,designed_PWM_SOC_burst
3500000,2.85714285714286e-07,0.2,2.5,3,9,4.3,1,1.20518249315844,1.00034700567521,1,0,0.2,1.5,6,designed_PWM_SOC_burst
3500000,2.85714285714286e-07,0.2,2.5,4,9,4.3,1,1.20518249315844,1.00034700567521,1,0,0.2,1.5,6,designed_PWM_SOC_burst
3500000,2.85714285714286e-07,0.2,2.5,5,9,4.3,1,1.20518249315844,1.00034700567521,1,0,0.2,1.5,6,designed_PWM_SOC_burst
3500000,2.85714285714286e-07,0.2,2.5,6,9,4.3,1,1.20518249315844,1.00034700567521,1,0,0.2,1.5,6,designed_PWM_SOC_burst
3500000,2.85714285714286e-07,0.2,2.5,8,9,4.3,1,1.20518249315844,1.00034700567521,1,0,0.2,1.5,6,designed_PWM_SOC_burst
3500000,2.85714285714286e-07,0.2,3,3,11,3.8,1,1.51975268611433,1.00049766778909,1,0,0.2,1.5,6,designed_PWM_SOC_burst
3500000,2.85714285714286e-07,0.2,3,4,11,3.8,1,1.51975268611433,1.00049766778909,1,0,0.2,1.5,6,designed_PWM_SOC_burst
3500000,2.85714285714286e-07,0.2,3,5,11,3.8,1,1.51975268611433,1.00049766778909,1,0,0.2,1.5,6,designed_PWM_SOC_burst
3500000,2.85714285714286e-07,0.2,3,6,11,3.8,1,1.51975268611433,1.00049766778909,1,0,0.2,1.5,6,designed_PWM_SOC_burst
3500000,2.85714285714286e-07,0.2,3,8,11,3.8,1,1.51975268611433,1.00049766778909,1,0,0.2,1.5,6,designed_PWM_SOC_burst
3500000,2.85714285714286e-07,0.2,4,3,15,2.8,1,2.38632080610236,1.00088458152441,1,0,0.2,1.5,6,designed_PWM_SOC_burst
3500000,2.85714285714286e-07,0.2,4,4,15,2.8,1,2.38632080610236,1.00088458152441,1,0,0.2,1.5,6,designed_PWM_SOC_burst
3500000,2.85714285714286e-07,0.2,4,5,15,2.8,1,2.38632080610236,1.00088458152441,1,0,0.2,1.5,6,designed_PWM_SOC_burst
3500000,2.85714285714286e-07,0.2,4,6,15,2.8,1,2.38632080610236,1.00088458152441,1,0,0.2,1.5,6,designed_PWM_SOC_burst
3500000,2.85714285714286e-07,0.2,4,8,15,2.8,1,2.38632080610236,1.00088458152441,1,0,0.2,1.5,6,designed_PWM_SOC_burst
3500000,2.85714285714286e-07,0.2,5,3,18,1.8,1,3.20293903505179,1.00124980657791,1,0,0.2,1.5,6,designed_PWM_SOC_burst
3500000,2.85714285714286e-07,0.2,5,4,18,1.8,1,3.20293903505179,1.00124980657791,1,0,0.2,1.5,6,designed_PWM_SOC_burst
3500000,2.85714285714286e-07,0.2,5,5,18,1.8,1,3.20293903505179,1.00124980657791,1,0,0.2,1.5,6,designed_PWM_SOC_burst
3500000,2.85714285714286e-07,0.2,5,6,18,1.8,1,3.20293903505179,1.00124980657791,1,0,0.2,1.5,6,designed_PWM_SOC_burst
3500000,2.85714285714286e-07,0.2,5,8,18,1.8,1,3.20293903505179,1.00124980657791,1,0,0.2,1.5,6,designed_PWM_SOC_burst
3500000,2.85714285714286e-07,0.5,1.5,3,6,5,1,1.20372751754482,1.00034105503009,1,0,0.2,1.5,6,designed_PWM_SOC_burst
3500000,2.85714285714286e-07,0.5,1.5,4,6,5,1,1.20372751754482,1.00034105503009,1,0,0.2,1.5,6,designed_PWM_SOC_burst
3500000,2.85714285714286e-07,0.5,1.5,5,6,5,1,1.20372751754482,1.00034105503009,1,0,0.2,1.5,6,designed_PWM_SOC_burst
3500000,2.85714285714286e-07,0.5,1.5,6,6,5,1,1.20372751754482,1.00034105503009,1,0,0.2,1.5,6,designed_PWM_SOC_burst
3500000,2.85714285714286e-07,0.5,1.5,8,6,5,0,NaN,NaN,1,0,0.2,1.5,6,designed_PWM_SOC_burst
3500000,2.85714285714286e-07,0.5,2,3,8,4.5,1,1.51148137313181,1.0004937378354,1,0,0.2,1.5,6,designed_PWM_SOC_burst
3500000,2.85714285714286e-07,0.5,2,4,8,4.5,1,1.51148137313181,1.0004937378354,1,0,0.2,1.5,6,designed_PWM_SOC_burst
3500000,2.85714285714286e-07,0.5,2,5,8,4.5,1,1.51148137313181,1.0004937378354,1,0,0.2,1.5,6,designed_PWM_SOC_burst
3500000,2.85714285714286e-07,0.5,2,6,8,4.5,1,1.51148137313181,1.0004937378354,1,0,0.2,1.5,6,designed_PWM_SOC_burst
3500000,2.85714285714286e-07,0.5,2,8,8,4.5,1,1.51148137313181,1.0004937378354,1,0,0.2,1.5,6,designed_PWM_SOC_burst
3500000,2.85714285714286e-07,0.5,2.5,3,9,4,1,1.70676895667488,1.00058081132816,1,0,0.2,1.5,6,designed_PWM_SOC_burst
3500000,2.85714285714286e-07,0.5,2.5,4,9,4,1,1.70676895667488,1.00058081132816,1,0,0.2,1.5,6,designed_PWM_SOC_burst
3500000,2.85714285714286e-07,0.5,2.5,5,9,4,1,1.70676895667488,1.00058081132816,1,0,0.2,1.5,6,designed_PWM_SOC_burst
3500000,2.85714285714286e-07,0.5,2.5,6,9,4,1,1.70676895667488,1.00058081132816,1,0,0.2,1.5,6,designed_PWM_SOC_burst
3500000,2.85714285714286e-07,0.5,2.5,8,9,4,1,1.70676895667488,1.00058081132816,1,0,0.2,1.5,6,designed_PWM_SOC_burst
3500000,2.85714285714286e-07,0.5,3,3,11,3.5,1,2.14497405314737,1.00077633924337,1,0,0.2,1.5,6,designed_PWM_SOC_burst
3500000,2.85714285714286e-07,0.5,3,4,11,3.5,1,2.14497405314737,1.00077633924337,1,0,0.2,1.5,6,designed_PWM_SOC_burst
3500000,2.85714285714286e-07,0.5,3,5,11,3.5,1,2.14497405314737,1.00077633924337,1,0,0.2,1.5,6,designed_PWM_SOC_burst
3500000,2.85714285714286e-07,0.5,3,6,11,3.5,1,2.14497405314737,1.00077633924337,1,0,0.2,1.5,6,designed_PWM_SOC_burst
3500000,2.85714285714286e-07,0.5,3,8,11,3.5,1,2.14497405314737,1.00077633924337,1,0,0.2,1.5,6,designed_PWM_SOC_burst
3500000,2.85714285714286e-07,0.5,4,3,15,2.5,1,3.21185860428181,1.00125309389355,1,0,0.2,1.5,6,designed_PWM_SOC_burst
3500000,2.85714285714286e-07,0.5,4,4,15,2.5,1,3.21185860428181,1.00125309389355,1,0,0.2,1.5,6,designed_PWM_SOC_burst
3500000,2.85714285714286e-07,0.5,4,5,15,2.5,1,3.21185860428181,1.00125309389355,1,0,0.2,1.5,6,designed_PWM_SOC_burst
3500000,2.85714285714286e-07,0.5,4,6,15,2.5,1,3.21185860428181,1.00125309389355,1,0,0.2,1.5,6,designed_PWM_SOC_burst
3500000,2.85714285714286e-07,0.5,4,8,15,2.5,1,3.21185860428181,1.00125309389355,1,0,0.2,1.5,6,designed_PWM_SOC_burst
3500000,2.85714285714286e-07,0.5,5,3,18,1.5,1,4.17853916782011,1.00168580108032,1,0,0.2,1.5,6,designed_PWM_SOC_burst
3500000,2.85714285714286e-07,0.5,5,4,18,1.5,1,4.17853916782011,1.00168580108032,1,0,0.2,1.5,6,designed_PWM_SOC_burst
3500000,2.85714285714286e-07,0.5,5,5,18,1.5,1,4.17853916782011,1.00168580108032,1,0,0.2,1.5,6,designed_PWM_SOC_burst
3500000,2.85714285714286e-07,0.5,5,6,18,1.5,1,4.17853916782011,1.00168580108032,1,0,0.2,1.5,6,designed_PWM_SOC_burst
3500000,2.85714285714286e-07,0.5,5,8,18,1.5,1,4.17853916782011,1.00168580108032,1,0,0.2,1.5,6,designed_PWM_SOC_burst
3500000,2.85714285714286e-07,0.8,1.5,3,6,4.7,1,1.64863135223502,1.00055470789626,1,0,0.2,1.5,6,designed_PWM_SOC_burst
3500000,2.85714285714286e-07,0.8,1.5,4,6,4.7,1,1.64863135223502,1.00055470789626,1,0,0.2,1.5,6,designed_PWM_SOC_burst
3500000,2.85714285714286e-07,0.8,1.5,5,6,4.7,1,1.64863135223502,1.00055470789626,1,0,0.2,1.5,6,designed_PWM_SOC_burst
3500000,2.85714285714286e-07,0.8,1.5,6,6,4.7,1,1.64863135223502,1.00055470789626,1,0,0.2,1.5,6,designed_PWM_SOC_burst
3500000,2.85714285714286e-07,0.8,1.5,8,6,4.7,0,NaN,NaN,1,0,0.2,1.5,6,designed_PWM_SOC_burst
3500000,2.85714285714286e-07,0.8,2,3,8,4.2,1,2.09156468188764,1.00075222534564,1,0,0.2,1.5,6,designed_PWM_SOC_burst
3500000,2.85714285714286e-07,0.8,2,4,8,4.2,1,2.09156468188764,1.00075222534564,1,0,0.2,1.5,6,designed_PWM_SOC_burst
3500000,2.85714285714286e-07,0.8,2,5,8,4.2,1,2.09156468188764,1.00075222534564,1,0,0.2,1.5,6,designed_PWM_SOC_burst
3500000,2.85714285714286e-07,0.8,2,6,8,4.2,1,2.09156468188764,1.00075222534564,1,0,0.2,1.5,6,designed_PWM_SOC_burst
3500000,2.85714285714286e-07,0.8,2,8,8,4.2,1,2.09156468188764,1.00075222534564,1,0,0.2,1.5,6,designed_PWM_SOC_burst
3500000,2.85714285714286e-07,0.8,2.5,3,9,3.7,1,2.33697813805874,1.00086174156973,1,0,0.2,1.5,6,designed_PWM_SOC_burst
3500000,2.85714285714286e-07,0.8,2.5,4,9,3.7,1,2.33697813805874,1.00086174156973,1,0,0.2,1.5,6,designed_PWM_SOC_burst
3500000,2.85714285714286e-07,0.8,2.5,5,9,3.7,1,2.33697813805874,1.00086174156973,1,0,0.2,1.5,6,designed_PWM_SOC_burst
3500000,2.85714285714286e-07,0.8,2.5,6,9,3.7,1,2.33697813805874,1.00086174156973,1,0,0.2,1.5,6,designed_PWM_SOC_burst
3500000,2.85714285714286e-07,0.8,2.5,8,9,3.7,1,2.33697813805874,1.00086174156973,1,0,0.2,1.5,6,designed_PWM_SOC_burst
3500000,2.85714285714286e-07,0.8,3,3,11,3.2,1,2.87537194338751,1.00110217782748,1,0,0.2,1.5,6,designed_PWM_SOC_burst
3500000,2.85714285714286e-07,0.8,3,4,11,3.2,1,2.87537194338751,1.00110217782748,1,0,0.2,1.5,6,designed_PWM_SOC_burst
3500000,2.85714285714286e-07,0.8,3,5,11,3.2,1,2.87537194338751,1.00110217782748,1,0,0.2,1.5,6,designed_PWM_SOC_burst
3500000,2.85714285714286e-07,0.8,3,6,11,3.2,1,2.87537194338751,1.00110217782748,1,0,0.2,1.5,6,designed_PWM_SOC_burst
3500000,2.85714285714286e-07,0.8,3,8,11,3.2,1,2.87537194338751,1.00110217782748,1,0,0.2,1.5,6,designed_PWM_SOC_burst
3500000,2.85714285714286e-07,0.8,4,3,15,2.2,1,4.14241860186744,1.00166885790113,1,0,0.2,1.5,6,designed_PWM_SOC_burst
3500000,2.85714285714286e-07,0.8,4,4,15,2.2,1,4.14241860186744,1.00166885790113,1,0,0.2,1.5,6,designed_PWM_SOC_burst
3500000,2.85714285714286e-07,0.8,4,5,15,2.2,1,4.14241860186744,1.00166885790113,1,0,0.2,1.5,6,designed_PWM_SOC_burst
3500000,2.85714285714286e-07,0.8,4,6,15,2.2,1,4.14241860186744,1.00166885790113,1,0,0.2,1.5,6,designed_PWM_SOC_burst
3500000,2.85714285714286e-07,0.8,4,8,15,2.2,1,4.14241860186744,1.00166885790113,1,0,0.2,1.5,6,designed_PWM_SOC_burst
3500000,2.85714285714286e-07,0.8,5,3,18,1.2,1,5.31995295100034,1.00093568822301,1,0,0.2,1.5,6,designed_PWM_SOC_burst
3500000,2.85714285714286e-07,0.8,5,4,18,1.2,1,5.31995295100034,1.00093568822301,1,0,0.2,1.5,6,designed_PWM_SOC_burst
3500000,2.85714285714286e-07,0.8,5,5,18,1.2,1,5.31995295100034,1.00093568822301,1,0,0.2,1.5,6,designed_PWM_SOC_burst
3500000,2.85714285714286e-07,0.8,5,6,18,1.2,1,5.31995295100034,1.00093568822301,1,0,0.2,1.5,6,designed_PWM_SOC_burst
3500000,2.85714285714286e-07,0.8,5,8,18,1.2,1,5.31995295100034,1.00093568822301,1,0,0.2,1.5,6,designed_PWM_SOC_burst
3500000,2.85714285714286e-07,1,1.5,3,6,4.5,1,2.02701601370558,1.00072331004554,1,0,0.2,1.5,6,designed_PWM_SOC_burst
3500000,2.85714285714286e-07,1,1.5,4,6,4.5,1,2.02701601370558,1.00072331004554,1,0,0.2,1.5,6,designed_PWM_SOC_burst
3500000,2.85714285714286e-07,1,1.5,5,6,4.5,1,2.02701601370558,1.00072331004554,1,0,0.2,1.5,6,designed_PWM_SOC_burst
3500000,2.85714285714286e-07,1,1.5,6,6,4.5,1,2.02701601370558,1.00072331004554,1,0,0.2,1.5,6,designed_PWM_SOC_burst
3500000,2.85714285714286e-07,1,1.5,8,6,4.5,0,NaN,NaN,1,0,0.2,1.5,6,designed_PWM_SOC_burst
3500000,2.85714285714286e-07,1,2,3,8,4,1,2.53674229523798,1.00095074094479,1,0,0.2,1.5,6,designed_PWM_SOC_burst
3500000,2.85714285714286e-07,1,2,4,8,4,1,2.53674229523798,1.00095074094479,1,0,0.2,1.5,6,designed_PWM_SOC_burst
3500000,2.85714285714286e-07,1,2,5,8,4,1,2.53674229523798,1.00095074094479,1,0,0.2,1.5,6,designed_PWM_SOC_burst
3500000,2.85714285714286e-07,1,2,6,8,4,1,2.53674229523798,1.00095074094479,1,0,0.2,1.5,6,designed_PWM_SOC_burst
3500000,2.85714285714286e-07,1,2,8,8,4,1,2.53674229523798,1.00095074094479,1,0,0.2,1.5,6,designed_PWM_SOC_burst
3500000,2.85714285714286e-07,1,2.5,3,9,3.5,1,2.81555188017264,1.00107523079949,1,0,0.2,1.5,6,designed_PWM_SOC_burst
3500000,2.85714285714286e-07,1,2.5,4,9,3.5,1,2.81555188017264,1.00107523079949,1,0,0.2,1.5,6,designed_PWM_SOC_burst
3500000,2.85714285714286e-07,1,2.5,5,9,3.5,1,2.81555188017264,1.00107523079949,1,0,0.2,1.5,6,designed_PWM_SOC_burst
3500000,2.85714285714286e-07,1,2.5,6,9,3.5,1,2.81555188017264,1.00107523079949,1,0,0.2,1.5,6,designed_PWM_SOC_burst
3500000,2.85714285714286e-07,1,2.5,8,9,3.5,1,2.81555188017264,1.00107523079949,1,0,0.2,1.5,6,designed_PWM_SOC_burst
3500000,2.85714285714286e-07,1,3,3,11,3,1,3.42069556726305,1.00134562948987,1,0,0.2,1.5,6,designed_PWM_SOC_burst
3500000,2.85714285714286e-07,1,3,4,11,3,1,3.42069556726305,1.00134562948987,1,0,0.2,1.5,6,designed_PWM_SOC_burst
3500000,2.85714285714286e-07,1,3,5,11,3,1,3.42069556726305,1.00134562948987,1,0,0.2,1.5,6,designed_PWM_SOC_burst
3500000,2.85714285714286e-07,1,3,6,11,3,1,3.42069556726305,1.00134562948987,1,0,0.2,1.5,6,designed_PWM_SOC_burst
3500000,2.85714285714286e-07,1,3,8,11,3,1,3.42069556726305,1.00134562948987,1,0,0.2,1.5,6,designed_PWM_SOC_burst
3500000,2.85714285714286e-07,1,4,3,15,2,1,4.84858671262777,1.00197230660218,1,0,0.2,1.5,6,designed_PWM_SOC_burst
3500000,2.85714285714286e-07,1,4,4,15,2,1,4.84858671262777,1.00197230660218,1,0,0.2,1.5,6,designed_PWM_SOC_burst
3500000,2.85714285714286e-07,1,4,5,15,2,1,4.84858671262777,1.00197230660218,1,0,0.2,1.5,6,designed_PWM_SOC_burst
3500000,2.85714285714286e-07,1,4,6,15,2,1,4.84858671262777,1.00197230660218,1,0,0.2,1.5,6,designed_PWM_SOC_burst
3500000,2.85714285714286e-07,1,4,8,15,2,1,4.84858671262777,1.00197230660218,1,0,0.2,1.5,6,designed_PWM_SOC_burst
3500000,2.85714285714286e-07,1,5,3,18,1,1,6.15793508087224,0.998830278412251,1,0,0.2,1.5,6,designed_PWM_SOC_burst
3500000,2.85714285714286e-07,1,5,4,18,1,1,6.15793508087224,0.998830278412251,1,0,0.2,1.5,6,designed_PWM_SOC_burst
3500000,2.85714285714286e-07,1,5,5,18,1,1,6.15793508087224,0.998830278412251,1,0,0.2,1.5,6,designed_PWM_SOC_burst
3500000,2.85714285714286e-07,1,5,6,18,1,1,6.15793508087224,0.998830278412251,1,0,0.2,1.5,6,designed_PWM_SOC_burst
3500000,2.85714285714286e-07,1,5,8,18,1,1,6.15793508087224,0.998830278412251,1,0,0.2,1.5,6,designed_PWM_SOC_burst
4000000,2.5e-07,0.2,1.5,3,7,5.3,1,1.16109405153211,1.00018877589203,1,0,0.2,1.5,6,designed_PWM_SOC_burst
4000000,2.5e-07,0.2,1.5,4,7,5.3,1,1.16109405153211,1.00018877589203,1,0,0.2,1.5,6,designed_PWM_SOC_burst
4000000,2.5e-07,0.2,1.5,5,7,5.3,1,1.16109405153211,1.00018877589203,1,0,0.2,1.5,6,designed_PWM_SOC_burst
4000000,2.5e-07,0.2,1.5,6,7,5.3,1,1.16109405153211,1.00018877589203,1,1,0.2,1.5,6,designed_PWM_SOC_burst
4000000,2.5e-07,0.2,1.5,8,7,5.3,0,NaN,NaN,1,0,0.2,1.5,6,designed_PWM_SOC_burst
4000000,2.5e-07,0.2,2,3,9,4.8,1,1.17169842987152,1.00028555000524,1,0,0.2,1.5,6,designed_PWM_SOC_burst
4000000,2.5e-07,0.2,2,4,9,4.8,1,1.17169842987152,1.00028555000524,1,0,0.2,1.5,6,designed_PWM_SOC_burst
4000000,2.5e-07,0.2,2,5,9,4.8,1,1.17169842987152,1.00028555000524,1,0,0.2,1.5,6,designed_PWM_SOC_burst
4000000,2.5e-07,0.2,2,6,9,4.8,1,1.17169842987152,1.00028555000524,1,0,0.2,1.5,6,designed_PWM_SOC_burst
4000000,2.5e-07,0.2,2,8,9,4.8,1,1.17169842987152,1.00028555000524,1,0,0.2,1.5,6,designed_PWM_SOC_burst
4000000,2.5e-07,0.2,2.5,3,11,4.3,1,1.31000453891011,1.00040412797406,1,0,0.2,1.5,6,designed_PWM_SOC_burst
4000000,2.5e-07,0.2,2.5,4,11,4.3,1,1.31000453891011,1.00040412797406,1,0,0.2,1.5,6,designed_PWM_SOC_burst
4000000,2.5e-07,0.2,2.5,5,11,4.3,1,1.31000453891011,1.00040412797406,1,0,0.2,1.5,6,designed_PWM_SOC_burst
4000000,2.5e-07,0.2,2.5,6,11,4.3,1,1.31000453891011,1.00040412797406,1,0,0.2,1.5,6,designed_PWM_SOC_burst
4000000,2.5e-07,0.2,2.5,8,11,4.3,1,1.31000453891011,1.00040412797406,1,0,0.2,1.5,6,designed_PWM_SOC_burst
4000000,2.5e-07,0.2,3,3,13,3.8,1,1.62484117630935,1.00054453049403,1,0,0.2,1.5,6,designed_PWM_SOC_burst
4000000,2.5e-07,0.2,3,4,13,3.8,1,1.62484117630935,1.00054453049403,1,0,0.2,1.5,6,designed_PWM_SOC_burst
4000000,2.5e-07,0.2,3,5,13,3.8,1,1.62484117630935,1.00054453049403,1,0,0.2,1.5,6,designed_PWM_SOC_burst
4000000,2.5e-07,0.2,3,6,13,3.8,1,1.62484117630935,1.00054453049403,1,0,0.2,1.5,6,designed_PWM_SOC_burst
4000000,2.5e-07,0.2,3,8,13,3.8,1,1.62484117630935,1.00054453049403,1,0,0.2,1.5,6,designed_PWM_SOC_burst
4000000,2.5e-07,0.2,4,3,17,2.8,1,2.40050577101837,1.00089089144332,1,0,0.2,1.5,6,designed_PWM_SOC_burst
4000000,2.5e-07,0.2,4,4,17,2.8,1,2.40050577101837,1.00089089144332,1,0,0.2,1.5,6,designed_PWM_SOC_burst
4000000,2.5e-07,0.2,4,5,17,2.8,1,2.40050577101837,1.00089089144332,1,0,0.2,1.5,6,designed_PWM_SOC_burst
4000000,2.5e-07,0.2,4,6,17,2.8,1,2.40050577101837,1.00089089144332,1,0,0.2,1.5,6,designed_PWM_SOC_burst
4000000,2.5e-07,0.2,4,8,17,2.8,1,2.40050577101837,1.00089089144332,1,0,0.2,1.5,6,designed_PWM_SOC_burst
4000000,2.5e-07,0.2,5,3,21,1.8,1,3.37057132728121,1.00132479630925,1,0,0.2,1.5,6,designed_PWM_SOC_burst
4000000,2.5e-07,0.2,5,4,21,1.8,1,3.37057132728121,1.00132479630925,1,0,0.2,1.5,6,designed_PWM_SOC_burst
4000000,2.5e-07,0.2,5,5,21,1.8,1,3.37057132728121,1.00132479630925,1,0,0.2,1.5,6,designed_PWM_SOC_burst
4000000,2.5e-07,0.2,5,6,21,1.8,1,3.37057132728121,1.00132479630925,1,0,0.2,1.5,6,designed_PWM_SOC_burst
4000000,2.5e-07,0.2,5,8,21,1.8,1,3.37057132728121,1.00132479630925,1,0,0.2,1.5,6,designed_PWM_SOC_burst
4000000,2.5e-07,0.5,1.5,3,7,5,1,1.21348603695908,1.00036095114584,1,0,0.2,1.5,6,designed_PWM_SOC_burst
4000000,2.5e-07,0.5,1.5,4,7,5,1,1.21348603695908,1.00036095114584,1,0,0.2,1.5,6,designed_PWM_SOC_burst
4000000,2.5e-07,0.5,1.5,5,7,5,1,1.21348603695908,1.00036095114584,1,0,0.2,1.5,6,designed_PWM_SOC_burst
4000000,2.5e-07,0.5,1.5,6,7,5,1,1.21348603695908,1.00036095114584,1,0,0.2,1.5,6,designed_PWM_SOC_burst
4000000,2.5e-07,0.5,1.5,8,7,5,0,NaN,NaN,1,0,0.2,1.5,6,designed_PWM_SOC_burst
4000000,2.5e-07,0.5,2,3,9,4.5,1,1.51867356081962,1.00049693505816,1,0,0.2,1.5,6,designed_PWM_SOC_burst
4000000,2.5e-07,0.5,2,4,9,4.5,1,1.51867356081962,1.00049693505816,1,0,0.2,1.5,6,designed_PWM_SOC_burst
4000000,2.5e-07,0.5,2,5,9,4.5,1,1.51867356081962,1.00049693505816,1,0,0.2,1.5,6,designed_PWM_SOC_burst
4000000,2.5e-07,0.5,2,6,9,4.5,1,1.51867356081962,1.00049693505816,1,0,0.2,1.5,6,designed_PWM_SOC_burst
4000000,2.5e-07,0.5,2,8,9,4.5,1,1.51867356081962,1.00049693505816,1,0,0.2,1.5,6,designed_PWM_SOC_burst
4000000,2.5e-07,0.5,2.5,3,11,4,1,1.87256047756193,1.00065475190385,1,0,0.2,1.5,6,designed_PWM_SOC_burst
4000000,2.5e-07,0.5,2.5,4,11,4,1,1.87256047756193,1.00065475190385,1,0,0.2,1.5,6,designed_PWM_SOC_burst
4000000,2.5e-07,0.5,2.5,5,11,4,1,1.87256047756193,1.00065475190385,1,0,0.2,1.5,6,designed_PWM_SOC_burst
4000000,2.5e-07,0.5,2.5,6,11,4,1,1.87256047756193,1.00065475190385,1,0,0.2,1.5,6,designed_PWM_SOC_burst
4000000,2.5e-07,0.5,2.5,8,11,4,1,1.87256047756193,1.00065475190385,1,0,0.2,1.5,6,designed_PWM_SOC_burst
4000000,2.5e-07,0.5,3,3,13,3.5,1,2.2751094025363,1.00083442225198,1,0,0.2,1.5,6,designed_PWM_SOC_burst
4000000,2.5e-07,0.5,3,4,13,3.5,1,2.2751094025363,1.00083442225198,1,0,0.2,1.5,6,designed_PWM_SOC_burst
4000000,2.5e-07,0.5,3,5,13,3.5,1,2.2751094025363,1.00083442225198,1,0,0.2,1.5,6,designed_PWM_SOC_burst
4000000,2.5e-07,0.5,3,6,13,3.5,1,2.2751094025363,1.00083442225198,1,0,0.2,1.5,6,designed_PWM_SOC_burst
4000000,2.5e-07,0.5,3,8,13,3.5,1,2.2751094025363,1.00083442225198,1,0,0.2,1.5,6,designed_PWM_SOC_burst
4000000,2.5e-07,0.5,4,3,17,2.5,1,3.2260413667093,1.00125940520519,1,0,0.2,1.5,6,designed_PWM_SOC_burst
4000000,2.5e-07,0.5,4,4,17,2.5,1,3.2260413667093,1.00125940520519,1,0,0.2,1.5,6,designed_PWM_SOC_burst
4000000,2.5e-07,0.5,4,5,17,2.5,1,3.2260413667093,1.00125940520519,1,0,0.2,1.5,6,designed_PWM_SOC_burst
4000000,2.5e-07,0.5,4,6,17,2.5,1,3.2260413667093,1.00125940520519,1,0,0.2,1.5,6,designed_PWM_SOC_burst
4000000,2.5e-07,0.5,4,8,17,2.5,1,3.2260413667093,1.00125940520519,1,0,0.2,1.5,6,designed_PWM_SOC_burst
4000000,2.5e-07,0.5,5,3,21,1.5,1,4.37116089104976,1.0017720463612,1,0,0.2,1.5,6,designed_PWM_SOC_burst
4000000,2.5e-07,0.5,5,4,21,1.5,1,4.37116089104976,1.0017720463612,1,0,0.2,1.5,6,designed_PWM_SOC_burst
4000000,2.5e-07,0.5,5,5,21,1.5,1,4.37116089104976,1.0017720463612,1,0,0.2,1.5,6,designed_PWM_SOC_burst
4000000,2.5e-07,0.5,5,6,21,1.5,1,4.37116089104976,1.0017720463612,1,0,0.2,1.5,6,designed_PWM_SOC_burst
4000000,2.5e-07,0.5,5,8,21,1.5,1,4.37116089104976,1.0017720463612,1,0,0.2,1.5,6,designed_PWM_SOC_burst
4000000,2.5e-07,0.8,1.5,3,7,4.7,1,1.70581839140544,1.00058019218145,1,0,0.2,1.5,6,designed_PWM_SOC_burst
4000000,2.5e-07,0.8,1.5,4,7,4.7,1,1.70581839140544,1.00058019218145,1,0,0.2,1.5,6,designed_PWM_SOC_burst
4000000,2.5e-07,0.8,1.5,5,7,4.7,1,1.70581839140544,1.00058019218145,1,0,0.2,1.5,6,designed_PWM_SOC_burst
4000000,2.5e-07,0.8,1.5,6,7,4.7,1,1.70581839140544,1.00058019218145,1,0,0.2,1.5,6,designed_PWM_SOC_burst
4000000,2.5e-07,0.8,1.5,8,7,4.7,0,NaN,NaN,1,0,0.2,1.5,6,designed_PWM_SOC_burst
4000000,2.5e-07,0.8,2,3,9,4.2,1,2.0987555989659,1.0007554233554,1,0,0.2,1.5,6,designed_PWM_SOC_burst
4000000,2.5e-07,0.8,2,4,9,4.2,1,2.0987555989659,1.0007554233554,1,0,0.2,1.5,6,designed_PWM_SOC_burst
4000000,2.5e-07,0.8,2,5,9,4.2,1,2.0987555989659,1.0007554233554,1,0,0.2,1.5,6,designed_PWM_SOC_burst
4000000,2.5e-07,0.8,2,6,9,4.2,1,2.0987555989659,1.0007554233554,1,0,0.2,1.5,6,designed_PWM_SOC_burst
4000000,2.5e-07,0.8,2,8,9,4.2,1,2.0987555989659,1.0007554233554,1,0,0.2,1.5,6,designed_PWM_SOC_burst
4000000,2.5e-07,0.8,2.5,3,11,3.7,1,2.54034047155531,1.00095251639496,1,0,0.2,1.5,6,designed_PWM_SOC_burst
4000000,2.5e-07,0.8,2.5,4,11,3.7,1,2.54034047155531,1.00095251639496,1,0,0.2,1.5,6,designed_PWM_SOC_burst
4000000,2.5e-07,0.8,2.5,5,11,3.7,1,2.54034047155531,1.00095251639496,1,0,0.2,1.5,6,designed_PWM_SOC_burst
4000000,2.5e-07,0.8,2.5,6,11,3.7,1,2.54034047155531,1.00095251639496,1,0,0.2,1.5,6,designed_PWM_SOC_burst
4000000,2.5e-07,0.8,2.5,8,11,3.7,1,2.54034047155531,1.00095251639496,1,0,0.2,1.5,6,designed_PWM_SOC_burst
4000000,2.5e-07,0.8,3,3,13,3.2,1,3.03053505495535,1.00117149174281,1,0,0.2,1.5,6,designed_PWM_SOC_burst
4000000,2.5e-07,0.8,3,4,13,3.2,1,3.03053505495535,1.00117149174281,1,0,0.2,1.5,6,designed_PWM_SOC_burst
4000000,2.5e-07,0.8,3,5,13,3.2,1,3.03053505495535,1.00117149174281,1,0,0.2,1.5,6,designed_PWM_SOC_burst
4000000,2.5e-07,0.8,3,6,13,3.2,1,3.03053505495535,1.00117149174281,1,0,0.2,1.5,6,designed_PWM_SOC_burst
4000000,2.5e-07,0.8,3,8,13,3.2,1,3.03053505495535,1.00117149174281,1,0,0.2,1.5,6,designed_PWM_SOC_burst
4000000,2.5e-07,0.8,4,3,17,2.2,1,4.15659916600554,1.0016751706064,1,0,0.2,1.5,6,designed_PWM_SOC_burst
4000000,2.5e-07,0.8,4,4,17,2.2,1,4.15659916600554,1.0016751706064,1,0,0.2,1.5,6,designed_PWM_SOC_burst
4000000,2.5e-07,0.8,4,5,17,2.2,1,4.15659916600554,1.0016751706064,1,0,0.2,1.5,6,designed_PWM_SOC_burst
4000000,2.5e-07,0.8,4,6,17,2.2,1,4.15659916600554,1.0016751706064,1,0,0.2,1.5,6,designed_PWM_SOC_burst
4000000,2.5e-07,0.8,4,8,17,2.2,1,4.15659916600554,1.0016751706064,1,0,0.2,1.5,6,designed_PWM_SOC_burst
4000000,2.5e-07,0.8,5,3,21,1.2,1,5.55414746381146,1.00034670670245,1,0,0.2,1.5,6,designed_PWM_SOC_burst
4000000,2.5e-07,0.8,5,4,21,1.2,1,5.55414746381146,1.00034670670245,1,0,0.2,1.5,6,designed_PWM_SOC_burst
4000000,2.5e-07,0.8,5,5,21,1.2,1,5.55414746381146,1.00034670670245,1,0,0.2,1.5,6,designed_PWM_SOC_burst
4000000,2.5e-07,0.8,5,6,21,1.2,1,5.55414746381146,1.00034670670245,1,0,0.2,1.5,6,designed_PWM_SOC_burst
4000000,2.5e-07,0.8,5,8,21,1.2,1,5.55414746381146,1.00034670670245,1,0,0.2,1.5,6,designed_PWM_SOC_burst
4000000,2.5e-07,1,1.5,3,7,4.5,1,2.09253203571146,1.00075252273596,1,0,0.2,1.5,6,designed_PWM_SOC_burst
4000000,2.5e-07,1,1.5,4,7,4.5,1,2.09253203571146,1.00075252273596,1,0,0.2,1.5,6,designed_PWM_SOC_burst
4000000,2.5e-07,1,1.5,5,7,4.5,1,2.09253203571146,1.00075252273596,1,0,0.2,1.5,6,designed_PWM_SOC_burst
4000000,2.5e-07,1,1.5,6,7,4.5,1,2.09253203571146,1.00075252273596,1,0,0.2,1.5,6,designed_PWM_SOC_burst
4000000,2.5e-07,1,1.5,8,7,4.5,0,NaN,NaN,1,0,0.2,1.5,6,designed_PWM_SOC_burst
4000000,2.5e-07,1,2,3,9,4,1,2.54393236446713,1.00095393947916,1,0,0.2,1.5,6,designed_PWM_SOC_burst
4000000,2.5e-07,1,2,4,9,4,1,2.54393236446713,1.00095393947916,1,0,0.2,1.5,6,designed_PWM_SOC_burst
4000000,2.5e-07,1,2,5,9,4,1,2.54393236446713,1.00095393947916,1,0,0.2,1.5,6,designed_PWM_SOC_burst
4000000,2.5e-07,1,2,6,9,4,1,2.54393236446713,1.00095393947916,1,0,0.2,1.5,6,designed_PWM_SOC_burst
4000000,2.5e-07,1,2,8,9,4,1,2.54393236446713,1.00095393947916,1,0,0.2,1.5,6,designed_PWM_SOC_burst
4000000,2.5e-07,1,2.5,3,11,3.5,1,3.04394550894322,1.00117723729527,1,0,0.2,1.5,6,designed_PWM_SOC_burst
4000000,2.5e-07,1,2.5,4,11,3.5,1,3.04394550894322,1.00117723729527,1,0,0.2,1.5,6,designed_PWM_SOC_burst
4000000,2.5e-07,1,2.5,5,11,3.5,1,3.04394550894322,1.00117723729527,1,0,0.2,1.5,6,designed_PWM_SOC_burst
4000000,2.5e-07,1,2.5,6,11,3.5,1,3.04394550894322,1.00117723729527,1,0,0.2,1.5,6,designed_PWM_SOC_burst
4000000,2.5e-07,1,2.5,8,11,3.5,1,3.04394550894322,1.00117723729527,1,0,0.2,1.5,6,designed_PWM_SOC_burst
4000000,2.5e-07,1,3,3,13,3,1,3.59253313555034,1.00142243654285,1,0,0.2,1.5,6,designed_PWM_SOC_burst
4000000,2.5e-07,1,3,4,13,3,1,3.59253313555034,1.00142243654285,1,0,0.2,1.5,6,designed_PWM_SOC_burst
4000000,2.5e-07,1,3,5,13,3,1,3.59253313555034,1.00142243654285,1,0,0.2,1.5,6,designed_PWM_SOC_burst
4000000,2.5e-07,1,3,6,13,3,1,3.59253313555034,1.00142243654285,1,0,0.2,1.5,6,designed_PWM_SOC_burst
4000000,2.5e-07,1,3,8,13,3,1,3.59253313555034,1.00142243654285,1,0,0.2,1.5,6,designed_PWM_SOC_burst
4000000,2.5e-07,1,4,3,17,2,1,4.86384755945539,1.00197862023713,1,0,0.2,1.5,6,designed_PWM_SOC_burst
4000000,2.5e-07,1,4,4,17,2,1,4.86384755945539,1.00197862023713,1,0,0.2,1.5,6,designed_PWM_SOC_burst
4000000,2.5e-07,1,4,5,17,2,1,4.86384755945539,1.00197862023713,1,0,0.2,1.5,6,designed_PWM_SOC_burst
4000000,2.5e-07,1,4,6,17,2,1,4.86384755945539,1.00197862023713,1,0,0.2,1.5,6,designed_PWM_SOC_burst
4000000,2.5e-07,1,4,8,17,2,1,4.86384755945539,1.00197862023713,1,0,0.2,1.5,6,designed_PWM_SOC_burst
4000000,2.5e-07,1,5,3,21,1,1,6.41003447579521,0.998195950027007,1,0,0.2,1.5,6,designed_PWM_SOC_burst
4000000,2.5e-07,1,5,4,21,1,1,6.41003447579521,0.998195950027007,1,0,0.2,1.5,6,designed_PWM_SOC_burst
4000000,2.5e-07,1,5,5,21,1,1,6.41003447579521,0.998195950027007,1,0,0.2,1.5,6,designed_PWM_SOC_burst
4000000,2.5e-07,1,5,6,21,1,1,6.41003447579521,0.998195950027007,1,0,0.2,1.5,6,designed_PWM_SOC_burst
4000000,2.5e-07,1,5,8,21,1,1,6.41003447579521,0.998195950027007,1,0,0.2,1.5,6,designed_PWM_SOC_burst
5000000,2e-07,0.2,1.5,3,8,5.3,1,1.16562470357055,1.00017507633766,1,0,0.2,1.5,8,designed_PWM_SOC_burst
5000000,2e-07,0.2,1.5,4,8,5.3,1,1.16562470357055,1.00017507633766,1,0,0.2,1.5,8,designed_PWM_SOC_burst
5000000,2e-07,0.2,1.5,5,8,5.3,1,1.16562470357055,1.00017507633766,1,0,0.2,1.5,8,designed_PWM_SOC_burst
5000000,2e-07,0.2,1.5,6,8,5.3,1,1.16562470357055,1.00017507633766,1,0,0.2,1.5,8,designed_PWM_SOC_burst
5000000,2e-07,0.2,1.5,8,8,5.3,1,1.16562470357055,1.00017507633766,1,1,0.2,1.5,8,designed_PWM_SOC_burst
5000000,2e-07,0.2,2,3,11,4.8,1,1.17809914263799,1.00028989456286,1,0,0.2,1.5,8,designed_PWM_SOC_burst
5000000,2e-07,0.2,2,4,11,4.8,1,1.17809914263799,1.00028989456286,1,0,0.2,1.5,8,designed_PWM_SOC_burst
5000000,2e-07,0.2,2,5,11,4.8,1,1.17809914263799,1.00028989456286,1,0,0.2,1.5,8,designed_PWM_SOC_burst
5000000,2e-07,0.2,2,6,11,4.8,1,1.17809914263799,1.00028989456286,1,0,0.2,1.5,8,designed_PWM_SOC_burst
5000000,2e-07,0.2,2,8,11,4.8,1,1.17809914263799,1.00028989456286,1,0,0.2,1.5,8,designed_PWM_SOC_burst
5000000,2e-07,0.2,2.5,3,13,4.3,1,1.26461385199086,1.0003838811996,1,0,0.2,1.5,8,designed_PWM_SOC_burst
5000000,2e-07,0.2,2.5,4,13,4.3,1,1.26461385199086,1.0003838811996,1,0,0.2,1.5,8,designed_PWM_SOC_burst
5000000,2e-07,0.2,2.5,5,13,4.3,1,1.26461385199086,1.0003838811996,1,0,0.2,1.5,8,designed_PWM_SOC_burst
5000000,2e-07,0.2,2.5,6,13,4.3,1,1.26461385199086,1.0003838811996,1,0,0.2,1.5,8,designed_PWM_SOC_burst
5000000,2e-07,0.2,2.5,8,13,4.3,1,1.26461385199086,1.0003838811996,1,0,0.2,1.5,8,designed_PWM_SOC_burst
5000000,2e-07,0.2,3,3,16,3.8,1,1.63950439570215,1.00055104938879,1,0,0.2,1.5,8,designed_PWM_SOC_burst
5000000,2e-07,0.2,3,4,16,3.8,1,1.63950439570215,1.00055104938879,1,0,0.2,1.5,8,designed_PWM_SOC_burst
5000000,2e-07,0.2,3,5,16,3.8,1,1.63950439570215,1.00055104938879,1,0,0.2,1.5,8,designed_PWM_SOC_burst
5000000,2e-07,0.2,3,6,16,3.8,1,1.63950439570215,1.00055104938879,1,0,0.2,1.5,8,designed_PWM_SOC_burst
5000000,2e-07,0.2,3,8,16,3.8,1,1.63950439570215,1.00055104938879,1,0,0.2,1.5,8,designed_PWM_SOC_burst
5000000,2e-07,0.2,4,3,21,2.8,1,2.42005220562468,1.00089958608986,1,0,0.2,1.5,8,designed_PWM_SOC_burst
5000000,2e-07,0.2,4,4,21,2.8,1,2.42005220562468,1.00089958608986,1,0,0.2,1.5,8,designed_PWM_SOC_burst
5000000,2e-07,0.2,4,5,21,2.8,1,2.42005220562468,1.00089958608986,1,0,0.2,1.5,8,designed_PWM_SOC_burst
5000000,2e-07,0.2,4,6,21,2.8,1,2.42005220562468,1.00089958608986,1,0,0.2,1.5,8,designed_PWM_SOC_burst
5000000,2e-07,0.2,4,8,21,2.8,1,2.42005220562468,1.00089958608986,1,0,0.2,1.5,8,designed_PWM_SOC_burst
5000000,2e-07,0.2,5,3,26,1.8,1,3.39499868033222,1.00133566812228,1,0,0.2,1.5,8,designed_PWM_SOC_burst
5000000,2e-07,0.2,5,4,26,1.8,1,3.39499868033222,1.00133566812228,1,0,0.2,1.5,8,designed_PWM_SOC_burst
5000000,2e-07,0.2,5,5,26,1.8,1,3.39499868033222,1.00133566812228,1,0,0.2,1.5,8,designed_PWM_SOC_burst
5000000,2e-07,0.2,5,6,26,1.8,1,3.39499868033222,1.00133566812228,1,0,0.2,1.5,8,designed_PWM_SOC_burst
5000000,2e-07,0.2,5,8,26,1.8,1,3.39499868033222,1.00133566812228,1,0,0.2,1.5,8,designed_PWM_SOC_burst
5000000,2e-07,0.5,1.5,3,8,5,1,1.20330604149163,1.00033941391764,1,0,0.2,1.5,8,designed_PWM_SOC_burst
5000000,2e-07,0.5,1.5,4,8,5,1,1.20330604149163,1.00033941391764,1,0,0.2,1.5,8,designed_PWM_SOC_burst
5000000,2e-07,0.5,1.5,5,8,5,1,1.20330604149163,1.00033941391764,1,0,0.2,1.5,8,designed_PWM_SOC_burst
5000000,2e-07,0.5,1.5,6,8,5,1,1.20330604149163,1.00033941391764,1,0,0.2,1.5,8,designed_PWM_SOC_burst
5000000,2e-07,0.5,1.5,8,8,5,1,1.20330604149163,1.00033941391764,1,0,0.2,1.5,8,designed_PWM_SOC_burst
5000000,2e-07,0.5,2,3,11,4.5,1,1.52844959001544,1.00050128065776,1,0,0.2,1.5,8,designed_PWM_SOC_burst
5000000,2e-07,0.5,2,4,11,4.5,1,1.52844959001544,1.00050128065776,1,0,0.2,1.5,8,designed_PWM_SOC_burst
5000000,2e-07,0.5,2,5,11,4.5,1,1.52844959001544,1.00050128065776,1,0,0.2,1.5,8,designed_PWM_SOC_burst
5000000,2e-07,0.5,2,6,11,4.5,1,1.52844959001544,1.00050128065776,1,0,0.2,1.5,8,designed_PWM_SOC_burst
5000000,2e-07,0.5,2,8,11,4.5,1,1.52844959001544,1.00050128065776,1,0,0.2,1.5,8,designed_PWM_SOC_burst
5000000,2e-07,0.5,2.5,3,13,4,1,1.80961917193606,1.0006266562473,1,0,0.2,1.5,8,designed_PWM_SOC_burst
5000000,2e-07,0.5,2.5,4,13,4,1,1.80961917193606,1.0006266562473,1,0,0.2,1.5,8,designed_PWM_SOC_burst
5000000,2e-07,0.5,2.5,5,13,4,1,1.80961917193606,1.0006266562473,1,0,0.2,1.5,8,designed_PWM_SOC_burst
5000000,2e-07,0.5,2.5,6,13,4,1,1.80961917193606,1.0006266562473,1,0,0.2,1.5,8,designed_PWM_SOC_burst
5000000,2e-07,0.5,2.5,8,13,4,1,1.80961917193606,1.0006266562473,1,0,0.2,1.5,8,designed_PWM_SOC_burst
5000000,2e-07,0.5,3,3,16,3.5,1,2.28977027644208,1.0008409426179,1,0,0.2,1.5,8,designed_PWM_SOC_burst
5000000,2e-07,0.5,3,4,16,3.5,1,2.28977027644208,1.0008409426179,1,0,0.2,1.5,8,designed_PWM_SOC_burst
5000000,2e-07,0.5,3,5,16,3.5,1,2.28977027644208,1.0008409426179,1,0,0.2,1.5,8,designed_PWM_SOC_burst
5000000,2e-07,0.5,3,6,16,3.5,1,2.28977027644208,1.0008409426179,1,0,0.2,1.5,8,designed_PWM_SOC_burst
5000000,2e-07,0.5,3,8,16,3.5,1,2.28977027644208,1.0008409426179,1,0,0.2,1.5,8,designed_PWM_SOC_burst
5000000,2e-07,0.5,4,3,21,2.5,1,3.24558479801214,1.00126810175423,1,0,0.2,1.5,8,designed_PWM_SOC_burst
5000000,2e-07,0.5,4,4,21,2.5,1,3.24558479801214,1.00126810175423,1,0,0.2,1.5,8,designed_PWM_SOC_burst
5000000,2e-07,0.5,4,5,21,2.5,1,3.24558479801214,1.00126810175423,1,0,0.2,1.5,8,designed_PWM_SOC_burst
5000000,2e-07,0.5,4,6,21,2.5,1,3.24558479801214,1.00126810175423,1,0,0.2,1.5,8,designed_PWM_SOC_burst
5000000,2e-07,0.5,4,8,21,2.5,1,3.24558479801214,1.00126810175423,1,0,0.2,1.5,8,designed_PWM_SOC_burst
5000000,2e-07,0.5,5,3,26,1.5,1,4.39558459288987,1.00178292051029,1,0,0.2,1.5,8,designed_PWM_SOC_burst
5000000,2e-07,0.5,5,4,26,1.5,1,4.39558459288987,1.00178292051029,1,0,0.2,1.5,8,designed_PWM_SOC_burst
5000000,2e-07,0.5,5,5,26,1.5,1,4.39558459288987,1.00178292051029,1,0,0.2,1.5,8,designed_PWM_SOC_burst
5000000,2e-07,0.5,5,6,26,1.5,1,4.39558459288987,1.00178292051029,1,0,0.2,1.5,8,designed_PWM_SOC_burst
5000000,2e-07,0.5,5,8,26,1.5,1,4.39558459288987,1.00178292051029,1,0,0.2,1.5,8,designed_PWM_SOC_burst
5000000,2e-07,0.8,1.5,3,8,4.7,1,1.63991472675471,1.0005508097693,1,0,0.2,1.5,8,designed_PWM_SOC_burst
5000000,2e-07,0.8,1.5,4,8,4.7,1,1.63991472675471,1.0005508097693,1,0,0.2,1.5,8,designed_PWM_SOC_burst
5000000,2e-07,0.8,1.5,5,8,4.7,1,1.63991472675471,1.0005508097693,1,0,0.2,1.5,8,designed_PWM_SOC_burst
5000000,2e-07,0.8,1.5,6,8,4.7,1,1.63991472675471,1.0005508097693,1,0,0.2,1.5,8,designed_PWM_SOC_burst
5000000,2e-07,0.8,1.5,8,8,4.7,1,1.63991472675471,1.0005508097693,1,0,0.2,1.5,8,designed_PWM_SOC_burst
5000000,2e-07,0.8,2,3,11,4.2,1,2.10852995092323,1.00075976999714,1,0,0.2,1.5,8,designed_PWM_SOC_burst
5000000,2e-07,0.8,2,4,11,4.2,1,2.10852995092323,1.00075976999714,1,0,0.2,1.5,8,designed_PWM_SOC_burst
5000000,2e-07,0.8,2,5,11,4.2,1,2.10852995092323,1.00075976999714,1,0,0.2,1.5,8,designed_PWM_SOC_burst
5000000,2e-07,0.8,2,6,11,4.2,1,2.10852995092323,1.00075976999714,1,0,0.2,1.5,8,designed_PWM_SOC_burst
5000000,2e-07,0.8,2,8,11,4.2,1,2.10852995092323,1.00075976999714,1,0,0.2,1.5,8,designed_PWM_SOC_burst
5000000,2e-07,0.8,2.5,3,13,3.7,1,2.45986179608017,1.00091656440493,1,0,0.2,1.5,8,designed_PWM_SOC_burst
5000000,2e-07,0.8,2.5,4,13,3.7,1,2.45986179608017,1.00091656440493,1,0,0.2,1.5,8,designed_PWM_SOC_burst
5000000,2e-07,0.8,2.5,5,13,3.7,1,2.45986179608017,1.00091656440493,1,0,0.2,1.5,8,designed_PWM_SOC_burst
5000000,2e-07,0.8,2.5,6,13,3.7,1,2.45986179608017,1.00091656440493,1,0,0.2,1.5,8,designed_PWM_SOC_burst
5000000,2e-07,0.8,2.5,8,13,3.7,1,2.45986179608017,1.00091656440493,1,0,0.2,1.5,8,designed_PWM_SOC_burst
5000000,2e-07,0.8,3,3,16,3.2,1,3.04519358679335,1.00117801358065,1,0,0.2,1.5,8,designed_PWM_SOC_burst
5000000,2e-07,0.8,3,4,16,3.2,1,3.04519358679335,1.00117801358065,1,0,0.2,1.5,8,designed_PWM_SOC_burst
5000000,2e-07,0.8,3,5,16,3.2,1,3.04519358679335,1.00117801358065,1,0,0.2,1.5,8,designed_PWM_SOC_burst
5000000,2e-07,0.8,3,6,16,3.2,1,3.04519358679335,1.00117801358065,1,0,0.2,1.5,8,designed_PWM_SOC_burst
5000000,2e-07,0.8,3,8,16,3.2,1,3.04519358679335,1.00117801358065,1,0,0.2,1.5,8,designed_PWM_SOC_burst
5000000,2e-07,0.8,4,3,21,2.2,1,4.17613960069097,1.00168386905941,1,0,0.2,1.5,8,designed_PWM_SOC_burst
5000000,2e-07,0.8,4,4,21,2.2,1,4.17613960069097,1.00168386905941,1,0,0.2,1.5,8,designed_PWM_SOC_burst
5000000,2e-07,0.8,4,5,21,2.2,1,4.17613960069097,1.00168386905941,1,0,0.2,1.5,8,designed_PWM_SOC_burst
5000000,2e-07,0.8,4,6,21,2.2,1,4.17613960069097,1.00168386905941,1,0,0.2,1.5,8,designed_PWM_SOC_burst
5000000,2e-07,0.8,4,8,21,2.2,1,4.17613960069097,1.00168386905941,1,0,0.2,1.5,8,designed_PWM_SOC_burst
5000000,2e-07,0.8,5,3,26,1.2,1,5.58043058028197,1.00028095370618,1,0,0.2,1.5,8,designed_PWM_SOC_burst
5000000,2e-07,0.8,5,4,26,1.2,1,5.58043058028197,1.00028095370618,1,0,0.2,1.5,8,designed_PWM_SOC_burst
5000000,2e-07,0.8,5,5,26,1.2,1,5.58043058028197,1.00028095370618,1,0,0.2,1.5,8,designed_PWM_SOC_burst
5000000,2e-07,0.8,5,6,26,1.2,1,5.58043058028197,1.00028095370618,1,0,0.2,1.5,8,designed_PWM_SOC_burst
5000000,2e-07,0.8,5,8,26,1.2,1,5.58043058028197,1.00028095370618,1,0,0.2,1.5,8,designed_PWM_SOC_burst
5000000,2e-07,1,1.5,3,8,4.5,1,2.01493074863569,1.00071790604563,1,0,0.2,1.5,8,designed_PWM_SOC_burst
5000000,2e-07,1,1.5,4,8,4.5,1,2.01493074863569,1.00071790604563,1,0,0.2,1.5,8,designed_PWM_SOC_burst
5000000,2e-07,1,1.5,5,8,4.5,1,2.01493074863569,1.00071790604563,1,0,0.2,1.5,8,designed_PWM_SOC_burst
5000000,2e-07,1,1.5,6,8,4.5,1,2.01493074863569,1.00071790604563,1,0,0.2,1.5,8,designed_PWM_SOC_burst
5000000,2e-07,1,1.5,8,8,4.5,1,2.01493074863569,1.00071790604563,1,0,0.2,1.5,8,designed_PWM_SOC_burst
5000000,2e-07,1,2,3,11,4,1,2.55370559868379,1.00095828681565,1,0,0.2,1.5,8,designed_PWM_SOC_burst
5000000,2e-07,1,2,4,11,4,1,2.55370559868379,1.00095828681565,1,0,0.2,1.5,8,designed_PWM_SOC_burst
5000000,2e-07,1,2,5,11,4,1,2.55370559868379,1.00095828681565,1,0,0.2,1.5,8,designed_PWM_SOC_burst
5000000,2e-07,1,2,6,11,4,1,2.55370559868379,1.00095828681565,1,0,0.2,1.5,8,designed_PWM_SOC_burst
5000000,2e-07,1,2,8,11,4,1,2.55370559868379,1.00095828681565,1,0,0.2,1.5,8,designed_PWM_SOC_burst
5000000,2e-07,1,2.5,3,13,3.5,1,2.95178269019452,1.00113604362686,1,0,0.2,1.5,8,designed_PWM_SOC_burst
5000000,2e-07,1,2.5,4,13,3.5,1,2.95178269019452,1.00113604362686,1,0,0.2,1.5,8,designed_PWM_SOC_burst
5000000,2e-07,1,2.5,5,13,3.5,1,2.95178269019452,1.00113604362686,1,0,0.2,1.5,8,designed_PWM_SOC_burst
5000000,2e-07,1,2.5,6,13,3.5,1,2.95178269019452,1.00113604362686,1,0,0.2,1.5,8,designed_PWM_SOC_burst
5000000,2e-07,1,2.5,8,13,3.5,1,2.95178269019452,1.00113604362686,1,0,0.2,1.5,8,designed_PWM_SOC_burst
5000000,2e-07,1,3,3,16,3,1,3.60719010853398,1.00142895936249,1,0,0.2,1.5,8,designed_PWM_SOC_burst
5000000,2e-07,1,3,4,16,3,1,3.60719010853398,1.00142895936249,1,0,0.2,1.5,8,designed_PWM_SOC_burst
5000000,2e-07,1,3,5,16,3,1,3.60719010853398,1.00142895936249,1,0,0.2,1.5,8,designed_PWM_SOC_burst
5000000,2e-07,1,3,6,16,3,1,3.60719010853398,1.00142895936249,1,0,0.2,1.5,8,designed_PWM_SOC_burst
5000000,2e-07,1,3,8,16,3,1,3.60719010853398,1.00142895936249,1,0,0.2,1.5,8,designed_PWM_SOC_burst
5000000,2e-07,1,4,3,21,2,1,4.88487661620305,1.00198233558366,1,0,0.2,1.5,8,designed_PWM_SOC_burst
5000000,2e-07,1,4,4,21,2,1,4.88487661620305,1.00198233558366,1,0,0.2,1.5,8,designed_PWM_SOC_burst
5000000,2e-07,1,4,5,21,2,1,4.88487661620305,1.00198233558366,1,0,0.2,1.5,8,designed_PWM_SOC_burst
5000000,2e-07,1,4,6,21,2,1,4.88487661620305,1.00198233558366,1,0,0.2,1.5,8,designed_PWM_SOC_burst
5000000,2e-07,1,4,8,21,2,1,4.88487661620305,1.00198233558366,1,0,0.2,1.5,8,designed_PWM_SOC_burst
5000000,2e-07,1,5,3,26,1,1,6.43631499619506,0.998130189530963,1,0,0.2,1.5,8,designed_PWM_SOC_burst
5000000,2e-07,1,5,4,26,1,1,6.43631499619506,0.998130189530963,1,0,0.2,1.5,8,designed_PWM_SOC_burst
5000000,2e-07,1,5,5,26,1,1,6.43631499619506,0.998130189530963,1,0,0.2,1.5,8,designed_PWM_SOC_burst
5000000,2e-07,1,5,6,26,1,1,6.43631499619506,0.998130189530963,1,0,0.2,1.5,8,designed_PWM_SOC_burst
5000000,2e-07,1,5,8,26,1,1,6.43631499619506,0.998130189530963,1,0,0.2,1.5,8,designed_PWM_SOC_burst
