cycle,time_s,C_OFF_F,C_ON_F,Q_OFF_C,Q_ON_C,C_true_F,ESR_true_Ohm
1,0.01598,9.99999985731059e-05,9.99999980819524e-05,1.3482758612636e-05,1.33856327404698e-05,0.0001,0.05
2,0.016,9.99999985739582e-05,9.99999980822902e-05,1.34355991547457e-05,1.3352667994912e-05,0.0001,0.05
3,0.01602,9.99999985734077e-05,9.99999980824264e-05,1.33532215119961e-05,1.35049154118873e-05,0.0001,0.05
4,0.01604,9.99999985724708e-05,9.99999980823203e-05,1.34024336865983e-05,1.35348114057633e-05,0.0001,0.05
5,0.01606,9.99999985729819e-05,9.99999980823518e-05,1.34878224254041e-05,1.33771115770265e-05,0.0001,0.05
6,0.01608,9.99999985738107e-05,9.99999980827076e-05,1.34409001425741e-05,1.33408747679472e-05,0.0001,0.05
7,0.0161,9.99999985733135e-05,9.99999980829152e-05,1.33586589734511e-05,1.34897119935551e-05,0.0001,0.05
8,0.01612,9.99999985723755e-05,9.99999980827783e-05,1.3407987773883e-05,1.35164213895302e-05,0.0001,0.05
9,0.01614,9.99999985728946e-05,9.99999980828253e-05,1.34934682950795e-05,1.33558863213776e-05,0.0001,0.05
10,0.01616,9.99999985737365e-05,9.99999980831705e-05,1.34465098108932e-05,1.33166655735171e-05,0.0001,0.05
11,0.01618,9.99999985732461e-05,9.99999980834007e-05,1.33640970594797e-05,1.34622676321437e-05,0.0001,0.05
12,0.0162,9.99999985722937e-05,9.99999980832845e-05,1.34132044458156e-05,1.34861569864838e-05,0.0001,0.05
13,0.01622,9.99999985728165e-05,9.99999980833536e-05,1.3498399660924e-05,1.33233275045137e-05,0.0001,0.05
14,0.01624,9.9999998573666e-05,9.99999980836977e-05,1.34509997258685e-05,1.32815483824185e-05,0.0001,0.05
15,0.01626,9.99999985732028e-05,9.99999980839116e-05,1.33679977046146e-05,1.34242420773323e-05,0.0001,0.05
16,0.01628,9.99999985723247e-05,9.99999980837919e-05,1.34164340031156e-05,1.34458036864398e-05,0.0001,0.05
17,0.0163,9.99999985728089e-05,9.99999980838817e-05,1.35008500541921e-05,1.32813145403945e-05,0.0001,0.05
18,0.01632,9.99999985737401e-05,9.99999980842717e-05,1.34525108267732e-05,1.32375102743382e-05,0.0001,0.05
19,0.01634,9.99999985746466e-05,9.99999980846335e-05,1.34035475648787e-05,1.31935062652522e-05,0.0001,0.05
20,0.01636,9.99999985741333e-05,9.99999980848097e-05,1.33192793418922e-05,1.33330648129919e-05,0.0001,0.05
21,0.01638,9.9999998573276e-05,9.99999980847409e-05,1.33659400704094e-05,1.3352829047895e-05,0.0001,0.05
22,0.0164,9.99999985738668e-05,9.99999980847825e-05,1.34480134799428e-05,1.31879371748571e-05,0.0001,0.05
23,0.01642,9.99999985747999e-05,9.9999998085169e-05,1.3397631772386e-05,1.31427940819405e-05,0.0001,0.05
24,0.01644,9.99999985743954e-05,9.99999980853799e-05,1.33118843959435e-05,1.32807206449337e-05,0.0001,0.05
25,0.01646,9.99999985735513e-05,9.99999980852628e-05,1.33568962448719e-05,1.32996521895977e-05,0.0001,0.05
26,0.01648,9.99999985741484e-05,9.99999980852805e-05,1.34370992030474e-05,1.31347474433776e-05,0.0001,0.05
27,0.0165,9.99999985750987e-05,9.99999980856671e-05,1.33847955258199e-05,1.30890786967599e-05,0.0001,0.05
28,0.01652,9.99999985747647e-05,9.999999808583e-05,1.32971419324509e-05,1.32259575085894e-05,0.0001,0.05
29,0.01654,9.99999985739179e-05,9.99999980857486e-05,1.33400376344455e-05,1.32446743805376e-05,0.0001,0.05
30,0.01656,9.99999985746355e-05,9.99999980857394e-05,1.34178500469424e-05,1.30803805019985e-05,0.0001,0.05
31,0.01658,9.99999985756502e-05,9.9999998086118e-05,1.33631900127144e-05,1.30347782704396e-05,0.0001,0.05
32,0.0166,9.99999985753399e-05,9.99999980862894e-05,1.32732988341745e-05,1.31711922867703e-05,0.0001,0.05
33,0.01662,9.99999985745837e-05,9.99999980861125e-05,1.33137027497081e-05,1.31902711653485e-05,0.0001,0.05
34,0.01664,9.9999998575245e-05,9.99999980861412e-05,1.33886947172077e-05,1.30271328215961e-05,0.0001,0.05
35,0.01666,9.99999985763828e-05,9.99999980864947e-05,1.33313594253144e-05,1.29821309380579e-05,0.0001,0.05
36,0.01668,9.99999985774526e-05,9.99999980868242e-05,1.32730238257121e-05,1.29375639658995e-05,0.0001,0.05
37,0.0167,9.9999998577213e-05,9.99999980869529e-05,1.31802384740457e-05,1.3074001967714e-05,0.0001,0.05
38,0.01672,9.99999985765046e-05,9.99999980868077e-05,1.32170068850922e-05,1.30945061857099e-05,0.0001,0.05
39,0.01674,9.99999985773144e-05,9.99999980868044e-05,1.32875160510781e-05,1.29341091877104e-05,0.0001,0.05
40,0.01676,9.99999985785035e-05,9.99999980871244e-05,1.32265252619362e-05,1.28908047130163e-05,0.0001,0.05
41,0.01678,9.99999985782359e-05,9.9999998087279e-05,1.31315087053305e-05,1.30280260729439e-05,0.0001,0.05
42,0.0168,9.99999985775771e-05,9.99999980870665e-05,1.31656824336435e-05,1.30499800928089e-05,0.0001,0.05
43,0.01682,9.99999985784431e-05,9.99999980870346e-05,1.32331585309487e-05,1.28916218567597e-05,0.0001,0.05
44,0.01684,9.99999985797174e-05,9.99999980873247e-05,1.316959441803e-05,1.28498559366243e-05,0.0001,0.05
45,0.01686,9.9999998579474e-05,9.99999980874691e-05,1.30725608346351e-05,1.29881805500339e-05,0.0001,0.05
46,0.01688,9.9999998578893e-05,9.99999980872581e-05,1.31043131221977e-05,1.30117972432597e-05,0.0001,0.05
47,0.0169,9.9999998579757e-05,9.99999980872058e-05,1.31688941840055e-05,1.2855576355857e-05,0.0001,0.05
48,0.01692,9.99999985810643e-05,9.99999980875144e-05,1.31030269883851e-05,1.2815493836481e-05,0.0001,0.05
49,0.01694,9.99999985809184e-05,9.99999980875873e-05,1.30043695008314e-05,1.29551166681597e-05,0.0001,0.05
50,0.01696,9.99999985803476e-05,9.99999980873296e-05,1.30340570583717e-05,1.2980473373134e-05,0.0001,0.05
51,0.01698,9.9999998581241e-05,9.99999980872816e-05,1.30960743674047e-05,1.28263489997757e-05,0.0001,0.05
52,0.017,9.99999985825603e-05,9.9999998087557e-05,1.30283554070888e-05,1.27879628747244e-05,0.0001,0.05
53,0.01702,9.99999985839218e-05,9.99999980878381e-05,1.29599715628749e-05,1.27501964354073e-05,0.0001,0.05
54,0.01704,9.99999985837832e-05,9.99999980879015e-05,1.28602462976867e-05,1.28913652621472e-05,0.0001,0.05
55,0.01706,9.9999998583222e-05,9.99999980876726e-05,1.28879176257697e-05,1.29190859685555e-05,0.0001,0.05
56,0.01708,9.99999985841729e-05,9.99999980875982e-05,1.29469156934553e-05,1.27680322788405e-05,0.0001,0.05
57,0.0171,9.99999985855579e-05,9.99999980878132e-05,1.28776640764888e-05,1.27319329842513e-05,0.0001,0.05
58,0.01712,9.99999985854197e-05,9.99999980879238e-05,1.27779522180317e-05,1.28745094530024e-05,0.0001,0.05
59,0.01714,9.99999985848463e-05,9.99999980876399e-05,1.28051426231104e-05,1.29038021081144e-05,0.0001,0.05
60,0.01716,9.99999985858178e-05,9.99999980875458e-05,1.28631550611627e-05,1.27544173437178e-05,0.0001,0.05
61,0.01718,9.99999985872205e-05,9.99999980878082e-05,1.27938158295786e-05,1.27197272028883e-05,0.0001,0.05
62,0.0172,9.99999985870588e-05,9.99999980878551e-05,1.26949209834064e-05,1.28635027887488e-05,0.0001,0.05
63,0.01722,9.99999985864765e-05,9.99999980876054e-05,1.27224352341417e-05,1.28940615414066e-05,0.0001,0.05
64,0.01724,9.99999985874318e-05,9.99999980874867e-05,1.27802917445757e-05,1.27459604664038e-05,0.0001,0.05
65,0.01726,9.9999998588833e-05,9.9999998087741e-05,1.27117082638323e-05,1.27123503987952e-05,0.0001,0.05
66,0.01728,9.99999985886158e-05,9.99999980878116e-05,1.26144561395031e-05,1.2857037145008e-05,0.0001,0.05
67,0.0173,9.99999985880343e-05,9.99999980875067e-05,1.26431350254933e-05,1.2888500448288e-05,0.0001,0.05
68,0.01732,9.99999985889117e-05,9.99999980874553e-05,1.27017162510205e-05,1.27412683466626e-05,0.0001,0.05
69,0.01734,9.9999998590251e-05,9.99999980876841e-05,1.26347410472917e-05,1.27083716052424e-05,0.0001,0.05
70,0.01736,9.99999985915985e-05,9.99999980879071e-05,1.25680111711569e-05,1.26758003520189e-05,0.0001,0.05
71,0.01738,9.99999985914005e-05,9.99999980879626e-05,1.24740891294765e-05,1.28209958695485e-05,0.0001,0.05
72,0.0174,9.99999985906596e-05,9.99999980877557e-05,1.25051865365871e-05,1.2853329782968e-05,0.0001,0.05
73,0.01742,9.99999985915279e-05,9.99999980876251e-05,1.25653518486981e-05,1.27073099867565e-05,0.0001,0.05
74,0.01744,9.99999985928262e-05,9.99999980878876e-05,1.25014229419813e-05,1.26751192902106e-05,0.0001,0.05
75,0.01746,9.99999985925006e-05,9.99999980879676e-05,1.24110057298317e-05,1.28205943542978e-05,0.0001,0.05
76,0.01748,9.99999985916811e-05,9.99999980877058e-05,1.24452153767669e-05,1.28531141135989e-05,0.0001,0.05
77,0.0175,9.99999985925311e-05,9.99999980875813e-05,1.25081963991889e-05,1.27072000737897e-05,0.0001,0.05
78,0.01752,9.99999985937804e-05,9.99999980878603e-05,1.24477607916092e-05,1.26750437155339e-05,0.0001,0.05
79,0.01754,9.9999998593333e-05,9.99999980879349e-05,1.23613881971896e-05,1.28204682474221e-05,0.0001,0.05
80,0.01756,9.99999985924279e-05,9.99999980876848e-05,1.23993162262677e-05,1.28528511331208e-05,0.0001,0.05
81,0.01758,9.99999985931896e-05,9.99999980875981e-05,1.2465803277136e-05,1.27067447421106e-05,0.0001,0.05
82,0.0176,9.99999985943333e-05,9.99999980878396e-05,1.2409390985205e-05,1.26743455422523e-05,0.0001,0.05
83,0.01762,9.99999985938288e-05,9.99999980879661e-05,1.23274128779928e-05,1.28194513223855e-05,0.0001,0.05
84,0.01764,9.99999985928692e-05,9.99999980876203e-05,1.23694867808024e-05,1.28514586935995e-05,0.0001,0.05
85,0.01766,9.99999985934971e-05,9.99999980876009e-05,1.24399975717311e-05,1.27049635363453e-05,0.0001,0.05
86,0.01768,9.99999985945025e-05,9.99999980878677e-05,1.23879407355388e-05,1.26721374279475e-05,0.0001,0.05
87,0.0177,9.99999985955779e-05,9.99999980881496e-05,1.2336717006574e-05,1.2639392192228e-05,0.0001,0.05
88,0.01772,9.99999985949819e-05,9.9999998088178e-05,1.22605680032159e-05,1.2783701312131e-05,0.0001,0.05
89,0.01774,9.99999985938513e-05,9.99999980879777e-05,1.23079251526781e-05,1.28153380720135e-05,0.0001,0.05
90,0.01776,9.99999985943577e-05,9.99999980879021e-05,1.23833355685781e-05,1.26689484864071e-05,0.0001,0.05
91,0.01778,9.99999985952892e-05,9.99999980881571e-05,1.23367705580319e-05,1.26358248525082e-05,0.0001,0.05
92,0.0178,9.99999985945973e-05,9.99999980882505e-05,1.22652053954667e-05,1.27796983373465e-05,0.0001,0.05
93,0.01782,9.9999998593382e-05,9.99999980880235e-05,1.2317097155875e-05,1.28109348985246e-05,0.0001,0.05
94,0.01784,9.99999985938265e-05,9.99999980879261e-05,1.23971316161382e-05,1.26642280841281e-05,0.0001,0.05
95,0.01786,9.9999998594646e-05,9.99999980881947e-05,1.23550734886336e-05,1.26307717675943e-05,0.0001,0.05
96,0.01788,9.99999985938605e-05,9.9999998088308e-05,1.22877344752226e-05,1.2774266054792e-05,0.0001,0.05
97,0.0179,9.99999985925526e-05,9.99999980880373e-05,1.23439016568058e-05,1.28052057246665e-05,0.0001,0.05
98,0.01792,9.99999985929395e-05,9.99999980879716e-05,1.24283919131524e-05,1.26583260791989e-05,0.0001,0.05
99,0.01794,9.99999985936841e-05,9.99999980882505e-05,1.23904700183609e-05,1.26246902811762e-05,0.0001,0.05
100,0.01796,9.99999985927984e-05,9.99999980883127e-05,1.2326797994911e-05,1.27679741158422e-05,0.0001,0.05
101,0.01798,9.99999985914937e-05,9.99999980880305e-05,1.2386777055283e-05,1.27988239040212e-05,0.0001,0.05
102,0.018,9.99999985917471e-05,9.9999998087985e-05,1.24753415989483e-05,1.26520053562518e-05,0.0001,0.05
103,0.01802,9.9999998592447e-05,9.99999980882543e-05,1.24409919702064e-05,1.26184360498702e-05,0.0001,0.05
104,0.01804,9.99999985931492e-05,9.99999980885142e-05,1.2407146222363e-05,1.25851341873731e-05,0.0001,0.05
105,0.01806,9.99999985921952e-05,9.99999980885637e-05,1.23471963002415e-05,1.27283851961513e-05,0.0001,0.05
106,0.01808,9.99999985907546e-05,9.9999998088307e-05,1.24108463800995e-05,1.27598132470739e-05,0.0001,0.05
107,0.0181,9.999999859099e-05,9.99999980881903e-05,1.25031466792222e-05,1.26141858712235e-05,0.0001,0.05
108,0.01812,9.99999985915856e-05,9.99999980884512e-05,1.24721539113033e-05,1.25814774872387e-05,0.0001,0.05
109,0.01814,9.99999985906257e-05,9.99999980884978e-05,1.24142826330381e-05,1.27253654892955e-05,0.0001,0.05
110,0.01816,9.99999985892116e-05,9.999999808822e-05,1.24803411584763e-05,1.27575499776018e-05,0.0001,0.05
111,0.01818,9.99999985893968e-05,9.9999998088104e-05,1.25754564543087e-05,1.26127856803335e-05,0.0001,0.05
112,0.0182,9.99999985899546e-05,9.99999980883334e-05,1.25464911580988e-05,1.25810103068499e-05,0.0001,0.05
113,0.01822,9.99999985890178e-05,9.9999998088388e-05,1.24897896858585e-05,1.27259239994085e-05,0.0001,0.05
114,0.01824,9.99999985875736e-05,9.99999980880727e-05,1.25574167736317e-05,1.27592167560168e-05,0.0001,0.05
115,0.01826,9.99999985877201e-05,9.99999980879135e-05,1.26545512162858e-05,1.26156107674149e-05,0.0001,0.05
116,0.01828,9.99999985882747e-05,9.9999998088127e-05,1.26267444275466e-05,1.25851062258965e-05,0.0001,0.05
117,0.0183,9.99999985873228e-05,9.99999980881782e-05,1.25703030849056e-05,1.2731441333457e-05,0.0001,0.05
118,0.01832,9.99999985859205e-05,9.99999980877895e-05,1.26386433023756e-05,1.27661757343255e-05,0.0001,0.05
119,0.01834,9.99999985860591e-05,9.99999980876881e-05,1.27369701975214e-05,1.26239799715484e-05,0.0001,0.05
120,0.01836,9.99999985866093e-05,9.99999980878847e-05,1.27094645924622e-05,1.25950492817589e-05,0.0001,0.05
121,0.01838,9.9999998587212e-05,9.99999980880716e-05,1.26816220204564e-05,1.25667571364301e-05,0.0001,0.05
122,0.0184,9.99999985862522e-05,9.99999980880268e-05,1.26244835381577e-05,1.27152242439328e-05,0.0001,0.05
123,0.01842,9.99999985848611e-05,9.99999980877077e-05,1.26923889635787e-05,1.27524228496096e-05,0.0001,0.05
124,0.01844,9.9999998585042e-05,9.99999980875362e-05,1.27905376838131e-05,1.26129222708112e-05,0.0001,0.05
125,0.01846,9.99999985855978e-05,9.99999980877079e-05,1.27622186852001e-05,1.25866113732677e-05,0.0001,0.05
126,0.01848,9.99999985846739e-05,9.9999998087675e-05,1.27037697890062e-05,1.27373738839563e-05,0.0001,0.05
127,0.0185,9.99999985833481e-05,9.99999980873134e-05,1.27708806143092e-05,1.27766447444349e-05,0.0001,0.05
128,0.01852,9.99999985835602e-05,9.99999980871045e-05,1.28687317842568e-05,1.26389062962405e-05,0.0001,0.05
129,0.01854,9.99999985841618e-05,9.99999980872291e-05,1.28393060117127e-05,1.26146729393865e-05,0.0001,0.05
130,0.01856,9.99999985832757e-05,9.99999980872001e-05,1.27789876610404e-05,1.27679039032477e-05,0.0001,0.05
131,0.01858,9.99999985819907e-05,9.99999980868196e-05,1.28447541290491e-05,1.28092903360574e-05,0.0001,0.05
132,0.0186,9.99999985822387e-05,9.99999980865811e-05,1.29417502298405e-05,1.26732221876239e-05,0.0001,0.05
133,0.01862,9.99999985828342e-05,9.99999980867277e-05,1.29107361767001e-05,1.26510463345222e-05,0.0001,0.05
134,0.01864,9.99999985819836e-05,9.99999980866593e-05,1.28481602531343e-05,1.28067988893257e-05,0.0001,0.05
135,0.01866,9.99999985807981e-05,9.9999998086217e-05,1.29121902002705e-05,1.28502203820395e-05,0.0001,0.05
136,0.01868,9.99999985810467e-05,9.99999980860637e-05,1.30079224720745e-05,1.27156089766409e-05,0.0001,0.05
137,0.0187,9.99999985817317e-05,9.99999980861772e-05,1.29750070329658e-05,1.26953463169351e-05,0.0001,0.05
138,0.01872,9.99999985824313e-05,9.99999980862734e-05,1.29412980955916e-05,1.26757319257753e-05,0.0001,0.05
139,0.01874,9.99999985816314e-05,9.99999980861809e-05,1.2875796823923e-05,1.28343560531936e-05,0.0001,0.05
140,0.01876,9.99999985804372e-05,9.99999980858287e-05,1.29371737134063e-05,1.28802917853069e-05,0.0001,0.05
141,0.01878,9.9999998580758e-05,9.99999980855657e-05,1.30304500512758e-05,1.27477193056299e-05,0.0001,0.05
142,0.0188,9.99999985814818e-05,9.99999980856736e-05,1.29948917162243e-05,1.27297902978613e-05,0.0001,0.05
143,0.01882,9.99999985807445e-05,9.99999980856247e-05,1.29271243248251e-05,1.28907055562756e-05,0.0001,0.05
144,0.01884,9.99999985795462e-05,9.99999980851877e-05,1.29867077497219e-05,1.29381536220343e-05,0.0001,0.05
145,0.01886,9.99999985799508e-05,9.99999980849729e-05,1.30786111487549e-05,1.28062435719742e-05,0.0001,0.05
146,0.01888,9.99999985807204e-05,9.99999980850697e-05,1.30412899599979e-05,1.27895728337321e-05,0.0001,0.05
147,0.0189,9.99999985800078e-05,9.99999980849642e-05,1.29714378493758e-05,1.29523923534461e-05,0.0001,0.05
148,0.01892,9.99999985788772e-05,9.99999980846156e-05,1.3029382955936e-05,1.30008718372673e-05,0.0001,0.05
149,0.01894,9.9999998579238e-05,9.99999980844122e-05,1.31200455550192e-05,1.28690695849125e-05,0.0001,0.05
150,0.01896,9.99999985800104e-05,9.99999980844729e-05,1.30811827686565e-05,1.28531425091244e-05,0.0001,0.05
151,0.01898,9.99999985793479e-05,9.99999980844296e-05,1.30095468656971e-05,1.30173730509784e-05,0.0001,0.05
152,0.019,9.99999985782788e-05,9.99999980840107e-05,1.30661252058016e-05,1.30663278708123e-05,0.0001,0.05
153,0.01902,9.99999985786422e-05,9.99999980838533e-05,1.31557958579348e-05,1.29340385960966e-05,0.0001,0.05
154,0.01904,9.99999985794348e-05,9.99999980839565e-05,1.31157127134342e-05,1.29182823191966e-05,0.0001,0.05
155,0.01906,9.99999985802533e-05,9.99999980840642e-05,1.30750870724914e-05,1.29026852491669e-05,0.0001,0.05
156,0.01908,9.99999985796281e-05,9.99999980839731e-05,1.30019220601512e-05,1.30677175518067e-05,0.0001,0.05
157,0.0191,9.99999985785025e-05,9.99999980836571e-05,1.30570934164904e-05,1.31167025779795e-05,0.0001,0.05
158,0.01912,9.99999985789284e-05,9.99999980834512e-05,1.31454346386803e-05,1.29836619838325e-05,0.0001,0.05
159,0.01914,9.99999985797262e-05,9.9999998083607e-05,1.31042660385435e-05,1.29676137793358e-05,0.0001,0.05
160,0.01916,9.99999985790869e-05,9.9999998083585e-05,1.30304240320919e-05,1.31328451950432e-05,0.0001,0.05
161,0.01918,9.99999985779504e-05,9.99999980832469e-05,1.30852666039574e-05,1.31810663252749e-05,0.0001,0.05
162,0.0192,9.99999985783877e-05,9.99999980830473e-05,1.31736134593538e-05,1.3046328771184e-05,0.0001,0.05
163,0.01922,9.99999985791965e-05,9.99999980832271e-05,1.31323106324024e-05,1.30292296572365e-05,0.0001,0.05
164,0.01924,9.99999985785452e-05,9.99999980831982e-05,1.30581971565591e-05,1.3194019912932e-05,0.0001,0.05
165,0.01926,9.99999985774679e-05,9.99999980829038e-05,1.31130949197222e-05,1.32408911321968e-05,0.0001,0.05
166,0.01928,9.99999985778641e-05,9.99999980827179e-05,1.32018201027602e-05,1.31039508398178e-05,0.0001,0.05
167,0.0193,9.99999985786444e-05,9.99999980829134e-05,1.3160744409629e-05,1.30852560089814e-05,0.0001,0.05
168,0.01932,9.99999985779842e-05,9.99999980829403e-05,1.30866948441492e-05,1.32490009718368e-05,0.0001,0.05
169,0.01934,9.99999985769351e-05,9.99999980826472e-05,1.31419642587898e-05,1.32940093812443e-05,0.0001,0.05
170,0.01936,9.99999985772742e-05,9.99999980825386e-05,1.32313737694581e-05,1.31544672396659e-05,0.0001,0.05
171,0.01938,9.99999985780693e-05,9.99999980827105e-05,1.3190798419047e-05,1.31337193141774e-05,0.0001,0.05
172,0.0194,9.99999985788129e-05,9.99999980829365e-05,1.31500771041386e-05,1.31126112949269e-05,0.0001,0.05
173,0.01942,9.99999985781313e-05,9.99999980829348e-05,1.30765706762158e-05,1.32741627479854e-05,0.0001,0.05
174,0.01944,9.99999985770376e-05,9.99999980827574e-05,1.31323882888924e-05,1.3316563027265e-05,0.0001,0.05
175,0.01946,9.99999985774372e-05,9.99999980826585e-05,1.32223598799199e-05,1.3174106546192e-05,0.0001,0.05
176,0.01948,9.9999998578137e-05,9.99999980828651e-05,1.31825073715622e-05,1.31506602271453e-05,0.0001,0.05
177,0.0195,9.99999985774819e-05,9.99999980829496e-05,1.31096008657569e-05,1.33102487643948e-05,0.0001,0.05
178,0.01952,9.99999985763468e-05,9.99999980827156e-05,1.31662890569284e-05,1.33501575075248e-05,0.0001,0.05
179,0.01954,9.99999985767291e-05,9.99999980826683e-05,1.32574209134325e-05,1.32047875550856e-05,0.0001,0.05
180,0.01956,9.9999998577463e-05,9.99999980828869e-05,1.32184302361597e-05,1.31788036457217e-05,0.0001,0.05
181,0.01958,9.99999985767459e-05,9.99999980829799e-05,1.3146049268711e-05,1.33361388140475e-05,0.0001,0.05
182,0.0196,9.9999998575637e-05,9.9999998082784e-05,1.32035242050666e-05,1.33734260366933e-05,0.0001,0.05
183,0.01962,9.99999985759775e-05,9.99999980827433e-05,1.32957203723748e-05,1.32251775120673e-05,0.0001,0.05
184,0.01964,9.99999985767217e-05,9.99999980829951e-05,1.32574282550687e-05,1.3196598313482e-05,0.0001,0.05
185,0.01966,9.99999985760268e-05,9.9999998083101e-05,1.31853478798371e-05,1.33515285798375e-05,0.0001,0.05
186,0.01968,9.99999985749068e-05,9.99999980828768e-05,1.32433734670361e-05,1.33862088608916e-05,0.0001,0.05
187,0.0197,9.99999985752212e-05,9.99999980829199e-05,1.3336379754285e-05,1.32352600241227e-05,0.0001,0.05
188,0.01972,9.99999985759093e-05,9.9999998083168e-05,1.32984729641934e-05,1.32041675803571e-05,0.0001,0.05
189,0.01974,9.99999985766597e-05,9.99999980834806e-05,1.32602949620202e-05,1.31726879511903e-05,0.0001,0.05
190,0.01976,9.99999985759752e-05,9.99999980836018e-05,1.31882228665596e-05,1.33244660145629e-05,0.0001,0.05
191,0.01978,9.99999985748374e-05,9.99999980834443e-05,1.32461916609324e-05,1.33563993790973e-05,0.0001,0.05
192,0.0198,9.99999985751837e-05,9.99999980834089e-05,1.33390672763271e-05,1.32032176242876e-05,0.0001,0.05
193,0.01982,9.99999985758959e-05,9.99999980836837e-05,1.33009023573947e-05,1.31696295677474e-05,0.0001,0.05
194,0.01984,9.99999985752307e-05,9.99999980838449e-05,1.32283780441622e-05,1.33193020419554e-05,0.0001,0.05
195,0.01986,9.99999985741487e-05,9.99999980836669e-05,1.32861022243459e-05,1.33492520045371e-05,0.0001,0.05
196,0.01988,9.9999998574526e-05,9.99999980836884e-05,1.33789280345504e-05,1.31942868193762e-05,0.0001,0.05
197,0.0199,9.99999985751998e-05,9.99999980839656e-05,1.33402341760173e-05,1.31589090902051e-05,0.0001,0.05
198,0.01992,9.99999985745938e-05,9.99999980841081e-05,1.32667158859376e-05,1.33067260123606e-05,0.0001,0.05
199,0.01994,9.99999985734989e-05,9.99999980839603e-05,1.33236306844245e-05,1.33350593452794e-05,0.0001,0.05
200,0.01996,9.99999985739034e-05,9.99999980839262e-05,1.3415802733776e-05,1.3178775474771e-05,0.0001,0.05
