snr_reference,noise_target,SNR_dB,method,C_MAPE_median_percent,C_MAPE_mean_percent,C_MAPE_p95_percent,ESR_MAPE_median_percent,ESR_MAPE_mean_percent,ESR_MAPE_p95_percent,failure_rate
full_signal_rms,vT,20,RLS,27.8343741584791,27.3959636025323,39.3891407320266,81.0022447797037,105.345602929801,224.893231860279,1
full_signal_rms,vT,20,TS_LTVKF,17.6007685873711,16.2866133095109,30.3489841343639,17.7134888036916,17.9526827918479,45.5298881467396,0.9
full_signal_rms,vT,30,RLS,23.8233822501576,21.6691700044172,41.8355274077607,53.0950823036279,62.9099612941192,176.218063475193,0.95
full_signal_rms,vT,30,TS_LTVKF,8.9089110627304,8.419867438937,15.6881300552987,6.66545491993176,6.4330229072783,17.1912271994066,0.4
full_signal_rms,vT,40,RLS,17.7237453661414,16.2759278938849,34.274352770205,22.1918237726966,27.6509887795202,66.8212950321774,0.85
full_signal_rms,vT,40,TS_LTVKF,4.91202900356365,4.73220559179745,7.1505996950391,2.08859980336754,2.26060506345635,6.24120466390728,0
full_signal_rms,vT,50,RLS,6.78202718163202,6.43972707022931,14.4187589721253,6.81338066253668,8.80824714917348,21.1498976474052,0.25
full_signal_rms,vT,50,TS_LTVKF,1.35431616960555,1.1411571663503,1.98381744458617,1.36393961696652,1.3740781999226,3.13054419059957,0
full_signal_rms,i1,20,RLS,0.240239442743679,0.241942351276563,0.529157841645367,1.49443116670398,1.55862359697651,1.93943489815635,0
full_signal_rms,i1,20,TS_LTVKF,0.052213748704738,0.0797498970153609,0.189601758665487,1.68583484047857,1.70234055782382,1.81649451017349,0
full_signal_rms,i1,30,RLS,0.0780849531918815,0.0770772430830164,0.170070527157695,1.28228250695487,1.29625654716021,1.42488070951308,0
full_signal_rms,i1,30,TS_LTVKF,0.0284901083412725,0.0347040813101174,0.0821962285454169,1.06239179868788,1.06632801692912,1.10506519475894,0
full_signal_rms,i1,40,RLS,0.0252317356443154,0.0248137522182729,0.0556970494983488,1.27054061948193,1.27563095576043,1.32179662508429,0
full_signal_rms,i1,40,TS_LTVKF,0.0282809666995787,0.0291289576155507,0.0461389084484398,1.00450052559616,1.00672090391647,1.0200654752552,0
full_signal_rms,i1,50,RLS,0.00793483486849489,0.0080058228342611,0.0183265124442056,1.27574991348986,1.27781426981971,1.29302303034858,0
full_signal_rms,i1,50,TS_LTVKF,0.0285809814171923,0.0290504959204874,0.0346190264958413,1.01257029895979,1.0120069290652,1.01694933724988,0
full_signal_rms,i2,20,RLS,0.217490054449266,0.252329202968365,0.495059516648544,2.06802529758764,2.01536312749109,2.56388324115053,0
full_signal_rms,i2,20,TS_LTVKF,11.512001073615,11.5168482159567,11.7555692869494,90,90,90,1
full_signal_rms,i2,30,RLS,0.069708775934707,0.0808809365844187,0.158554345324941,1.36129318017154,1.35533971329433,1.5320792082192,0
full_signal_rms,i2,30,TS_LTVKF,0.057240027167127,4.79029570093127,12.0119399468435,1.14045804019774,36.6615541078471,90,0.4
full_signal_rms,i2,40,RLS,0.0216739353973983,0.0256793506813235,0.0499272451110088,1.27817047695453,1.28513485809976,1.3530062551401,0
full_signal_rms,i2,40,TS_LTVKF,0.0316800198317257,3.42779967300906,29.6618809719543,1.03408666464446,11.6740296083863,77.4355831849952,0.15
full_signal_rms,i2,50,RLS,0.00741124537363413,0.00827822719251747,0.0154283631834339,1.27741979652243,1.28035513565192,1.30611762218977,0
full_signal_rms,i2,50,TS_LTVKF,0.0282651855140814,0.874028946161838,8.48196876461758,1.01914194367852,7.1665468580892,62.4951467743695,0.1
full_signal_rms,all,20,RLS,27.5304781740852,27.4039203629516,39.3693285176253,97.5320532393081,106.587649325404,233.416775447616,1
full_signal_rms,all,20,TS_LTVKF,19.1479175073999,16.6154519203517,31.802811692807,18.0928343282871,18.1551755192903,47.8714568478145,0.9
full_signal_rms,all,30,RLS,23.8462871092221,21.6751594657066,41.9622892963382,52.7474670324164,63.3757520417831,173.818226922676,0.95
full_signal_rms,all,30,TS_LTVKF,9.59441798437344,8.64845952825025,16.6245999580578,6.72440587045371,6.47808435992864,17.5311663719207,0.4
full_signal_rms,all,40,RLS,17.76497937362,16.2842026678525,34.28705788638,22.5420974778132,27.6850750777803,66.6979572835205,0.85
full_signal_rms,all,40,TS_LTVKF,5.03092616975446,4.79321606204592,7.43232062360195,2.09383157263904,2.26253710573935,6.28646550124225,0
full_signal_rms,all,50,RLS,6.78157504218701,6.44475556057631,14.4374440219045,6.79805619726097,8.81540462101954,21.1281194541044,0.25
full_signal_rms,all,50,TS_LTVKF,1.346444195188,1.14864860510355,1.96538503334017,1.36580753483773,1.37474656234353,3.128827587248,0
ac_ripple_rms,vT,20,RLS,0.870010728783593,0.851338983067987,1.78887742149649,1.44712102070808,1.52282327160607,3.86999984008563,0
ac_ripple_rms,vT,20,TS_LTVKF,0.214839807436801,0.20770181493049,0.469321157610836,0.869965957060598,0.996079286477843,1.55566149685615,0
ac_ripple_rms,vT,30,RLS,0.275877056763874,0.269931581150801,0.562808323847724,1.28427990833139,1.27885774294524,2.12330734412511,0
ac_ripple_rms,vT,30,TS_LTVKF,0.091342063919353,0.0921386766599458,0.203659832541414,0.967118929918603,1.00599974647147,1.18588639128028,0
ac_ripple_rms,vT,40,RLS,0.0876698386287234,0.0855677291831125,0.177409859534783,1.28744042608283,1.27523098488762,1.5505550033121,0
ac_ripple_rms,vT,40,TS_LTVKF,0.0458946399783389,0.0452294545891285,0.0985420329795816,0.993413811438343,1.00500192355207,1.06129948137036,0
ac_ripple_rms,vT,50,RLS,0.0276523485561175,0.0273283953736869,0.0561760346059981,1.27871647213673,1.27418872740074,1.36598025715339,0
ac_ripple_rms,vT,50,TS_LTVKF,0.0415248898764542,0.0403875223252459,0.0562627665995019,1.00341329105645,1.0072286023463,1.02571255118188,0
ac_ripple_rms,i1,20,RLS,0.0372042441736942,0.0356643414745023,0.0795090459393355,1.26956767786823,1.27667993831997,1.34178528366602,0
ac_ripple_rms,i1,20,TS_LTVKF,0.0285198282867993,0.0293418746207075,0.0540752825401447,1.00766731575696,1.01119027081955,1.02975262652262,0
ac_ripple_rms,i1,30,RLS,0.0117254744048223,0.0115331607851571,0.0263327440609862,1.27419112919553,1.27704937758731,1.29884372742494,0
ac_ripple_rms,i1,30,TS_LTVKF,0.0284789928520712,0.0290743693444728,0.0369759330369313,1.01111669532116,1.01012767547073,1.01678402673916,0
ac_ripple_rms,i1,40,RLS,0.00369450007590144,0.00393181057620096,0.00865620381148013,1.27781332584767,1.27879828183727,1.28573735041643,0
ac_ripple_rms,i1,40,TS_LTVKF,0.0286790251857627,0.0290157155394433,0.0316494018423596,1.013790162728,1.01379562530191,1.01542848522859,0
ac_ripple_rms,i1,50,RLS,0.00167872583206607,0.00176599288197798,0.00382492204245577,1.27909816952128,1.27941007480732,1.28160553050018,0
ac_ripple_rms,i1,50,TS_LTVKF,0.028903740356212,0.0290095029004911,0.0298540575954132,1.01412598367144,1.01420808501703,1.01492910661917,0
ac_ripple_rms,i2,20,RLS,0.0206337709382831,0.0244015396320524,0.0473656450110715,1.27783391500034,1.28456992849764,1.35041699912025,0
ac_ripple_rms,i2,20,TS_LTVKF,0.0314356346948041,3.80125683490316,30.1753002751887,1.03165391699002,15.1828690241204,88.0085571455756,0.2
ac_ripple_rms,i2,30,RLS,0.00711967899269528,0.00788180870291588,0.0146731496905528,1.27749632047661,1.28030190257434,1.30481214322506,0
ac_ripple_rms,i2,30,TS_LTVKF,0.0282894283403501,0.719904836887977,6.95630986378689,1.01882350914686,5.9213284038693,50.0429982210795,0.1
ac_ripple_rms,i2,40,RLS,0.00310595311674988,0.00282612807066041,0.00530099486775737,1.27885565378379,1.27978043989829,1.28768436681106,0
ac_ripple_rms,i2,40,TS_LTVKF,0.0285823073941649,0.0284255055023985,0.0309217697997188,1.01506507018339,1.01511951411971,1.0168020327344,0
ac_ripple_rms,i2,50,RLS,0.00167553304391554,0.00144740093589057,0.00257602857406947,1.2794274946163,1.27972155831926,1.2822223670761,0
ac_ripple_rms,i2,50,TS_LTVKF,0.0288182362190081,0.0287903831056135,0.029660620381361,1.01445308798395,1.01443834390704,1.0149860689292,0
ac_ripple_rms,all,20,RLS,0.839659564600859,0.860820914288606,1.83528575073305,1.41946768167644,1.51607541963537,3.85920912509388,0
ac_ripple_rms,all,20,TS_LTVKF,0.215604191094759,0.209203697844638,0.410930371518931,0.876480082666886,1.01254353859903,1.56212711984646,0
ac_ripple_rms,all,30,RLS,0.266422229793023,0.273205749679466,0.578205478950627,1.29090683848611,1.27911112648066,2.1166992129551,0
ac_ripple_rms,all,30,TS_LTVKF,0.0955495908727455,0.163661603061839,0.68299020535133,0.968802199861435,1.00894355142886,1.18844990410747,0
ac_ripple_rms,all,40,RLS,0.0846538668077157,0.086751977295389,0.182967899239478,1.28521646574495,1.27451317127817,1.54607266654125,0
ac_ripple_rms,all,40,TS_LTVKF,0.0455716490898983,0.0454866875783044,0.097210258658631,0.994268818646166,1.00549297327265,1.06198821083077,0
ac_ripple_rms,all,50,RLS,0.0283823176565612,0.0276809739610351,0.0573647772594443,1.27792855583171,1.27394078852222,1.36526791906067,0
ac_ripple_rms,all,50,TS_LTVKF,0.0415777912691206,0.0403073722887654,0.0560147724574855,1.00318969758607,1.0073318663074,1.02539245934152,0
