method,mode,case_id,source_model,trajectory_type,change_time_s,health_report_period_s,delay_10_ms,delay_50_ms,delay_90_ms,settling_time_ms,C_error_20ms_percent,C_error_100ms_percent,C_error_500ms_percent,ESR_error_20ms_percent,ESR_error_100ms_percent,ESR_error_500ms_percent,overshoot_percent,false_cross_coupling_percent,accepted_C_updates,accepted_R_updates,projection_activations,failure_flag,legacy_257_cycle_error_percent,legacy_failure_reproduced,notes
M1 TS-D-RLS,Native,ABR-1,FULL_SWITCHING_MODEL_A_EQUATIONS,C_abrupt,0.02,2e-05,0.639999999999998,4.56,16.84,10.72,1.52178192007888,0.0590684414808599,0.0149161083762555,0.159176644636633,0.355363306694917,0.391518507560362,20.0736020464474,4.63370467862584,13750,13750,0,0,6.09645295365974,1,"Abrupt step is a stress test, not a physical aging rate."
M1 TS-D-RLS,Equal-Report,ABR-1,FULL_SWITCHING_MODEL_A_EQUATIONS,C_abrupt,0.02,0.02048,20.96,20.96,20.96,20.96,1.35995011719354,0.153925421626042,0.106292934823359,0.295030746797417,0.390674046320177,0.34933411154113,18.0621137551382,0.528757800931048,13750,13750,0,0,6.09645295365974,1,"Abrupt step is a stress test, not a physical aging rate."
M2 TS-SLTVKE,Native,ABR-1,FULL_SWITCHING_MODEL_A_EQUATIONS,C_abrupt,0.02,2e-05,5.88,30,91.96,64.72,16.6227640552313,2.11497234904313,0.0145028912368321,0.0356215018845057,1.36126604150653,1.92803776889208,20.1472861212065,7.38430642718163,13387,11067,0,0,19.2910996372035,1,"Abrupt step is a stress test, not a physical aging rate."
M2 TS-SLTVKE,Equal-Report,ABR-1,FULL_SWITCHING_MODEL_A_EQUATIONS,C_abrupt,0.02,0.02048,20.96,41.44,102.88,82.4,16.1418978373258,2.04345501355912,0.0189853893671375,1.36982695880722,1.14799971563337,0.616529087090811,19.9871351294704,2.28973861203872,13387,11067,0,0,19.2910996372035,1,"Abrupt step is a stress test, not a physical aging rate."
M3 Dual EKF,Native,ABR-1,FULL_SWITCHING_MODEL_A_EQUATIONS,C_abrupt,0.02,2e-05,1.88,16.28,121,61,11.1236435592747,3.08725633517538,0.156081252077993,0.8415476677716,3.37410741865211,3.63855444380402,20.2753954790122,11.3502187937369,13750,13750,0,0,8.39287127259642,1,"Abrupt step is a stress test, not a physical aging rate."
M3 Dual EKF,Equal-Report,ABR-1,FULL_SWITCHING_MODEL_A_EQUATIONS,C_abrupt,0.02,0.02048,20.96,20.96,123.36,61.92,10.8344818616653,3.01862777812413,0.164455205950808,3.80473239813126,1.38524214894296,1.10892138495927,19.5112103700025,8.45444400696157,13750,13750,0,0,8.39287127259642,1,"Abrupt step is a stress test, not a physical aging rate."
M1 TS-D-RLS,Native,ABR-2,FULL_SWITCHING_MODEL_A_EQUATIONS,ESR_abrupt,0.02,2e-05,0.719999999999998,5.16,17.68,17.68,0.305025136014897,0.117968909640927,0.123771892958987,3.67075281925364,0.16128966756436,0.199382812886562,44.5519414493545,4.50569456359426,13750,13750,0,0,13.5628919912844,1,"Abrupt step is a stress test, not a physical aging rate."
M1 TS-D-RLS,Equal-Report,ABR-2,FULL_SWITCHING_MODEL_A_EQUATIONS,ESR_abrupt,0.02,0.02048,20.96,20.96,20.96,20.96,0.010581640031584,0.0568065635667771,0.173797058752333,3.19471426136585,0.117527695509656,0.211611397948896,41.1993022073157,1.0759820504005,13750,13750,0,0,13.5628919912844,1,"Abrupt step is a stress test, not a physical aging rate."
M2 TS-SLTVKE,Native,ABR-2,FULL_SWITCHING_MODEL_A_EQUATIONS,ESR_abrupt,0.02,2e-05,Inf,Inf,Inf,Inf,0.290759574110856,0.051409380277348,0.0437090412233577,49.1846892677239,49.1846892677239,49.1846892677239,44.1846892677239,3.05627766750118,13710,386,0,1,49.937918328659,1,"Abrupt step is a stress test, not a physical aging rate."
M2 TS-SLTVKE,Equal-Report,ABR-2,FULL_SWITCHING_MODEL_A_EQUATIONS,ESR_abrupt,0.02,0.02048,Inf,Inf,Inf,Inf,0.21926267761148,0.0179099814044887,0.0578196958954863,49.1846892677239,49.1846892677239,49.1846892677239,44.1846892677239,0.607866688744551,13710,386,0,1,49.937918328659,1,"Abrupt step is a stress test, not a physical aging rate."
M3 Dual EKF,Native,ABR-2,FULL_SWITCHING_MODEL_A_EQUATIONS,ESR_abrupt,0.02,2e-05,0,0.0800000000000002,0.240000000000001,0.240000000000001,0.275353841101174,0.0886417146202202,0.0250674664717274,0.631619763477073,2.29396190594497,1.33600964436162,31.1883629204075,3.25673281840902,13750,13750,0,0,0.730728790988106,0,"Abrupt step is a stress test, not a physical aging rate."
M3 Dual EKF,Equal-Report,ABR-2,FULL_SWITCHING_MODEL_A_EQUATIONS,ESR_abrupt,0.02,0.02048,0.480000000000001,0.480000000000001,0.480000000000001,0.480000000000001,0.217124492724128,0.0894748153728702,0.026175327831344,0.726051735134112,0.0393040694925406,1.8554580532076,0,0.495870616444051,13750,13750,0,0,0.730728790988106,0,"Abrupt step is a stress test, not a physical aging rate."
M1 TS-D-RLS,Native,ABR-3,FULL_SWITCHING_MODEL_A_EQUATIONS,joint_abrupt,0.02,2e-05,0.799999999999999,5.12,17.32,17.32,1.75597324528579,0.0132747456852155,0.0139267348572988,3.65453959717438,0.126445290958024,0.157913214933886,44.5336353846713,0,13750,13750,0,0,NaN,0,"Abrupt step is a stress test, not a physical aging rate."
M1 TS-D-RLS,Equal-Report,ABR-3,FULL_SWITCHING_MODEL_A_EQUATIONS,joint_abrupt,0.02,0.02048,20.96,20.96,20.96,20.96,1.54437616620052,0.13581250101935,0.159943302249253,3.13684089466402,0.105459026487773,0.145186905563505,41.1970114349736,0,13750,13750,0,0,NaN,0,"Abrupt step is a stress test, not a physical aging rate."
M2 TS-SLTVKE,Native,ABR-3,FULL_SWITCHING_MODEL_A_EQUATIONS,joint_abrupt,0.02,2e-05,Inf,Inf,Inf,Inf,17.3647274688064,2.45171833093222,0.080150718195678,50.1733086765148,50.1733086765148,50.1733086765148,45.1733086765148,0,13327,398,0,1,NaN,0,"Abrupt step is a stress test, not a physical aging rate."
M2 TS-SLTVKE,Equal-Report,ABR-3,FULL_SWITCHING_MODEL_A_EQUATIONS,joint_abrupt,0.02,0.02048,Inf,Inf,Inf,Inf,17.0014430761772,2.26307485361165,0.073649292801234,50.1733086765148,50.1733086765148,50.1733086765148,45.1733086765148,0,13327,398,0,1,NaN,0,"Abrupt step is a stress test, not a physical aging rate."
M3 Dual EKF,Native,ABR-3,FULL_SWITCHING_MODEL_A_EQUATIONS,joint_abrupt,0.02,2e-05,2.04,16.64,124.4,61.36,11.260403736641,3.13703511753727,0.204811889757599,0.603588053934359,1.69150805014712,2.59905142550057,32.1023787413252,0,13750,13750,0,0,NaN,0,"Abrupt step is a stress test, not a physical aging rate."
M3 Dual EKF,Equal-Report,ABR-3,FULL_SWITCHING_MODEL_A_EQUATIONS,joint_abrupt,0.02,0.02048,20.96,20.96,143.84,61.92,10.9589420477056,3.03133711847701,0.21403709029033,1.59868917644557,0.250829602288713,1.38725548925039,19.7240327014369,0,13750,13750,0,0,NaN,0,"Abrupt step is a stress test, not a physical aging rate."
