method,mode,case_id,source_model,trajectory_type,trajectory_duration_s,shape,health_report_period_s,noise_profile,skew_ns,C_nRMSE,ESR_nRMSE,C_nIAE,ESR_nIAE,C_xcorr_lag_ms,ESR_xcorr_lag_ms,C_50pct_delay_ms,ESR_50pct_delay_ms,normalized_lag_percent,C_endpoint_error_percent,ESR_endpoint_error_percent,C_max_tracking_error_percent,ESR_max_tracking_error_percent,false_cross_coupling_percent,accepted_C_updates,accepted_R_updates,projection_activations,failure_flag,reliable_health_tracking,notes
M1 TS-D-RLS,Native,RAMP-001,TRACE_DERIVED_OBSERVATION,C_ramp,0.1,linear,2e-05,F28379D_device_realistic,50,0.11007163490529,NaN,0.0599906802756332,NaN,0.0399999999999984,NaN,7.84,NaN,7.84,1.35718853677924,0.540281171801146,10.6159111837239,8.72906367555032,8.90696754484382,2500,2500,0,0,0,Ramp is a health-tracking test; failures are retained.
M1 TS-D-RLS,Equal-Report,RAMP-001,TRACE_DERIVED_OBSERVATION,C_ramp,0.1,linear,0.02048,F28379D_device_realistic,50,0.143095379438412,NaN,0.0813140855410481,NaN,0,NaN,38.56,NaN,38.56,1.35718853677924,0.540281171801146,2.08287361434007,0.565404785136267,0.33769100700469,2500,2500,0,0,0,Ramp is a health-tracking test; failures are retained.
M2 TS-SLTVKE,Native,RAMP-001,TRACE_DERIVED_OBSERVATION,C_ramp,0.1,linear,2e-05,F28379D_device_realistic,50,0.395330419539541,NaN,0.2032518589484,NaN,0.0399999999999984,NaN,31.56,NaN,31.56,9.0293023938474,0.658031550394483,9.04894282689321,8.70435196043644,11.534240496401,2440,2027,0,0,0,Ramp is a health-tracking test; failures are retained.
M2 TS-SLTVKE,Equal-Report,RAMP-001,TRACE_DERIVED_OBSERVATION,C_ramp,0.1,linear,0.02048,F28379D_device_realistic,50,0.545592937434954,NaN,0.301777288527242,NaN,0,NaN,Inf,NaN,0,9.0293023938474,0.658031550394483,9.0293023938474,1.85845744728871,2.96259610670073,2440,2027,0,0,0,Ramp is a health-tracking test; failures are retained.
M3 Dual EKF,Native,RAMP-001,TRACE_DERIVED_OBSERVATION,C_ramp,0.1,linear,2e-05,F28379D_device_realistic,50,0.457209479309811,NaN,0.229550931134083,NaN,0.0399999999999984,NaN,42.12,NaN,42.12,11.2560051553408,3.82492215848447,11.2575855449732,8.69547874364038,15.0479131309765,2500,2500,0,0,0,Ramp is a health-tracking test; failures are retained.
M3 Dual EKF,Equal-Report,RAMP-001,TRACE_DERIVED_OBSERVATION,C_ramp,0.1,linear,0.02048,F28379D_device_realistic,50,0.635264783606903,NaN,0.344588983856352,NaN,0,NaN,Inf,NaN,0,11.2560051553408,3.82492215848447,11.2560051553408,4.85473222587725,8.38582825460178,2500,2500,0,0,0,Ramp is a health-tracking test; failures are retained.
M1 TS-D-RLS,Native,RAMP-002,TRACE_DERIVED_OBSERVATION,C_ramp,0.1,smooth,2e-05,F28379D_device_realistic,50,0.134228071480616,NaN,0.0752013681479582,NaN,0.159999999999993,NaN,7.24,NaN,7.24,0.293941863636388,0.374514344790439,5.72211258091495,6.69147292988016,7.38573841454264,2500,2500,0,0,0,Ramp is a health-tracking test; failures are retained.
M1 TS-D-RLS,Equal-Report,RAMP-002,TRACE_DERIVED_OBSERVATION,C_ramp,0.1,smooth,0.02048,F28379D_device_realistic,50,0.138099697477146,NaN,0.0839366311499184,NaN,0,NaN,38.56,NaN,38.56,0.293941863636388,0.374514344790439,2.72705054156856,0.66245654339063,0.310235488480679,2500,2500,0,0,0,Ramp is a health-tracking test; failures are retained.
M2 TS-SLTVKE,Native,RAMP-002,TRACE_DERIVED_OBSERVATION,C_ramp,0.1,smooth,2e-05,F28379D_device_realistic,50,0.471377333305447,NaN,0.247650152334655,NaN,0.959999999999961,NaN,32.12,NaN,32.12,8.738110030058,0.791691379789627,10.1959196222635,6.67137066642634,10.7667928465864,2390,2003,0,0,0,Ramp is a health-tracking test; failures are retained.
M2 TS-SLTVKE,Equal-Report,RAMP-002,TRACE_DERIVED_OBSERVATION,C_ramp,0.1,smooth,0.02048,F28379D_device_realistic,50,0.536470239306937,NaN,0.329852182890807,NaN,0,NaN,Inf,NaN,0,8.738110030058,0.791691379789627,10.1646613610775,1.75604828898759,1.69509196029817,2390,2003,0,0,0,Ramp is a health-tracking test; failures are retained.
M3 Dual EKF,Native,RAMP-002,TRACE_DERIVED_OBSERVATION,C_ramp,0.1,smooth,2e-05,F28379D_device_realistic,50,0.536939701083487,NaN,0.28005784261981,NaN,1.03999999999996,NaN,41.32,NaN,41.32,11.0791995144394,2.93782605577633,11.9855006954113,6.90930472035871,12.6907489666451,2500,2500,0,0,0,Ramp is a health-tracking test; failures are retained.
M3 Dual EKF,Equal-Report,RAMP-002,TRACE_DERIVED_OBSERVATION,C_ramp,0.1,smooth,0.02048,F28379D_device_realistic,50,0.61584186096326,NaN,0.376204962297423,NaN,0,NaN,Inf,NaN,0,11.0791995144394,2.93782605577633,11.7538319412658,4.14128030258692,5.48991320123929,2500,2500,0,0,0,Ramp is a health-tracking test; failures are retained.
M1 TS-D-RLS,Native,RAMP-003,TRACE_DERIVED_OBSERVATION,C_ramp,1,linear,2e-05,F28379D_device_realistic,50,0.0238347398672225,NaN,0.0106569906469653,NaN,0.0399999999999984,NaN,-31.52,NaN,3.152,0.160015315684032,0.437996229196422,7.00070950969764,4.76217615728108,5.2138768011088,25000,25000,0,0,1,Ramp is a health-tracking test; failures are retained.
M1 TS-D-RLS,Equal-Report,RAMP-003,TRACE_DERIVED_OBSERVATION,C_ramp,1,linear,0.02048,F28379D_device_realistic,50,0.0246271914256556,NaN,0.0109294727241464,NaN,0,NaN,20.4799999999999,NaN,2.04799999999999,0.160015315684032,0.437996229196422,0.700728588278933,0.632246507464712,0.285535360546207,25000,25000,0,0,1,Ramp is a health-tracking test; failures are retained.
M2 TS-SLTVKE,Native,RAMP-003,TRACE_DERIVED_OBSERVATION,C_ramp,1,linear,2e-05,F28379D_device_realistic,50,0.0636870814631913,NaN,0.0355147872620097,NaN,0,NaN,33.7999999999999,NaN,3.37999999999999,0.914413580617089,2.35483757452526,5.43911989655664,4.78457597369199,7.95582731554986,24911,20223,0,0,1,Ramp is a health-tracking test; failures are retained.
M2 TS-SLTVKE,Equal-Report,RAMP-003,TRACE_DERIVED_OBSERVATION,C_ramp,1,linear,0.02048,F28379D_device_realistic,50,0.0659174211168044,NaN,0.0369212143611783,NaN,0,NaN,61.4399999999999,NaN,6.14399999999999,0.914413580617089,2.35483757452526,1.20799983799138,3.11191463085694,3.35380584596452,24911,20223,0,0,0,Ramp is a health-tracking test; failures are retained.
M3 Dual EKF,Native,RAMP-003,TRACE_DERIVED_OBSERVATION,C_ramp,1,linear,2e-05,F28379D_device_realistic,50,0.191817180966081,NaN,0.104398837491406,NaN,0,NaN,129.12,NaN,12.912,3.20112302798034,2.48100733590292,4.79323894956442,7.07611789937762,10.9617270701042,25000,25000,0,0,0,Ramp is a health-tracking test; failures are retained.
M3 Dual EKF,Equal-Report,RAMP-003,TRACE_DERIVED_OBSERVATION,C_ramp,1,linear,0.02048,F28379D_device_realistic,50,0.197916022489088,NaN,0.108573655529952,NaN,0,NaN,163.84,NaN,16.384,3.20112302798034,2.48100733590292,3.20112302798034,5.26511275110035,9.3256952886254,25000,25000,0,0,0,Ramp is a health-tracking test; failures are retained.
M1 TS-D-RLS,Native,RAMP-004,TRACE_DERIVED_OBSERVATION,C_ramp,1,smooth,2e-05,F28379D_device_realistic,50,0.0233936901719826,NaN,0.0113469481398945,NaN,0,NaN,-5.16000000000005,NaN,0.516000000000005,0.484860071698777,0.553582008587725,2.86641283411749,6.82734267567016,4.28675212505437,25000,25000,0,0,1,Ramp is a health-tracking test; failures are retained.
M1 TS-D-RLS,Equal-Report,RAMP-004,TRACE_DERIVED_OBSERVATION,C_ramp,1,smooth,0.02048,F28379D_device_realistic,50,0.0211581495685647,NaN,0.0106667496870204,NaN,0,NaN,20.4799999999999,NaN,2.04799999999999,0.484860071698777,0.553582008587725,0.755338936602712,0.573229234692704,0.305983900860771,25000,25000,0,0,1,Ramp is a health-tracking test; failures are retained.
M2 TS-SLTVKE,Native,RAMP-004,TRACE_DERIVED_OBSERVATION,C_ramp,1,smooth,2e-05,F28379D_device_realistic,50,0.0652111976071318,NaN,0.0358336600161245,NaN,0,NaN,36.04,NaN,3.604,0.123999566185436,1.60361906985679,2.64051975929298,6.84383794333555,7.6601992730187,24926,20293,0,0,1,Ramp is a health-tracking test; failures are retained.
M2 TS-SLTVKE,Equal-Report,RAMP-004,TRACE_DERIVED_OBSERVATION,C_ramp,1,smooth,0.02048,F28379D_device_realistic,50,0.0649134031168647,NaN,0.0361125879923444,NaN,0,NaN,61.4399999999999,NaN,6.14399999999999,0.123999566185436,1.60361906985679,1.47628636103041,3.82530380445795,3.23064345476425,24926,20293,0,0,0,Ramp is a health-tracking test; failures are retained.
M3 Dual EKF,Native,RAMP-004,TRACE_DERIVED_OBSERVATION,C_ramp,1,smooth,2e-05,F28379D_device_realistic,50,0.209867938024384,NaN,0.114779143228088,NaN,0,NaN,123.96,NaN,12.396,1.82995842846901,3.721903076122,4.2368056682213,7.08607366990208,10.7648601602003,25000,25000,0,0,0,Ramp is a health-tracking test; failures are retained.
M3 Dual EKF,Equal-Report,RAMP-004,TRACE_DERIVED_OBSERVATION,C_ramp,1,smooth,0.02048,F28379D_device_realistic,50,0.210147199930107,NaN,0.116832322598862,NaN,0,NaN,143.36,NaN,14.336,1.82995842846901,3.721903076122,4.2154958485401,6.11617864126858,9.87234122323102,25000,25000,0,0,0,Ramp is a health-tracking test; failures are retained.
M1 TS-D-RLS,Native,RAMP-005,TRACE_DERIVED_OBSERVATION,C_ramp,10,linear,2e-05,F28379D_device_realistic,50,0.0266566190149087,NaN,0.0122460586489736,NaN,0,NaN,-208.32,NaN,2.0832,0.33089928967113,0.390265706124951,3.5561618014734,6.50610565106832,6.79257680060416,250000,250000,0,0,1,Ramp is a health-tracking test; failures are retained.
M1 TS-D-RLS,Equal-Report,RAMP-005,TRACE_DERIVED_OBSERVATION,C_ramp,10,linear,0.02048,F28379D_device_realistic,50,0.0284780421729894,NaN,0.0131190946145166,NaN,0,NaN,20.7199999999998,NaN,0.207199999999998,0.33089928967113,0.390265706124951,1.22139209500758,0.866616888142019,0.643902613005329,250000,250000,0,0,1,Ramp is a health-tracking test; failures are retained.
M2 TS-SLTVKE,Native,RAMP-005,TRACE_DERIVED_OBSERVATION,C_ramp,10,linear,2e-05,F28379D_device_realistic,50,0.0121553239191814,NaN,0.00542271689323399,NaN,0,NaN,-143.079999999999,NaN,1.43079999999999,0.201324901435695,4.33720376964308,3.45951819893405,8.32090441212992,14.8241875281292,248978,107373,0,0,1,Ramp is a health-tracking test; failures are retained.
M2 TS-SLTVKE,Equal-Report,RAMP-005,TRACE_DERIVED_OBSERVATION,C_ramp,10,linear,0.02048,F28379D_device_realistic,50,0.0119516426018933,NaN,0.00545404199607295,NaN,0,NaN,20.7199999999998,NaN,0.207199999999998,0.201324901435695,4.33720376964308,0.451603394127686,7.32668628995373,8.23355282443353,248978,107373,0,0,1,Ramp is a health-tracking test; failures are retained.
M3 Dual EKF,Native,RAMP-005,TRACE_DERIVED_OBSERVATION,C_ramp,10,linear,2e-05,F28379D_device_realistic,50,0.0165963220797585,NaN,0.00885283483186606,NaN,0,NaN,84.8399999999998,NaN,0.848399999999998,0.166567973965275,0.272447446426488,3.43774344809508,7.18353328182525,13.684202387372,250000,250000,0,0,1,Ramp is a health-tracking test; failures are retained.
M3 Dual EKF,Equal-Report,RAMP-005,TRACE_DERIVED_OBSERVATION,C_ramp,10,linear,0.02048,F28379D_device_realistic,50,0.0164352005303249,NaN,0.00884253539596967,NaN,0,NaN,102.48,NaN,1.0248,0.166567973965275,0.272447446426488,0.385496482175109,6.26315440715415,6.83109970745731,250000,250000,0,0,1,Ramp is a health-tracking test; failures are retained.
M1 TS-D-RLS,Native,RAMP-006,TRACE_DERIVED_OBSERVATION,C_ramp,10,smooth,2e-05,F28379D_device_realistic,50,0.0243321808492931,NaN,0.011794940194737,NaN,0,NaN,-140.56,NaN,1.4056,0.414041882872929,0.661978381180678,2.98757183384604,4.77830699518912,5.03478037247601,250000,250000,0,0,1,Ramp is a health-tracking test; failures are retained.
M1 TS-D-RLS,Equal-Report,RAMP-006,TRACE_DERIVED_OBSERVATION,C_ramp,10,smooth,0.02048,F28379D_device_realistic,50,0.0233149481890685,NaN,0.0113024079420643,NaN,0,NaN,82.0400000000001,NaN,0.820400000000001,0.414041882872929,0.661978381180678,1.04124972374485,0.780831285521782,0.60221955743367,250000,250000,0,0,1,Ramp is a health-tracking test; failures are retained.
M2 TS-SLTVKE,Native,RAMP-006,TRACE_DERIVED_OBSERVATION,C_ramp,10,smooth,2e-05,F28379D_device_realistic,50,0.0105355541427317,NaN,0.00507969363464196,NaN,0,NaN,13.1600000000001,NaN,0.131600000000001,0.340755941419725,1.13790833755519,2.92975812852368,8.38819752905985,13.1642507855679,248992,107767,0,0,1,Ramp is a health-tracking test; failures are retained.
M2 TS-SLTVKE,Equal-Report,RAMP-006,TRACE_DERIVED_OBSERVATION,C_ramp,10,smooth,0.02048,F28379D_device_realistic,50,0.0101431991912363,NaN,0.0049537076057542,NaN,0,NaN,82.0400000000001,NaN,0.820400000000001,0.340755941419725,1.13790833755519,0.470957601019501,7.3744754761557,7.3180162664228,248992,107767,0,0,1,Ramp is a health-tracking test; failures are retained.
M3 Dual EKF,Native,RAMP-006,TRACE_DERIVED_OBSERVATION,C_ramp,10,smooth,2e-05,F28379D_device_realistic,50,0.0209528135534347,NaN,0.011035016829843,NaN,0,NaN,132.44,NaN,1.3244,0.155590525168455,0.511731175801416,2.91552424207238,6.87725412440773,11.4615283247951,250000,250000,0,0,1,Ramp is a health-tracking test; failures are retained.
M3 Dual EKF,Equal-Report,RAMP-006,TRACE_DERIVED_OBSERVATION,C_ramp,10,smooth,0.02048,F28379D_device_realistic,50,0.0208909224662545,NaN,0.0110288738993553,NaN,0,NaN,143.36,NaN,1.4336,0.155590525168455,0.511731175801416,0.610548746509815,5.81054014021312,7.17943114391766,250000,250000,0,0,1,Ramp is a health-tracking test; failures are retained.
M1 TS-D-RLS,Native,RAMP-007,TRACE_DERIVED_OBSERVATION,C_ramp,100,linear,2e-05,F28379D_device_realistic,50,0.0280996735364924,NaN,0.012885241748393,NaN,0,NaN,-3840.48,NaN,3.84048,0.511584832707506,0.444940859574569,2.3780207408243,6.51583625900873,8.53235461950388,2500000,2500000,0,0,1,Ramp is a health-tracking test; failures are retained.
M1 TS-D-RLS,Equal-Report,RAMP-007,TRACE_DERIVED_OBSERVATION,C_ramp,100,linear,0.02048,F28379D_device_realistic,50,0.0279889350057866,NaN,0.0128212611682905,NaN,0,NaN,-3339,NaN,3.339,0.511584832707506,0.444940859574569,1.3792172545843,1.74817146673635,1.6888360438768,2500000,2500000,0,0,1,Ramp is a health-tracking test; failures are retained.
M2 TS-SLTVKE,Native,RAMP-007,TRACE_DERIVED_OBSERVATION,C_ramp,100,linear,2e-05,F28379D_device_realistic,50,0.0158686605435185,NaN,0.00751490213544365,NaN,0,NaN,-1713.6,NaN,1.7136,0.038878116675001,7.83034253300796,2.37190300146565,8.65306439236588,13.5218388456268,2460339,1458198,0,0,1,Ramp is a health-tracking test; failures are retained.
M2 TS-SLTVKE,Equal-Report,RAMP-007,TRACE_DERIVED_OBSERVATION,C_ramp,100,linear,0.02048,F28379D_device_realistic,50,0.0157860955862229,NaN,0.00747863699721633,NaN,0,NaN,-1312.92,NaN,1.31292,0.038878116675001,7.83034253300796,0.631036081096806,8.58970504197024,13.4067526275916,2460339,1458198,0,0,1,Ramp is a health-tracking test; failures are retained.
M3 Dual EKF,Native,RAMP-007,TRACE_DERIVED_OBSERVATION,C_ramp,100,linear,2e-05,F28379D_device_realistic,50,0.00794173184219162,NaN,0.00396192323485746,NaN,0,NaN,-526.679999999999,NaN,0.526679999999999,0.0747492060401835,5.32708800494457,2.33287799070274,8.60805202818289,13.3689956621731,2500000,2500000,0,0,1,Ramp is a health-tracking test; failures are retained.
M3 Dual EKF,Equal-Report,RAMP-007,TRACE_DERIVED_OBSERVATION,C_ramp,100,linear,0.02048,F28379D_device_realistic,50,0.00789603228659896,NaN,0.0039550044202273,NaN,0,NaN,-471.240000000002,NaN,0.471240000000002,0.0747492060401835,5.32708800494457,0.288031220203836,8.38770839670726,11.7169796457486,2500000,2500000,0,0,1,Ramp is a health-tracking test; failures are retained.
M1 TS-D-RLS,Native,RAMP-008,TRACE_DERIVED_OBSERVATION,C_ramp,100,smooth,2e-05,F28379D_device_realistic,50,0.0266958053674898,NaN,0.0128912965430452,NaN,0,NaN,-1895.04,NaN,1.89504,0.275841531031898,0.437121649585703,2.41876939819871,6.24721477520114,8.53187134073774,2500000,2500000,0,0,1,Ramp is a health-tracking test; failures are retained.
M1 TS-D-RLS,Equal-Report,RAMP-008,TRACE_DERIVED_OBSERVATION,C_ramp,100,smooth,0.02048,F28379D_device_realistic,50,0.0267454713485429,NaN,0.0129726346575849,NaN,0,NaN,-1454.04,NaN,1.45404,0.275841531031898,0.437121649585703,1.33594312306519,1.80354834322165,1.61603963561562,2500000,2500000,0,0,1,Ramp is a health-tracking test; failures are retained.
M2 TS-SLTVKE,Native,RAMP-008,TRACE_DERIVED_OBSERVATION,C_ramp,100,smooth,2e-05,F28379D_device_realistic,50,0.015235496421347,NaN,0.00769114001134857,NaN,0,NaN,-932.400000000001,NaN,0.932400000000001,0.0918175199680894,7.41220846279467,2.41198954475674,8.53802955850516,13.1820614992789,2462515,1461663,0,0,1,Ramp is a health-tracking test; failures are retained.
M2 TS-SLTVKE,Equal-Report,RAMP-008,TRACE_DERIVED_OBSERVATION,C_ramp,100,smooth,0.02048,F28379D_device_realistic,50,0.0152026227153529,NaN,0.00769642628778031,NaN,0,NaN,-881.999999999998,NaN,0.881999999999998,0.0918175199680894,7.41220846279467,0.719626721349876,8.53802955850516,13.7203741142486,2462515,1461663,0,0,1,Ramp is a health-tracking test; failures are retained.
M3 Dual EKF,Native,RAMP-008,TRACE_DERIVED_OBSERVATION,C_ramp,100,smooth,2e-05,F28379D_device_realistic,50,0.00801500992424921,NaN,0.00416180804275985,NaN,0,NaN,-239.400000000003,NaN,0.239400000000003,0.160080564143405,4.80473095436702,2.36874296907928,8.3561589512349,13.0357569073101,2500000,2500000,0,0,1,Ramp is a health-tracking test; failures are retained.
M3 Dual EKF,Equal-Report,RAMP-008,TRACE_DERIVED_OBSERVATION,C_ramp,100,smooth,0.02048,F28379D_device_realistic,50,0.00795961183918735,NaN,0.0041556037691155,NaN,0,NaN,-226.799999999997,NaN,0.226799999999997,0.160080564143405,4.80473095436702,0.35688496657322,8.1508949358069,11.3878386727847,2500000,2500000,0,0,1,Ramp is a health-tracking test; failures are retained.
M1 TS-D-RLS,Native,RAMP-009,TRACE_DERIVED_OBSERVATION,ESR_ramp,0.1,linear,2e-05,F28379D_device_realistic,50,NaN,0.119132523712133,NaN,0.0665005396957692,NaN,0,NaN,7.72,7.72,0.179857090298839,3.85613591918567,3.10770203748707,7.13287381089419,5.78534425690599,2500,2500,0,0,0,Ramp is a health-tracking test; failures are retained.
M1 TS-D-RLS,Equal-Report,RAMP-009,TRACE_DERIVED_OBSERVATION,ESR_ramp,0.1,linear,0.02048,F28379D_device_realistic,50,NaN,0.157938315305882,NaN,0.0924237758560356,NaN,0,NaN,38.56,38.56,0.179857090298839,3.85613591918567,0.583877599522409,5.15909329982229,1.02577984127962,2500,2500,0,0,0,Ramp is a health-tracking test; failures are retained.
M2 TS-SLTVKE,Native,RAMP-009,TRACE_DERIVED_OBSERVATION,ESR_ramp,0.1,linear,2e-05,F28379D_device_realistic,50,NaN,0.0270725247292407,NaN,0.0126388743378006,NaN,0,NaN,2.04,2.04,0.0237061289365149,1.39432634924305,2.22756789705599,7.1115453574111,4.4186641232722,2495,2016,0,0,1,Ramp is a health-tracking test; failures are retained.
M2 TS-SLTVKE,Equal-Report,RAMP-009,TRACE_DERIVED_OBSERVATION,ESR_ramp,0.1,linear,0.02048,F28379D_device_realistic,50,NaN,0.0412222340707943,NaN,0.0209278890520287,NaN,0,NaN,38.56,38.56,0.0237061289365149,1.39432634924305,0.328364367000494,2.05951713327564,0.59707957103537,2495,2016,0,0,0,Ramp is a health-tracking test; failures are retained.
M3 Dual EKF,Native,RAMP-009,TRACE_DERIVED_OBSERVATION,ESR_ramp,0.1,linear,2e-05,F28379D_device_realistic,50,NaN,0.0524666926754206,NaN,0.0266389120788957,NaN,0,NaN,-4.68,4.68,0.0624371007195925,1.12444753070842,2.53131146755123,7.10388729595077,4.34714775619513,2500,2500,0,0,1,Ramp is a health-tracking test; failures are retained.
M3 Dual EKF,Equal-Report,RAMP-009,TRACE_DERIVED_OBSERVATION,ESR_ramp,0.1,linear,0.02048,F28379D_device_realistic,50,NaN,0.0678164729477699,NaN,0.0340804898693914,NaN,0,NaN,20.48,20.48,0.0624371007195925,1.12444753070842,0.29781171321902,3.54350574356447,0.476830416129456,2500,2500,0,0,0,Ramp is a health-tracking test; failures are retained.
M1 TS-D-RLS,Native,RAMP-010,TRACE_DERIVED_OBSERVATION,ESR_ramp,0.1,smooth,2e-05,F28379D_device_realistic,50,NaN,0.132331179963319,NaN,0.0724520238119411,NaN,0,NaN,7.72,7.72,0.710116793487003,1.38150871433504,3.90856532045428,7.39773982388132,4.42085275549389,2500,2500,0,0,0,Ramp is a health-tracking test; failures are retained.
M1 TS-D-RLS,Equal-Report,RAMP-010,TRACE_DERIVED_OBSERVATION,ESR_ramp,0.1,smooth,0.02048,F28379D_device_realistic,50,NaN,0.150496850120484,NaN,0.0939285826717396,NaN,0,NaN,20.48,20.48,0.710116793487003,1.38150871433504,0.710116793487003,7.0368002069087,0.427298917635301,2500,2500,0,0,0,Ramp is a health-tracking test; failures are retained.
M2 TS-SLTVKE,Native,RAMP-010,TRACE_DERIVED_OBSERVATION,ESR_ramp,0.1,smooth,2e-05,F28379D_device_realistic,50,NaN,0.0466853598352283,NaN,0.0237639029545215,NaN,0,NaN,2.84,2.84,0.355032514989581,1.37708725248527,3.47172431379298,5.23422937572572,4.25912018975202,2492,1848,0,0,1,Ramp is a health-tracking test; failures are retained.
M2 TS-SLTVKE,Equal-Report,RAMP-010,TRACE_DERIVED_OBSERVATION,ESR_ramp,0.1,smooth,0.02048,F28379D_device_realistic,50,NaN,0.0404429782538754,NaN,0.0238211761136858,NaN,0,NaN,20.48,20.48,0.355032514989581,1.37708725248527,0.429713128022717,1.88711750105287,0.222059216827282,2492,1848,0,0,0,Ramp is a health-tracking test; failures are retained.
M3 Dual EKF,Native,RAMP-010,TRACE_DERIVED_OBSERVATION,ESR_ramp,0.1,smooth,2e-05,F28379D_device_realistic,50,NaN,0.0507062081624395,NaN,0.0273156117577924,NaN,0,NaN,-2.48,2.48,0.300995853900584,1.95503095195482,3.30304765558931,6.30330899292467,4.20201904760973,2500,2500,0,0,1,Ramp is a health-tracking test; failures are retained.
M3 Dual EKF,Equal-Report,RAMP-010,TRACE_DERIVED_OBSERVATION,ESR_ramp,0.1,smooth,0.02048,F28379D_device_realistic,50,NaN,0.0504596387320474,NaN,0.029396500022041,NaN,0,NaN,20.48,20.48,0.300995853900584,1.95503095195482,0.416476661674843,3.22563517247199,0.190460183156606,2500,2500,0,0,0,Ramp is a health-tracking test; failures are retained.
M1 TS-D-RLS,Native,RAMP-011,TRACE_DERIVED_OBSERVATION,ESR_ramp,1,linear,2e-05,F28379D_device_realistic,50,NaN,0.00856683272926112,NaN,0.00452019556098607,NaN,0,NaN,2.59999999999994,0.259999999999994,0.166138623554609,0.199310512734294,4.79823612232183,12.9090451767872,3.94993980526634,25000,25000,0,0,1,Ramp is a health-tracking test; failures are retained.
M1 TS-D-RLS,Equal-Report,RAMP-011,TRACE_DERIVED_OBSERVATION,ESR_ramp,1,linear,0.02048,F28379D_device_realistic,50,NaN,0.008393968408395,NaN,0.00461384231668091,NaN,0,NaN,40.96,4.096,0.166138623554609,0.199310512734294,0.818718045451201,0.605855950465499,0.719829075783793,25000,25000,0,0,1,Ramp is a health-tracking test; failures are retained.
M2 TS-SLTVKE,Native,RAMP-011,TRACE_DERIVED_OBSERVATION,ESR_ramp,1,linear,2e-05,F28379D_device_realistic,50,NaN,0.0258947031392628,NaN,0.0122003391239209,NaN,0,NaN,-24.84,2.484,0.185440578911189,1.40278287501389,4.138938475492,12.874487930622,3.81152440409715,24937,20188,0,0,1,Ramp is a health-tracking test; failures are retained.
M2 TS-SLTVKE,Equal-Report,RAMP-011,TRACE_DERIVED_OBSERVATION,ESR_ramp,1,linear,0.02048,F28379D_device_realistic,50,NaN,0.0256832342967685,NaN,0.0128401913244178,NaN,0,NaN,40.96,4.096,0.185440578911189,1.40278287501389,0.393071484500564,2.52820844323805,0.50476865342221,24937,20188,0,0,1,Ramp is a health-tracking test; failures are retained.
M3 Dual EKF,Native,RAMP-011,TRACE_DERIVED_OBSERVATION,ESR_ramp,1,linear,2e-05,F28379D_device_realistic,50,NaN,0.0530109493883534,NaN,0.0270090230886798,NaN,0,NaN,-46.2,4.62,0.17126665276608,2.54174319974947,3.84445066930245,12.8620797328359,3.72903630086829,25000,25000,0,0,1,Ramp is a health-tracking test; failures are retained.
M3 Dual EKF,Equal-Report,RAMP-011,TRACE_DERIVED_OBSERVATION,ESR_ramp,1,linear,0.02048,F28379D_device_realistic,50,NaN,0.0523080415686706,NaN,0.0276777475950755,NaN,0,NaN,40.96,4.096,0.17126665276608,2.54174319974947,0.374750251460465,4.46095883728793,0.390669928382071,25000,25000,0,0,1,Ramp is a health-tracking test; failures are retained.
M1 TS-D-RLS,Native,RAMP-012,TRACE_DERIVED_OBSERVATION,ESR_ramp,1,smooth,2e-05,F28379D_device_realistic,50,NaN,0.00999076595057975,NaN,0.0052219948138474,NaN,0,NaN,4.07999999999997,0.407999999999997,0.458244324111251,0.169898531224316,1.58390372946202,5.78619464116672,2.93174781237575,25000,25000,0,0,1,Ramp is a health-tracking test; failures are retained.
M1 TS-D-RLS,Equal-Report,RAMP-012,TRACE_DERIVED_OBSERVATION,ESR_ramp,1,smooth,0.02048,F28379D_device_realistic,50,NaN,0.00971749117523692,NaN,0.00523832939106764,NaN,0,NaN,20.4799999999999,2.04799999999999,0.458244324111251,0.169898531224316,1.22169620247602,0.762613108173626,1.58201721084953,25000,25000,0,0,1,Ramp is a health-tracking test; failures are retained.
M2 TS-SLTVKE,Native,RAMP-012,TRACE_DERIVED_OBSERVATION,ESR_ramp,1,smooth,2e-05,F28379D_device_realistic,50,NaN,0.023650104191063,NaN,0.0117638272747785,NaN,0,NaN,-18.0400000000001,1.80400000000001,0.202824876232839,0.865976666409196,1.46925691217359,5.78845795066807,2.80594289134452,24934,20220,0,0,1,Ramp is a health-tracking test; failures are retained.
M2 TS-SLTVKE,Equal-Report,RAMP-012,TRACE_DERIVED_OBSERVATION,ESR_ramp,1,smooth,0.02048,F28379D_device_realistic,50,NaN,0.0237090297524816,NaN,0.0116281933177534,NaN,0,NaN,20.4799999999999,2.04799999999999,0.202824876232839,0.865976666409196,0.861265249716862,2.9588573794091,0.921099697168571,24934,20220,0,0,1,Ramp is a health-tracking test; failures are retained.
M3 Dual EKF,Native,RAMP-012,TRACE_DERIVED_OBSERVATION,ESR_ramp,1,smooth,2e-05,F28379D_device_realistic,50,NaN,0.0500427371946507,NaN,0.026958533974324,NaN,0,NaN,-26.2000000000001,2.62000000000001,0.164745233566867,1.75374816769704,1.51839205260062,6.38232339899386,2.84850132234279,25000,25000,0,0,1,Ramp is a health-tracking test; failures are retained.
M3 Dual EKF,Equal-Report,RAMP-012,TRACE_DERIVED_OBSERVATION,ESR_ramp,1,smooth,0.02048,F28379D_device_realistic,50,NaN,0.0501126490214501,NaN,0.0265703724120676,NaN,0,NaN,40.96,4.096,0.164745233566867,1.75374816769704,0.865459209049352,4.7956197881702,0.798916915649786,25000,25000,0,0,1,Ramp is a health-tracking test; failures are retained.
M1 TS-D-RLS,Native,RAMP-013,TRACE_DERIVED_OBSERVATION,ESR_ramp,10,linear,2e-05,F28379D_device_realistic,50,NaN,0.00514496803705857,NaN,0.00259364815000708,NaN,0,NaN,-34.44,0.3444,0.134886343468085,0.202224682136376,2.94656890797853,6.04804398123486,4.34205443387862,250000,250000,0,0,1,Ramp is a health-tracking test; failures are retained.
M1 TS-D-RLS,Equal-Report,RAMP-013,TRACE_DERIVED_OBSERVATION,ESR_ramp,10,linear,0.02048,F28379D_device_realistic,50,NaN,0.00518698015424224,NaN,0.0026234174412777,NaN,0,NaN,20.7199999999998,0.207199999999998,0.134886343468085,0.202224682136376,1.20390634687602,0.580081458842863,1.40367523491904,250000,250000,0,0,1,Ramp is a health-tracking test; failures are retained.
M2 TS-SLTVKE,Native,RAMP-013,TRACE_DERIVED_OBSERVATION,ESR_ramp,10,linear,2e-05,F28379D_device_realistic,50,NaN,0.0779317967771059,NaN,0.0424087433145233,NaN,0,NaN,-582.68,5.8268,0.119001771991886,2.3561203060154,2.83982842964192,7.83840546833711,3.21942793824632,249048,107814,0,0,0,Ramp is a health-tracking test; failures are retained.
M2 TS-SLTVKE,Equal-Report,RAMP-013,TRACE_DERIVED_OBSERVATION,ESR_ramp,10,linear,0.02048,F28379D_device_realistic,50,NaN,0.0771793399052695,NaN,0.0420529961930706,NaN,0,NaN,-430.08,4.3008,0.119001771991886,2.3561203060154,0.577519592821234,6.89035185642933,0.545144549035423,249048,107814,0,0,1,Ramp is a health-tracking test; failures are retained.
M3 Dual EKF,Native,RAMP-013,TRACE_DERIVED_OBSERVATION,ESR_ramp,10,linear,2e-05,F28379D_device_realistic,50,NaN,0.0542163731311207,NaN,0.0278409202581715,NaN,0,NaN,-140.28,1.4028,0.152260378106088,0.101714611894482,2.71806353304646,6.35987986099456,2.88645271171047,250000,250000,0,0,1,Ramp is a health-tracking test; failures are retained.
M3 Dual EKF,Equal-Report,RAMP-013,TRACE_DERIVED_OBSERVATION,ESR_ramp,10,linear,0.02048,F28379D_device_realistic,50,NaN,0.0543993549187177,NaN,0.0280186993080317,NaN,0,NaN,-409.36,4.0936,0.152260378106088,0.101714611894482,0.363170454996875,5.49756379957806,0.322281782164389,250000,250000,0,0,1,Ramp is a health-tracking test; failures are retained.
M1 TS-D-RLS,Native,RAMP-014,TRACE_DERIVED_OBSERVATION,ESR_ramp,10,smooth,2e-05,F28379D_device_realistic,50,NaN,0.00479049907666295,NaN,0.00253373491061271,NaN,0,NaN,-21.8400000000001,0.218400000000001,0.347307182153969,0.231153573751947,4.18984691777739,6.43344647831863,5.28820696236648,250000,250000,0,0,1,Ramp is a health-tracking test; failures are retained.
M1 TS-D-RLS,Equal-Report,RAMP-014,TRACE_DERIVED_OBSERVATION,ESR_ramp,10,smooth,0.02048,F28379D_device_realistic,50,NaN,0.00470827466126396,NaN,0.00251120566231724,NaN,0,NaN,-20.4399999999998,0.204399999999998,0.347307182153969,0.231153573751947,1.15055089331408,0.553113270891361,1.12170603353016,250000,250000,0,0,1,Ramp is a health-tracking test; failures are retained.
M2 TS-SLTVKE,Native,RAMP-014,TRACE_DERIVED_OBSERVATION,ESR_ramp,10,smooth,2e-05,F28379D_device_realistic,50,NaN,0.0739049377286482,NaN,0.0425103404397643,NaN,0,NaN,-412.44,4.1244,0.393209920836662,0.602707453007306,4.05795271768386,7.71640479241819,4.40327863920461,248992,108101,0,0,1,Ramp is a health-tracking test; failures are retained.
M2 TS-SLTVKE,Equal-Report,RAMP-014,TRACE_DERIVED_OBSERVATION,ESR_ramp,10,smooth,0.02048,F28379D_device_realistic,50,NaN,0.0737230107206622,NaN,0.0425737869992707,NaN,0,NaN,-409.36,4.0936,0.393209920836662,0.602707453007306,0.595266052149607,6.32556206607457,0.58422946586976,248992,108101,0,0,1,Ramp is a health-tracking test; failures are retained.
M3 Dual EKF,Native,RAMP-014,TRACE_DERIVED_OBSERVATION,ESR_ramp,10,smooth,2e-05,F28379D_device_realistic,50,NaN,0.0512594676968939,NaN,0.0277854869864678,NaN,0,NaN,-138.04,1.3804,0.305028528639403,0.584505486693115,3.90740445971529,6.42816664996782,3.96448291925441,250000,250000,0,0,1,Ramp is a health-tracking test; failures are retained.
M3 Dual EKF,Equal-Report,RAMP-014,TRACE_DERIVED_OBSERVATION,ESR_ramp,10,smooth,0.02048,F28379D_device_realistic,50,NaN,0.0506025526708417,NaN,0.0274966325090545,NaN,0,NaN,20.7199999999998,0.207199999999998,0.305028528639403,0.584505486693115,0.365960803781466,5.4017204640897,0.222068216220106,250000,250000,0,0,1,Ramp is a health-tracking test; failures are retained.
M1 TS-D-RLS,Native,RAMP-015,TRACE_DERIVED_OBSERVATION,ESR_ramp,100,linear,2e-05,F28379D_device_realistic,50,NaN,0.0144859021390479,NaN,0.00711338627060012,NaN,0,NaN,-559.440000000002,0.559440000000002,0.333889349865492,0.00614192655987167,3.63933686532563,6.57667598334609,5.24971656745033,2500000,2500000,0,0,1,Ramp is a health-tracking test; failures are retained.
M1 TS-D-RLS,Equal-Report,RAMP-015,TRACE_DERIVED_OBSERVATION,ESR_ramp,100,linear,0.02048,F28379D_device_realistic,50,NaN,0.0144753649675528,NaN,0.00709659113426307,NaN,0,NaN,-1169.28,1.16928,0.333889349865492,0.00614192655987167,1.42938190108196,1.66926891643258,1.6687906874955,2500000,2500000,0,0,1,Ramp is a health-tracking test; failures are retained.
M2 TS-SLTVKE,Native,RAMP-015,TRACE_DERIVED_OBSERVATION,ESR_ramp,100,linear,2e-05,F28379D_device_realistic,50,NaN,0.079117744060068,NaN,0.0398854926369293,NaN,0,NaN,-6531.84,6.53184,0.0791417087410385,3.85675200847772,3.61248497529272,7.91387776770116,4.35713311838991,2461822,1477035,0,0,0,Ramp is a health-tracking test; failures are retained.
M2 TS-SLTVKE,Equal-Report,RAMP-015,TRACE_DERIVED_OBSERVATION,ESR_ramp,100,linear,0.02048,F28379D_device_realistic,50,NaN,0.0788721116008369,NaN,0.039728812855064,NaN,0,NaN,-3339,3.339,0.0791417087410385,3.85675200847772,0.743535340907484,7.79581455682248,1.08137688070633,2461822,1477035,0,0,1,Ramp is a health-tracking test; failures are retained.
M3 Dual EKF,Native,RAMP-015,TRACE_DERIVED_OBSERVATION,ESR_ramp,100,linear,2e-05,F28379D_device_realistic,50,NaN,0.0809122983973927,NaN,0.0418414213209909,NaN,0,NaN,-1796.76,1.79676,0.0899893460330818,2.0188558625065,3.44144862116106,7.720297748886,3.81385562662755,2500000,2500000,0,0,1,Ramp is a health-tracking test; failures are retained.
M3 Dual EKF,Equal-Report,RAMP-015,TRACE_DERIVED_OBSERVATION,ESR_ramp,100,linear,0.02048,F28379D_device_realistic,50,NaN,0.0808964817023664,NaN,0.0418397749520978,NaN,0,NaN,-3606.12,3.60612,0.0899893460330818,2.0188558625065,0.368015202428435,7.5611021614529,0.713570715132073,2500000,2500000,0,0,1,Ramp is a health-tracking test; failures are retained.
M1 TS-D-RLS,Native,RAMP-016,TRACE_DERIVED_OBSERVATION,ESR_ramp,100,smooth,2e-05,F28379D_device_realistic,50,NaN,0.0137066299849855,NaN,0.00711091390365022,NaN,0,NaN,-360.36,0.36036,0.157664970374302,0.192770878485127,2.20166423086152,6.31267160422225,3.94983127516589,2500000,2500000,0,0,1,Ramp is a health-tracking test; failures are retained.
M1 TS-D-RLS,Equal-Report,RAMP-016,TRACE_DERIVED_OBSERVATION,ESR_ramp,100,smooth,0.02048,F28379D_device_realistic,50,NaN,0.013720171922408,NaN,0.00712301005003055,NaN,0,NaN,-410.760000000003,0.410760000000003,0.157664970374302,0.192770878485127,1.3668036438306,1.64731434619741,1.28336489560715,2500000,2500000,0,0,1,Ramp is a health-tracking test; failures are retained.
M2 TS-SLTVKE,Native,RAMP-016,TRACE_DERIVED_OBSERVATION,ESR_ramp,100,smooth,2e-05,F28379D_device_realistic,50,NaN,0.0748671776701595,NaN,0.0398243094324452,NaN,0,NaN,-4132.8,4.1328,0.0483914224274262,2.40169548446666,2.1984061072155,8.1946428442939,2.9780328054012,2458987,1478644,0,0,1,Ramp is a health-tracking test; failures are retained.
M2 TS-SLTVKE,Equal-Report,RAMP-016,TRACE_DERIVED_OBSERVATION,ESR_ramp,100,smooth,0.02048,F28379D_device_realistic,50,NaN,0.0751503282070488,NaN,0.0399568647885408,NaN,0,NaN,-2416.68,2.41668,0.0483914224274262,2.40169548446666,0.752184814928669,8.1946428442939,0.704253358900454,2458987,1478644,0,0,1,Ramp is a health-tracking test; failures are retained.
M3 Dual EKF,Native,RAMP-016,TRACE_DERIVED_OBSERVATION,ESR_ramp,100,smooth,2e-05,F28379D_device_realistic,50,NaN,0.0766609856118143,NaN,0.0418574905577121,NaN,0,NaN,-1131.48,1.13148,0.211234623143737,2.19986337569661,2.17761828608381,7.98168644058578,2.5368837892421,2500000,2500000,0,0,1,Ramp is a health-tracking test; failures are retained.
M3 Dual EKF,Equal-Report,RAMP-016,TRACE_DERIVED_OBSERVATION,ESR_ramp,100,smooth,0.02048,F28379D_device_realistic,50,NaN,0.076769654328019,NaN,0.041915888202864,NaN,0,NaN,-2766.96,2.76696,0.211234623143737,2.19986337569661,0.35709617105648,7.94820822924154,0.3212563723048,2500000,2500000,0,0,1,Ramp is a health-tracking test; failures are retained.
M1 TS-D-RLS,Native,RAMP-017,TRACE_DERIVED_OBSERVATION,joint_ramp,0.1,linear,2e-05,F28379D_device_realistic,50,0.1195844147245,0.118554767134485,0.0663879688534,0.06631909134493,0,0,8.6,7.64,8.6,1.70798968881069,3.79766762671174,4.83738564095556,6.97137206279488,0,2500,2500,0,0,0,Ramp is a health-tracking test; failures are retained.
M1 TS-D-RLS,Equal-Report,RAMP-017,TRACE_DERIVED_OBSERVATION,joint_ramp,0.1,linear,0.02048,F28379D_device_realistic,50,0.15009246298988,0.157998929258675,0.0875184593271198,0.0924274626870311,0,0,38.56,38.56,38.56,1.70798968881069,3.79766762671174,1.73150420733431,5.21810511811255,0,2500,2500,0,0,0,Ramp is a health-tracking test; failures are retained.
M2 TS-SLTVKE,Native,RAMP-017,TRACE_DERIVED_OBSERVATION,joint_ramp,0.1,linear,2e-05,F28379D_device_realistic,50,0.414990588656848,0.0358880737250567,0.216381134252997,0.0164136048971281,0.0399999999999984,0,32.48,0.599999999999996,32.48,9.15382492947573,0.113779162884631,9.16571779140622,6.95079320381832,0,2427,1940,0,0,0,Ramp is a health-tracking test; failures are retained.
M2 TS-SLTVKE,Equal-Report,RAMP-017,TRACE_DERIVED_OBSERVATION,joint_ramp,0.1,linear,0.02048,F28379D_device_realistic,50,0.572093674424979,0.0552750760456317,0.320943041596563,0.0281280751987082,0,0,Inf,38.56,38.56,9.15382492947573,0.113779162884631,9.15382492947573,3.38187487242266,0,2427,1940,0,0,0,Ramp is a health-tracking test; failures are retained.
M3 Dual EKF,Native,RAMP-017,TRACE_DERIVED_OBSERVATION,joint_ramp,0.1,linear,2e-05,F28379D_device_realistic,50,0.47277370713436,0.0533371541489599,0.23994885411382,0.0271024712868499,0,0,42.64,-3.24,42.64,11.4114271099668,1.25929862018537,11.4185217700644,6.94340386922935,0,2500,2500,0,0,0,Ramp is a health-tracking test; failures are retained.
M3 Dual EKF,Equal-Report,RAMP-017,TRACE_DERIVED_OBSERVATION,joint_ramp,0.1,linear,0.02048,F28379D_device_realistic,50,0.6565861388619,0.0501779176642199,0.360840948258212,0.0253439160418679,0,0,Inf,20.48,20.48,11.4114271099668,1.25929862018537,11.4114271099668,1.8140941830768,0,2500,2500,0,0,0,Ramp is a health-tracking test; failures are retained.
M1 TS-D-RLS,Native,RAMP-018,TRACE_DERIVED_OBSERVATION,joint_ramp,0.1,smooth,2e-05,F28379D_device_realistic,50,0.130269983175522,0.132112463380739,0.0713624527696898,0.0722756582318641,0.0799999999999967,0,7.48,7.68,7.68,1.29428644767902,1.44518563204053,10.2514419720862,7.80148054603993,0,2500,2500,0,0,0,Ramp is a health-tracking test; failures are retained.
M1 TS-D-RLS,Equal-Report,RAMP-018,TRACE_DERIVED_OBSERVATION,joint_ramp,0.1,smooth,0.02048,F28379D_device_realistic,50,0.151481706712282,0.152314996901027,0.0955122034728379,0.0949453131216871,0,0,20.48,38.56,38.56,1.29428644767902,1.44518563204053,2.59247729414465,7.08374893893294,0,2500,2500,0,0,0,Ramp is a health-tracking test; failures are retained.
M2 TS-SLTVKE,Native,RAMP-018,TRACE_DERIVED_OBSERVATION,joint_ramp,0.1,smooth,2e-05,F28379D_device_realistic,50,0.459226718690798,0.0376446757893308,0.236004895345896,0.0195285902573585,0.119999999999995,0,32.68,2,32.68,8.86433838028264,0.874829349274991,10.3196617442841,7.7789053083083,0,2411,1914,0,0,0,Ramp is a health-tracking test; failures are retained.
M2 TS-SLTVKE,Equal-Report,RAMP-018,TRACE_DERIVED_OBSERVATION,joint_ramp,0.1,smooth,0.02048,F28379D_device_realistic,50,0.530566943401448,0.0463345630592758,0.322281224714539,0.0263201568946373,0,0,Inf,20.48,20.48,8.86433838028264,0.874829349274991,10.2742078825789,2.18700524444564,0,2411,1914,0,0,0,Ramp is a health-tracking test; failures are retained.
M3 Dual EKF,Native,RAMP-018,TRACE_DERIVED_OBSERVATION,joint_ramp,0.1,smooth,2e-05,F28379D_device_realistic,50,0.522282521349732,0.0495766019199632,0.265483570829241,0.0266560542842136,0.119999999999995,0,41,-1.8,41,11.1874073726451,2.46510698487117,11.901906538244,7.77079923479449,0,2500,2500,0,0,0,Ramp is a health-tracking test; failures are retained.
M3 Dual EKF,Equal-Report,RAMP-018,TRACE_DERIVED_OBSERVATION,joint_ramp,0.1,smooth,0.02048,F28379D_device_realistic,50,0.603402080950873,0.0440770739332648,0.36292300147021,0.0245017870052683,0,0,Inf,20.48,20.48,11.1874073726451,2.46510698487117,11.6452142572333,2.46510698487117,0,2500,2500,0,0,0,Ramp is a health-tracking test; failures are retained.
M1 TS-D-RLS,Native,RAMP-019,TRACE_DERIVED_OBSERVATION,joint_ramp,1,linear,2e-05,F28379D_device_realistic,50,0.02472115029871,0.00858954767694508,0.0114946681514364,0.00469305595869337,0,0,-6.68000000000002,4.07999999999997,0.668000000000002,0.0232490977904966,0.193354366057386,3.48857432621602,6.96224007738778,0,25000,25000,0,0,1,Ramp is a health-tracking test; failures are retained.
M1 TS-D-RLS,Equal-Report,RAMP-019,TRACE_DERIVED_OBSERVATION,joint_ramp,1,linear,0.02048,F28379D_device_realistic,50,0.0225675411468346,0.00871849817511884,0.0102676172404371,0.00481913748020505,0,0,40.96,40.96,4.096,0.0232490977904966,0.193354366057386,0.774582616187791,0.662529489195512,0,25000,25000,0,0,1,Ramp is a health-tracking test; failures are retained.
M2 TS-SLTVKE,Native,RAMP-019,TRACE_DERIVED_OBSERVATION,joint_ramp,1,linear,2e-05,F28379D_device_realistic,50,0.0684243543087223,0.0243456849201563,0.0382444890522314,0.0114971203792923,0,0,47.48,-24.08,4.748,0.937660458548343,0.574366820508612,2.95380476926128,6.95265478124944,0,24920,20306,0,0,1,Ramp is a health-tracking test; failures are retained.
M2 TS-SLTVKE,Equal-Report,RAMP-019,TRACE_DERIVED_OBSERVATION,joint_ramp,1,linear,0.02048,F28379D_device_realistic,50,0.0704307737812255,0.0238331280167576,0.039552763562982,0.0113270310159918,0,0,81.92,20.4799999999999,8.192,0.937660458548343,0.574366820508612,1.18853874176434,2.24556918635684,0,24920,20306,0,0,0,Ramp is a health-tracking test; failures are retained.
M3 Dual EKF,Native,RAMP-019,TRACE_DERIVED_OBSERVATION,joint_ramp,1,linear,2e-05,F28379D_device_realistic,50,0.196888478708254,0.0525318687311383,0.107665570082849,0.0267504925564329,0,0,131.24,-46.9600000000001,13.124,3.24759643292572,1.28766392333554,3.26822498305357,6.96088907477634,0,25000,25000,0,0,0,Ramp is a health-tracking test; failures are retained.
M3 Dual EKF,Equal-Report,RAMP-019,TRACE_DERIVED_OBSERVATION,joint_ramp,1,linear,0.02048,F28379D_device_realistic,50,0.202993775672202,0.0529108578000258,0.111811588316379,0.0270920161305518,0,0,163.84,40.96,16.384,3.24759643292572,1.28766392333554,3.24759643292572,3.9195840409664,0,25000,25000,0,0,0,Ramp is a health-tracking test; failures are retained.
M1 TS-D-RLS,Native,RAMP-020,TRACE_DERIVED_OBSERVATION,joint_ramp,1,smooth,2e-05,F28379D_device_realistic,50,0.0293198624410906,0.00980023924402802,0.013020044362693,0.00521239200368155,0,0,-2.08000000000003,4.83999999999996,0.483999999999996,0.0859200320506086,0.168440757687058,4.79395422645521,4.5956951177632,0,25000,25000,0,0,1,Ramp is a health-tracking test; failures are retained.
M1 TS-D-RLS,Equal-Report,RAMP-020,TRACE_DERIVED_OBSERVATION,joint_ramp,1,smooth,0.02048,F28379D_device_realistic,50,0.025410986581266,0.00990334605064117,0.0120420441477842,0.00532134998889023,0,0,20.4799999999999,20.4799999999999,2.04799999999999,0.0859200320506086,0.168440757687058,0.701887050968647,0.817764131100208,0,25000,25000,0,0,1,Ramp is a health-tracking test; failures are retained.
M2 TS-SLTVKE,Native,RAMP-020,TRACE_DERIVED_OBSERVATION,joint_ramp,1,smooth,2e-05,F28379D_device_realistic,50,0.071300479416562,0.0235725745347466,0.0396363958058712,0.0117629092661893,0,0,40.2,-23.96,4.02,0.34457954922141,0.760510753459148,4.6317709377635,4.60626436707397,0,24918,20248,0,0,1,Ramp is a health-tracking test; failures are retained.
M2 TS-SLTVKE,Equal-Report,RAMP-020,TRACE_DERIVED_OBSERVATION,joint_ramp,1,smooth,0.02048,F28379D_device_realistic,50,0.0698665524341968,0.0198788179681444,0.0396816521461327,0.00949920542617187,0,0,61.4399999999999,40.96,6.14399999999999,0.34457954922141,0.760510753459148,1.43880218829425,2.24809265188438,0,24918,20248,0,0,0,Ramp is a health-tracking test; failures are retained.
M3 Dual EKF,Native,RAMP-020,TRACE_DERIVED_OBSERVATION,joint_ramp,1,smooth,2e-05,F28379D_device_realistic,50,0.213279423132525,0.0499097979068838,0.116566014934645,0.0268474947015108,1.63999999999993,0,122.4,-28.4800000000001,12.24,1.98895247809586,1.69950731136373,4.58698272037394,7.25432547153043,0,25000,25000,0,0,0,Ramp is a health-tracking test; failures are retained.
M3 Dual EKF,Equal-Report,RAMP-020,TRACE_DERIVED_OBSERVATION,joint_ramp,1,smooth,0.02048,F28379D_device_realistic,50,0.213138968902524,0.0496853108640056,0.118276868776718,0.0267753795582004,0,0,143.36,40.96,14.336,1.98895247809586,1.69950731136373,4.20705542823084,4.14598353298612,0,25000,25000,0,0,0,Ramp is a health-tracking test; failures are retained.
M1 TS-D-RLS,Native,RAMP-021,TRACE_DERIVED_OBSERVATION,joint_ramp,10,linear,2e-05,F28379D_device_realistic,50,0.0268722806810694,0.00516369068140725,0.0123000754368316,0.00261324466957514,0,0,-282.8,-47.04,2.828,0.139543541016469,0.143845579462967,2.23378793403438,6.05319738923482,0,250000,250000,0,0,1,Ramp is a health-tracking test; failures are retained.
M1 TS-D-RLS,Equal-Report,RAMP-021,TRACE_DERIVED_OBSERVATION,joint_ramp,10,linear,0.02048,F28379D_device_realistic,50,0.0267645900719084,0.00512595470658558,0.0122809423738561,0.00260513516126326,0,0,0,20.7199999999998,0.207199999999998,0.139543541016469,0.143845579462967,0.94928270841616,0.514509917410434,0,250000,250000,0,0,1,Ramp is a health-tracking test; failures are retained.
M2 TS-SLTVKE,Native,RAMP-021,TRACE_DERIVED_OBSERVATION,joint_ramp,10,linear,2e-05,F28379D_device_realistic,50,0.0116293738999678,0.0801779638856467,0.00521654936770951,0.0436595769128352,0,0,-45.9199999999997,-621.88,6.2188,0.143314186702922,2.6355868531658,2.14177195385308,7.92877487405635,0,248929,107149,0,0,0,Ramp is a health-tracking test; failures are retained.
M2 TS-SLTVKE,Equal-Report,RAMP-021,TRACE_DERIVED_OBSERVATION,joint_ramp,10,linear,0.02048,F28379D_device_realistic,50,0.0115050827201141,0.0813466717052406,0.00525464196125922,0.0444378904503999,0,0,-40.8799999999996,-430.08,4.3008,0.143314186702922,2.6355868531658,0.468418525055328,7.53265370609262,0,248929,107149,0,0,1,Ramp is a health-tracking test; failures are retained.
M3 Dual EKF,Native,RAMP-021,TRACE_DERIVED_OBSERVATION,joint_ramp,10,linear,2e-05,F28379D_device_realistic,50,0.0171609161804036,0.054230743931826,0.00927040059387444,0.0278613290337518,0,0,122.08,-150.64,1.5064,0.375850334519316,0.648269843959909,2.03683972424021,6.24346684367547,0,250000,250000,0,0,1,Ramp is a health-tracking test; failures are retained.
M3 Dual EKF,Equal-Report,RAMP-021,TRACE_DERIVED_OBSERVATION,joint_ramp,10,linear,0.02048,F28379D_device_realistic,50,0.0171115910861159,0.0542756520096484,0.00928846330542618,0.0277802749655349,0,0,143.36,20.7199999999998,1.4336,0.375850334519316,0.648269843959909,0.399347255228971,4.77076746595226,0,250000,250000,0,0,1,Ramp is a health-tracking test; failures are retained.
M1 TS-D-RLS,Native,RAMP-022,TRACE_DERIVED_OBSERVATION,joint_ramp,10,smooth,2e-05,F28379D_device_realistic,50,0.024656567531979,0.00481612440910989,0.011900319815682,0.00255771019266849,0,0,-116.76,-11.4799999999997,1.1676,0.384765510896126,0.215961105319865,1.81743201974338,4.87949824308259,0,250000,250000,0,0,1,Ramp is a health-tracking test; failures are retained.
M1 TS-D-RLS,Equal-Report,RAMP-022,TRACE_DERIVED_OBSERVATION,joint_ramp,10,smooth,0.02048,F28379D_device_realistic,50,0.0247528186167486,0.00471780645750179,0.0120770913358295,0.00251108821050666,0,0,0,0,0,0.384765510896126,0.215961105319865,0.960063262338481,0.612305070155617,0,250000,250000,0,0,1,Ramp is a health-tracking test; failures are retained.
M2 TS-SLTVKE,Native,RAMP-022,TRACE_DERIVED_OBSERVATION,joint_ramp,10,smooth,2e-05,F28379D_device_realistic,50,0.0109639787429459,0.0758601170449458,0.00516767521569598,0.0435353481688123,0,0,-66.9199999999996,-381.36,3.8136,0.194032812376289,2.13144620213607,1.82156060415433,7.65821030037738,0,248999,106813,0,0,1,Ramp is a health-tracking test; failures are retained.
M2 TS-SLTVKE,Equal-Report,RAMP-022,TRACE_DERIVED_OBSERVATION,joint_ramp,10,smooth,0.02048,F28379D_device_realistic,50,0.0109210071391128,0.0747237095546596,0.00516417024776407,0.0427306251966449,0,0,20.7199999999998,-225.12,2.2512,0.194032812376289,2.13144620213607,0.493925389266221,7.24425819967876,0,248999,106813,0,0,1,Ramp is a health-tracking test; failures are retained.
M3 Dual EKF,Native,RAMP-022,TRACE_DERIVED_OBSERVATION,joint_ramp,10,smooth,2e-05,F28379D_device_realistic,50,0.0215709491598834,0.0514411733421409,0.0115155662048946,0.0278956096908326,0,0,132.16,-109.2,1.3216,0.131598886961191,0.40601088145234,1.8262596584859,6.39700447358145,0,250000,250000,0,0,1,Ramp is a health-tracking test; failures are retained.
M3 Dual EKF,Equal-Report,RAMP-022,TRACE_DERIVED_OBSERVATION,joint_ramp,10,smooth,0.02048,F28379D_device_realistic,50,0.0215070153987997,0.0508107766926605,0.0115060443653145,0.0274724664365474,0,0,143.36,20.7199999999998,1.4336,0.131598886961191,0.40601088145234,0.5193493511349,5.39860901108104,0,250000,250000,0,0,1,Ramp is a health-tracking test; failures are retained.
M1 TS-D-RLS,Native,RAMP-023,TRACE_DERIVED_OBSERVATION,joint_ramp,100,linear,2e-05,F28379D_device_realistic,50,0.0278090009802359,0.0146569151644058,0.0127213997231553,0.00720591593588613,0,0,-4082.4,-652.680000000004,4.0824,0.410801548491176,0.22172998069972,1.48975656668631,6.05658961836081,0,2500000,2500000,0,0,1,Ramp is a health-tracking test; failures are retained.
M1 TS-D-RLS,Equal-Report,RAMP-023,TRACE_DERIVED_OBSERVATION,joint_ramp,100,linear,0.02048,F28379D_device_realistic,50,0.0278995582330232,0.0146215331831523,0.012726969869456,0.00718882845755645,0,0,-2356.2,-902.160000000002,2.3562,0.410801548491176,0.22172998069972,1.25896002581831,1.65785334829281,0,2500000,2500000,0,0,1,Ramp is a health-tracking test; failures are retained.
M2 TS-SLTVKE,Native,RAMP-023,TRACE_DERIVED_OBSERVATION,joint_ramp,100,linear,2e-05,F28379D_device_realistic,50,0.0154280184352669,0.0800288202692091,0.00729418687562828,0.0405091530862724,0,0,-1920.24,-6357.96,6.35796,0.175701308448615,2.57810364744425,0.948865724832933,8.16991125723187,0,2461129,1459366,0,0,0,Ramp is a health-tracking test; failures are retained.
M2 TS-SLTVKE,Equal-Report,RAMP-023,TRACE_DERIVED_OBSERVATION,joint_ramp,100,linear,0.02048,F28379D_device_realistic,50,0.0154158483885604,0.0799512145517337,0.00728097356665853,0.0404643243067591,0,0,-798.839999999998,-4649.4,4.6494,0.175701308448615,2.57810364744425,0.660922093210268,7.89088638852007,0,2461129,1459366,0,0,1,Ramp is a health-tracking test; failures are retained.
M3 Dual EKF,Native,RAMP-023,TRACE_DERIVED_OBSERVATION,joint_ramp,100,linear,2e-05,F28379D_device_realistic,50,0.00750994843830257,0.0818617136328072,0.00372787377558087,0.0423467387286273,0,0,-302.399999999999,-1690.92,1.69092,0.0401005083604028,2.36180060849432,0.894927423547743,7.98901925116787,0,2500000,2500000,0,0,1,Ramp is a health-tracking test; failures are retained.
M3 Dual EKF,Equal-Report,RAMP-023,TRACE_DERIVED_OBSERVATION,joint_ramp,100,linear,0.02048,F28379D_device_realistic,50,0.00749066610890849,0.0818747144420368,0.00372164374861552,0.0423486707496932,0,0,-287.280000000003,-3606.12,3.60612,0.0401005083604028,2.36180060849432,0.253080593111789,7.64998435630025,0,2500000,2500000,0,0,1,Ramp is a health-tracking test; failures are retained.
M1 TS-D-RLS,Native,RAMP-024,TRACE_DERIVED_OBSERVATION,joint_ramp,100,smooth,2e-05,F28379D_device_realistic,50,0.026213085999134,0.0138825743145929,0.0126272603443077,0.00720021143067321,0,0,-2192.4,-279.720000000005,2.1924,0.129766202123139,0.223907753025041,1.5115363555831,5.77389886682347,0,2500000,2500000,0,0,1,Ramp is a health-tracking test; failures are retained.
M1 TS-D-RLS,Equal-Report,RAMP-024,TRACE_DERIVED_OBSERVATION,joint_ramp,100,smooth,0.02048,F28379D_device_realistic,50,0.0258854798900408,0.0138109922170366,0.0124410065564813,0.00716275671581531,0,0,-1701,-410.760000000003,1.701,0.129766202123139,0.223907753025041,1.48157441822799,1.62410356721199,0,2500000,2500000,0,0,1,Ramp is a health-tracking test; failures are retained.
M2 TS-SLTVKE,Native,RAMP-024,TRACE_DERIVED_OBSERVATION,joint_ramp,100,smooth,2e-05,F28379D_device_realistic,50,0.0145073030119054,0.0759815629272145,0.00724101290025807,0.0406548625825598,0,0,-1217.16,-4107.6,4.1076,0.154785395437395,2.64881248073771,0.961106820958091,8.3728120191677,0,2465476,1453381,0,0,1,Ramp is a health-tracking test; failures are retained.
M2 TS-SLTVKE,Equal-Report,RAMP-024,TRACE_DERIVED_OBSERVATION,joint_ramp,100,smooth,0.02048,F28379D_device_realistic,50,0.0144146580923335,0.0759157350622406,0.00717167253172865,0.0405621072617725,0,0,-962.64,-3071.88,3.07188,0.154785395437395,2.64881248073771,0.634755164489704,8.37214875169183,0,2465476,1453381,0,0,1,Ramp is a health-tracking test; failures are retained.
M3 Dual EKF,Native,RAMP-024,TRACE_DERIVED_OBSERVATION,joint_ramp,100,smooth,2e-05,F28379D_device_realistic,50,0.00765846366488303,0.0774831937450722,0.00378095496535813,0.0423089360900204,0,0,12.5999999999991,-945,0.945,0.208344497555871,2.43152756030746,0.906949254468531,8.15403651997727,0,2500000,2500000,0,0,1,Ramp is a health-tracking test; failures are retained.
M3 Dual EKF,Equal-Report,RAMP-024,TRACE_DERIVED_OBSERVATION,joint_ramp,100,smooth,0.02048,F28379D_device_realistic,50,0.00763464203940552,0.0774274455505887,0.00377408671465831,0.0422693451960161,0,0,20.1599999999971,-2766.96,2.76696,0.208344497555871,2.43152756030746,0.435290068403734,8.15403651997727,0,2500000,2500000,0,0,1,Ramp is a health-tracking test; failures are retained.
M1 TS-D-RLS,Native,XCHK-001,FULL_SWITCHING_MODEL_A_EQUATIONS,C_ramp,0.1,linear,2e-05,F28379D_device_realistic,50,0.124462048028014,NaN,0.0703196881545488,NaN,0,NaN,7.36,NaN,7.36,2.28019120771581,0.376300252100753,2.65082890937719,5.90747093505421,6.10010765247014,2500,2500,0,0,0,Ramp is a health-tracking test; failures are retained.
M1 TS-D-RLS,Equal-Report,XCHK-001,FULL_SWITCHING_MODEL_A_EQUATIONS,C_ramp,0.1,linear,0.02048,F28379D_device_realistic,50,0.170946949198068,NaN,0.0999773159967395,NaN,0,NaN,38.56,NaN,38.56,2.28019120771581,0.376300252100753,2.28019120771581,0.386858689129951,0.232651413633447,2500,2500,0,0,0,Ramp is a health-tracking test; failures are retained.
M2 TS-SLTVKE,Native,XCHK-001,FULL_SWITCHING_MODEL_A_EQUATIONS,C_ramp,0.1,linear,2e-05,F28379D_device_realistic,50,0.421768342477803,NaN,0.220507815674959,NaN,0,NaN,33.96,NaN,33.96,9.42191123734779,0.24370663905586,9.42191123734779,5.93361012163454,7.1549775832334,2449,1951,0,0,0,Ramp is a health-tracking test; failures are retained.
M2 TS-SLTVKE,Equal-Report,XCHK-001,FULL_SWITCHING_MODEL_A_EQUATIONS,C_ramp,0.1,linear,0.02048,F28379D_device_realistic,50,0.581965929892205,NaN,0.325039477021823,NaN,0,NaN,Inf,NaN,0,9.42191123734779,0.24370663905586,9.42191123734779,2.44584391011965,2.7216916510734,2449,1951,0,0,0,Ramp is a health-tracking test; failures are retained.
M3 Dual EKF,Native,XCHK-001,FULL_SWITCHING_MODEL_A_EQUATIONS,C_ramp,0.1,linear,2e-05,F28379D_device_realistic,50,0.477047093511418,NaN,0.24446212141249,NaN,0,NaN,43.72,NaN,43.72,11.6186741304539,3.90238359022096,11.6186741304539,7.14848654693297,12.1094125895824,2500,2500,0,0,0,Ramp is a health-tracking test; failures are retained.
M3 Dual EKF,Equal-Report,XCHK-001,FULL_SWITCHING_MODEL_A_EQUATIONS,C_ramp,0.1,linear,0.02048,F28379D_device_realistic,50,0.662567459214782,NaN,0.364060760448985,NaN,0,NaN,Inf,NaN,0,11.6186741304539,3.90238359022096,11.6186741304539,4.12197370361117,8.02435729383213,2500,2500,0,0,0,Ramp is a health-tracking test; failures are retained.
M1 TS-D-RLS,Native,XCHK-002,FULL_SWITCHING_MODEL_A_EQUATIONS,ESR_ramp,0.1,linear,2e-05,F28379D_device_realistic,50,NaN,0.118273806517909,NaN,0.0659751035981247,NaN,0,NaN,7.72,7.72,0.0483053389139533,3.88290411785627,5.52205020107808,7.11693916463876,7.35522644077549,2500,2500,0,0,0,Ramp is a health-tracking test; failures are retained.
M1 TS-D-RLS,Equal-Report,XCHK-002,FULL_SWITCHING_MODEL_A_EQUATIONS,ESR_ramp,0.1,linear,0.02048,F28379D_device_realistic,50,NaN,0.157323043446727,NaN,0.0920241838794744,NaN,0,NaN,38.56,38.56,0.0483053389139533,3.88290411785627,0.458316912227066,5.15424051608287,0.258688657994599,2500,2500,0,0,0,Ramp is a health-tracking test; failures are retained.
M2 TS-SLTVKE,Native,XCHK-002,FULL_SWITCHING_MODEL_A_EQUATIONS,ESR_ramp,0.1,linear,2e-05,F28379D_device_realistic,50,NaN,0.0311727595272557,NaN,0.0149435195925404,NaN,0,NaN,-0.199999999999999,0.199999999999999,0.106837321516609,0.148649780474783,4.68283566506371,7.09606789981094,5.97640448300465,2489,1947,0,0,1,Ramp is a health-tracking test; failures are retained.
M2 TS-SLTVKE,Equal-Report,XCHK-002,FULL_SWITCHING_MODEL_A_EQUATIONS,ESR_ramp,0.1,linear,0.02048,F28379D_device_realistic,50,NaN,0.0384846541162982,NaN,0.0214180606513911,NaN,0,NaN,38.56,38.56,0.106837321516609,0.148649780474783,0.139568318489362,1.33583699729831,0.138185299091193,2489,1947,0,0,0,Ramp is a health-tracking test; failures are retained.
M3 Dual EKF,Native,XCHK-002,FULL_SWITCHING_MODEL_A_EQUATIONS,ESR_ramp,0.1,linear,2e-05,F28379D_device_realistic,50,NaN,0.0531479357694884,NaN,0.0270777969700841,NaN,0,NaN,-4,4,0.0740939572145126,1.11957326819528,4.3003980521169,7.08857352339229,5.43840951358737,2500,2500,0,0,1,Ramp is a health-tracking test; failures are retained.
M3 Dual EKF,Equal-Report,XCHK-002,FULL_SWITCHING_MODEL_A_EQUATIONS,ESR_ramp,0.1,linear,0.02048,F28379D_device_realistic,50,NaN,0.0620850197704155,NaN,0.0338824630134611,NaN,0,NaN,20.48,20.48,0.0740939572145126,1.11957326819528,0.107625458987246,3.68031667967383,0.115760787693309,2500,2500,0,0,0,Ramp is a health-tracking test; failures are retained.
M1 TS-D-RLS,Native,XCHK-003,FULL_SWITCHING_MODEL_A_EQUATIONS,joint_ramp,0.1,linear,2e-05,F28379D_device_realistic,50,0.126471740651119,0.11895433842742,0.0703015469973763,0.0661326936429206,0,0,8.28,7.76,8.28,2.57110583266657,3.84510511699913,4.67356325714129,6.21489414545947,0,2500,2500,0,0,0,Ramp is a health-tracking test; failures are retained.
M1 TS-D-RLS,Equal-Report,XCHK-003,FULL_SWITCHING_MODEL_A_EQUATIONS,joint_ramp,0.1,linear,0.02048,F28379D_device_realistic,50,0.163875628943768,0.158622588739273,0.0949905930665678,0.0927281162169709,0,0,38.56,38.56,38.56,2.57110583266657,3.84510511699913,2.57110583266657,5.13594752036553,0,2500,2500,0,0,0,Ramp is a health-tracking test; failures are retained.
M2 TS-SLTVKE,Native,XCHK-003,FULL_SWITCHING_MODEL_A_EQUATIONS,joint_ramp,0.1,linear,2e-05,F28379D_device_realistic,50,0.417558690768368,0.0345768598658333,0.214953175489274,0.0166842298576194,0,0,33.24,0.480000000000001,33.24,9.70349912908338,1.1548432266499,9.70349912908338,6.22187196544924,0,2446,1944,0,0,0,Ramp is a health-tracking test; failures are retained.
M2 TS-SLTVKE,Equal-Report,XCHK-003,FULL_SWITCHING_MODEL_A_EQUATIONS,joint_ramp,0.1,linear,0.02048,F28379D_device_realistic,50,0.576903286123874,0.0319594142899294,0.320286048997655,0.0166304263087527,0,0,Inf,38.56,38.56,9.70349912908338,1.1548432266499,9.70349912908338,1.71893062398009,0,2446,1944,0,0,0,Ramp is a health-tracking test; failures are retained.
M3 Dual EKF,Native,XCHK-003,FULL_SWITCHING_MODEL_A_EQUATIONS,joint_ramp,0.1,linear,2e-05,F28379D_device_realistic,50,0.476320904349058,0.0526413856080978,0.240490330640207,0.0267263748245467,0,0,43.88,-4.76,43.88,11.683490694559,0.400495852710195,11.683490694559,6.38244945802887,0,2500,2500,0,0,0,Ramp is a health-tracking test; failures are retained.
M3 Dual EKF,Equal-Report,XCHK-003,FULL_SWITCHING_MODEL_A_EQUATIONS,joint_ramp,0.1,linear,0.02048,F28379D_device_realistic,50,0.661833579678207,0.0678346058892089,0.361692557562707,0.034331353764525,0,0,Inf,20.48,20.48,11.683490694559,0.400495852710195,11.683490694559,3.20034646909342,0,2500,2500,0,0,0,Ramp is a health-tracking test; failures are retained.
