test_id,test_group,delay_magnitude_ns,voltage_delay_ns,i1_delay_ns,i2_delay_ns,method,pre_projection_C_F,pre_projection_ESR_Ohm,C_est_F,C_MAPE_percent,ESR_est_Ohm,ESR_MAPE_percent,status
1,single_voltage,-1000,-1000,0,0,adjacent,-0.000414945672797371,0.00187735163339003,-0.000414945672797371,514.945672797371,0.00187735163339003,96.2452967332199,FAIL
2,single_voltage,-1000,-1000,0,0,timestamped_linear,-0.000414945672797371,-0.0195063368352837,-0.000414945672797371,514.945672797371,-0.0195063368352837,139.012673670567,FAIL
3,single_voltage,-1000,-1000,0,0,robust_polynomial,-0.000414945672797371,-0.0539117022014541,-0.000414945672797371,514.945672797371,-0.0539117022014541,207.823404402908,FAIL
4,single_voltage,-1000,-1000,0,0,TR_TS_LTVKF,0.0001,-0.0053799351865576,0.0001,0,0.005,90,FAIL
5,single_voltage,-500,-500,0,0,adjacent,9.84357923190416e-05,0.00184940842929344,9.84357923190416e-05,1.56420768095845,0.00184940842929344,96.3011831414131,FAIL
6,single_voltage,-500,-500,0,0,timestamped_linear,9.84357923190416e-05,0.0212121007817023,9.84357923190416e-05,1.56420768095845,0.0212121007817023,57.5757984365955,FAIL
7,single_voltage,-500,-500,0,0,robust_polynomial,9.84357923190416e-05,-0.0458867327166186,9.84357923190416e-05,1.56420768095845,-0.0458867327166186,191.773465433237,FAIL
8,single_voltage,-500,-500,0,0,TR_TS_LTVKF,9.09421626637267e-05,0.0191455087119658,9.0983423346712e-05,9.01657665328796,0.0199835102246409,60.0329795507182,FAIL
9,single_voltage,-200,-200,0,0,adjacent,9.9990625335337e-05,0.0510541997554658,9.9990625335337e-05,0.00937466466299774,0.0510541997554658,2.10839951093156,PASS
10,single_voltage,-200,-200,0,0,timestamped_linear,9.9990625335337e-05,0.052027570098966,9.9990625335337e-05,0.00937466466299774,0.052027570098966,4.05514019793201,PASS
11,single_voltage,-200,-200,0,0,robust_polynomial,9.9990625335337e-05,0.0520736412961252,9.9990625335337e-05,0.00937466466299774,0.0520736412961252,4.14728259225043,PASS
12,single_voltage,-200,-200,0,0,TR_TS_LTVKF,0.000100012498601005,0.0520561180183811,0.000100001360084677,0.00136008467690463,0.0519948310784936,3.98966215698724,PASS
13,single_voltage,-100,-100,0,0,adjacent,9.99946240331704e-05,0.0500234961168459,9.99946240331704e-05,0.00537596682959052,0.0500234961168459,0.0469922336917339,PASS
14,single_voltage,-100,-100,0,0,timestamped_linear,9.99946240331704e-05,0.0509891348850871,9.99946240331704e-05,0.00537596682959052,0.0509891348850871,1.97826977017426,PASS
15,single_voltage,-100,-100,0,0,robust_polynomial,9.99946240331704e-05,0.0510364502156388,9.99946240331704e-05,0.00537596682959052,0.0510364502156388,2.07290043127755,PASS
16,single_voltage,-100,-100,0,0,TR_TS_LTVKF,0.000100003761742238,0.0510257983454816,0.000100000951480606,0.000951480605970723,0.0509555455075423,1.91109101508466,PASS
17,single_voltage,-50,-50,0,0,adjacent,9.99971358491549e-05,0.0495083640440723,9.99971358491549e-05,0.0028641508451388,0.0495083640440723,0.983271911855332,PASS
18,single_voltage,-50,-50,0,0,timestamped_linear,9.99971358491549e-05,0.050470833801017,9.99971358491549e-05,0.0028641508451388,0.050470833801017,0.941667602033891,PASS
19,single_voltage,-50,-50,0,0,robust_polynomial,9.99971358491549e-05,0.0505181216884212,9.99971358491549e-05,0.0028641508451388,0.0505181216884212,1.03624337684243,PASS
20,single_voltage,-50,-50,0,0,TR_TS_LTVKF,0.00010000085551787,0.050510855779198,0.000100000754310304,0.000754310304262873,0.0504360816027956,0.87216320559127,PASS
21,single_voltage,-20,-20,0,0,adjacent,9.99988075988953e-05,0.0491993727205216,9.99988075988953e-05,0.00119240110474372,0.0491993727205216,1.60125455895688,PASS
22,single_voltage,-20,-20,0,0,timestamped_linear,9.99988075988953e-05,0.0501599598205899,9.99988075988953e-05,0.00119240110474372,0.0501599598205899,0.319919641179878,PASS
23,single_voltage,-20,-20,0,0,robust_polynomial,9.99988075988953e-05,0.0502072313992896,9.99988075988953e-05,0.00119240110474372,0.0502072313992896,0.414462798579174,PASS
24,single_voltage,-20,-20,0,0,TR_TS_LTVKF,9.99969076832195e-05,0.0502019771689906,0.000100000632653509,0.000632653509202719,0.0501244214992304,0.248842998460708,PASS
25,single_voltage,0,0,0,0,adjacent,9.99999895013488e-05,0.0489933785048262,9.99999895013488e-05,1.04986511595406e-05,0.0489933785048262,2.01324299034771,PASS
26,single_voltage,0,0,0,0,timestamped_linear,9.99999895013488e-05,0.0499527105003262,9.99999895013488e-05,1.04986511595406e-05,0.0499527105003262,0.0945789993476942,PASS
27,single_voltage,0,0,0,0,robust_polynomial,9.99999895013488e-05,0.0499999807031629,9.99999895013488e-05,1.04986511595406e-05,0.0499999807031629,3.85936742786086e-05,PASS
28,single_voltage,0,0,0,0,TR_TS_LTVKF,9.9995205508743e-05,0.0499044118174414,0.000100000548911313,0.000548911313291711,0.0499166480968631,0.166703806273716,PASS
29,single_voltage,20,20,0,0,adjacent,0.000100001227198567,0.0290548836070145,0.000100001227198567,0.00122719856667786,0.0290548836070145,41.8902327859709,FAIL
30,single_voltage,20,20,0,0,timestamped_linear,0.000100001227198567,0.0497455323041387,0.000100001227198567,0.00122719856667786,0.0497455323041387,0.508935391722531,PASS
31,single_voltage,20,20,0,0,robust_polynomial,0.000100001227198567,0.049792788395106,0.000100001227198567,0.00122719856667786,0.049792788395106,0.414423209788062,PASS
32,single_voltage,20,20,0,0,TR_TS_LTVKF,9.99935213008978e-05,0.0496967746063722,0.000100000467989095,0.000467989094610211,0.0497089510409577,0.582097918084579,PASS
33,single_voltage,50,50,0,0,adjacent,0.000100003184876409,-0.000757986036840569,0.000100003184876409,0.00318487640913467,-0.000757986036840569,101.515972073681,FAIL
34,single_voltage,50,50,0,0,timestamped_linear,0.000100003184876409,0.0494347650097886,0.000100003184876409,0.00318487640913467,0.0494347650097886,1.13046998042277,PASS
35,single_voltage,50,50,0,0,robust_polynomial,0.000100003184876409,0.049481998797663,0.000100003184876409,0.00318487640913467,0.049481998797663,1.036002404674,PASS
36,single_voltage,50,50,0,0,TR_TS_LTVKF,9.99909950954865e-05,0.0493853187897676,0.000100000341129009,0.000341129009462371,0.0493974068998394,1.20518620032114,PASS
37,single_voltage,100,100,0,0,adjacent,0.000100006722293291,-0.000759944585364264,0.000100006722293291,0.00672229329119478,-0.000759944585364264,101.519889170729,FAIL
38,single_voltage,100,100,0,0,timestamped_linear,0.000100006722293291,0.0489169973562363,0.000100006722293291,0.00672229329119478,0.0489169973562363,2.16600528752749,PASS
39,single_voltage,100,100,0,0,robust_polynomial,0.000100006722293291,0.0489642044862399,0.000100006722293291,0.00672229329119478,0.0489642044862399,2.0715910275203,PASS
40,single_voltage,100,100,0,0,TR_TS_LTVKF,9.99868298015607e-05,0.0488664151552895,0.000100000134527915,0.00013452791531865,0.0488786456169315,2.24270876613694,PASS
41,single_voltage,200,200,0,0,adjacent,0.00010001482350062,-0.000763861597695422,0.00010001482350062,0.0148235006204089,-0.000763861597695422,101.527723195391,FAIL
42,single_voltage,200,200,0,0,timestamped_linear,0.00010001482350062,0.0478819956672173,0.00010001482350062,0.0148235006204089,0.0478819956672173,4.23600866556531,PASS
43,single_voltage,200,200,0,0,robust_polynomial,0.00010001482350062,0.0479291502687676,0.00010001482350062,0.0148235006204089,0.0479291502687676,4.14169946246484,PASS
44,single_voltage,200,200,0,0,TR_TS_LTVKF,9.9978634523612e-05,0.0478291761725599,9.99997273129532e-05,0.00027268704678729,0.0478416084569985,4.31678308600303,PASS
45,single_voltage,500,500,0,0,adjacent,0.000100047347678728,-0.000776095011625341,0.000100047347678728,0.0473476787280047,-0.000776095011625341,101.552190023251,FAIL
46,single_voltage,500,500,0,0,timestamped_linear,0.000100047347678728,0.0447812614709238,0.000100047347678728,0.0473476787280047,0.0447812614709238,10.4374770581524,FAIL
47,single_voltage,500,500,0,0,robust_polynomial,0.000100047347678728,0.0448282647814357,0.000100047347678728,0.0473476787280047,0.0448282647814357,10.3434704371286,FAIL
48,single_voltage,500,500,0,0,TR_TS_LTVKF,9.99551303229001e-05,0.0447220074308182,9.99922378702123e-05,0.00776212978770285,0.0447350365548852,10.5299268902296,FAIL
49,single_voltage,1000,1000,0,0,adjacent,4.89704008016616e-05,-0.000795418268409131,4.89704008016616e-05,51.0295991983384,-0.000795418268409131,101.590836536818,FAIL
50,single_voltage,1000,1000,0,0,timestamped_linear,4.89704008016616e-05,-0.0144582625768325,4.89704008016616e-05,51.0295991983384,-0.0144582625768325,128.916525153665,FAIL
51,single_voltage,1000,1000,0,0,robust_polynomial,4.89704008016616e-05,-0.0674977860560641,4.89704008016616e-05,51.0295991983384,-0.0674977860560641,234.995572112128,FAIL
52,single_voltage,1000,1000,0,0,TR_TS_LTVKF,0.0001,-0.00393561255106144,0.0001,0,0.005,90,FAIL
53,single_i1,-1000,0,-1000,0,adjacent,9.94779466320918e-05,0.0484526498968778,9.94779466320918e-05,0.522053367908215,0.0484526498968778,3.09470020624438,PASS
54,single_i1,-1000,0,-1000,0,timestamped_linear,9.94779466320918e-05,0.0498390619629997,9.94779466320918e-05,0.522053367908215,0.0498390619629997,0.321876074000638,PASS
55,single_i1,-1000,0,-1000,0,robust_polynomial,9.94779466320918e-05,0.0488218280637835,9.94779466320918e-05,0.522053367908215,0.0488218280637835,2.3563438724331,PASS
56,single_i1,-1000,0,-1000,0,TR_TS_LTVKF,9.90871324545767e-05,0.0497424033818606,9.92081588001418e-05,0.791841199858179,0.0497898218924522,0.420356215095519,PASS
57,single_i1,-500,0,-500,0,adjacent,9.93664695707842e-05,0.0489202075064133,9.93664695707842e-05,0.633530429215756,0.0489202075064133,2.15958498717344,PASS
58,single_i1,-500,0,-500,0,timestamped_linear,9.93664695707842e-05,0.0503055334873816,9.93664695707842e-05,0.633530429215756,0.0503055334873816,0.611066974763097,PASS
59,single_i1,-500,0,-500,0,robust_polynomial,9.93664695707842e-05,0.0503735887686569,9.93664695707842e-05,0.633530429215756,0.0503735887686569,0.747177537313748,PASS
60,single_i1,-500,0,-500,0,TR_TS_LTVKF,9.91918785782086e-05,0.0503539560790319,9.91958165814025e-05,0.804183418597459,0.0503054754014434,0.610950802886778,PASS
61,single_i1,-200,0,-200,0,adjacent,9.9746597145077e-05,0.0491158520443722,9.9746597145077e-05,0.253402854923002,0.0491158520443722,1.76829591125556,PASS
62,single_i1,-200,0,-200,0,timestamped_linear,9.9746597145077e-05,0.0501027471522002,9.9746597145077e-05,0.253402854923002,0.0501027471522002,0.205494304400489,PASS
63,single_i1,-200,0,-200,0,robust_polynomial,9.9746597145077e-05,0.0501487469322273,9.9746597145077e-05,0.253402854923002,0.0501487469322273,0.297493864454612,PASS
64,single_i1,-200,0,-200,0,TR_TS_LTVKF,9.96755065947423e-05,0.0501314501753948,9.96770073603685e-05,0.322992639631547,0.0500702594427246,0.14051888544917,PASS
65,single_i1,-100,0,-100,0,adjacent,9.98732959081361e-05,0.0490543288740295,9.98732959081361e-05,0.126704091863894,0.0490543288740295,1.89134225194106,PASS
66,single_i1,-100,0,-100,0,timestamped_linear,9.98732959081361e-05,0.0500275690063276,9.98732959081361e-05,0.126704091863894,0.0500275690063276,0.0551380126551315,PASS
67,single_i1,-100,0,-100,0,robust_polynomial,9.98732959081361e-05,0.0500742509785072,9.98732959081361e-05,0.126704091863894,0.0500742509785072,0.148501957014457,PASS
68,single_i1,-100,0,-100,0,TR_TS_LTVKF,9.98378111260823e-05,0.0500577017028427,9.98385054722875e-05,0.161494527712536,0.0499933474769062,0.0133050461876283,PASS
69,single_i1,-50,0,-50,0,adjacent,9.99366433253919e-05,0.0490239082766734,9.99366433253919e-05,0.0633566746081504,0.0490239082766734,1.95218344665323,PASS
70,single_i1,-50,0,-50,0,timestamped_linear,9.99366433253919e-05,0.0499897190483994,9.99366433253919e-05,0.0633566746081504,0.0499897190483994,0.0205619032011772,PASS
71,single_i1,-50,0,-50,0,robust_polynomial,9.99366433253919e-05,0.0500370870607129,9.99366433253919e-05,0.0633566746081504,0.0500370870607129,0.0741741214257186,PASS
72,single_i1,-50,0,-50,0,TR_TS_LTVKF,9.99191651455901e-05,0.0499439835534767,9.99194558227806e-05,0.0805441772193993,0.0499552942080436,0.0894115839127019,PASS
73,single_i1,-20,0,-20,0,adjacent,9.9974650922074e-05,0.0490055858436429,9.9974650922074e-05,0.0253490779260179,0.0490055858436429,1.98882831271423,PASS
74,single_i1,-20,0,-20,0,timestamped_linear,9.9974650922074e-05,0.049967507336513,9.9974650922074e-05,0.0253490779260179,0.049967507336513,0.0649853269740763,PASS
75,single_i1,-20,0,-20,0,robust_polynomial,9.9974650922074e-05,0.0500148156273729,9.9974650922074e-05,0.0253490779260179,0.0500148156273729,0.02963125474571,PASS
76,single_i1,-20,0,-20,0,TR_TS_LTVKF,9.99680358401099e-05,0.0499202332207018,9.99680854513508e-05,0.0319145486492034,0.0499322481853505,0.135503629299061,PASS
77,single_i1,0,0,0,0,adjacent,9.99999895013488e-05,0.0489933785048262,9.99999895013488e-05,1.04986511595406e-05,0.0489933785048262,2.01324299034771,PASS
78,single_i1,0,0,0,0,timestamped_linear,9.99999895013488e-05,0.0499527105003262,9.99999895013488e-05,1.04986511595406e-05,0.0499527105003262,0.0945789993476942,PASS
79,single_i1,0,0,0,0,robust_polynomial,9.99999895013488e-05,0.0499999807031629,9.99999895013488e-05,1.04986511595406e-05,0.0499999807031629,3.85936742786086e-05,PASS
80,single_i1,0,0,0,0,TR_TS_LTVKF,9.9995205508743e-05,0.0499044118174414,0.000100000548911313,0.000548911313291711,0.0499166480968631,0.166703806273716,PASS
81,single_i1,20,0,20,0,adjacent,0.000100025327351255,0.0489812287483981,0.000100025327351255,0.0253273512548224,0.0489812287483981,2.03754250320373,PASS
82,single_i1,20,0,20,0,timestamped_linear,0.000100025327351255,0.0499381630981798,0.000100025327351255,0.0253273512548224,0.0499381630981798,0.123673803640423,PASS
83,single_i1,20,0,20,0,robust_polynomial,0.000100025327351255,0.0499851402422246,0.000100025327351255,0.0253273512548224,0.0499851402422246,0.0297195155508079,PASS
84,single_i1,20,0,20,0,TR_TS_LTVKF,0.000100033293233314,0.0498886004149374,0.000100033009510695,0.0330095106953587,0.0499010976851059,0.197804629788156,PASS
85,single_i1,50,0,50,0,adjacent,0.000100063334292276,0.0489629919869454,0.000100063334292276,0.0633342922762292,0.0489629919869454,2.07401602610924,PASS
86,single_i1,50,0,50,0,timestamped_linear,0.000100063334292276,0.0499164397632312,0.000100063334292276,0.0633342922762292,0.0499164397632312,0.167120473537619,PASS
87,single_i1,50,0,50,0,robust_polynomial,0.000100063334292276,0.0499629242349058,0.000100063334292276,0.0633342922762292,0.0499629242349058,0.0741515301884044,PASS
88,single_i1,50,0,50,0,TR_TS_LTVKF,0.000100082285755917,0.0498649015008921,0.000100081746608213,0.081746608213118,0.0498782278278019,0.243544344396207,PASS
89,single_i1,100,0,100,0,adjacent,0.000100126677767054,0.0489327076615469,0.000100126677767054,0.126677767054373,0.0489327076615469,2.13458467690626,PASS
90,single_i1,100,0,100,0,timestamped_linear,0.000100126677767054,0.0498804905589625,0.000100126677767054,0.126677767054373,0.0498804905589625,0.239018882074993,PASS
91,single_i1,100,0,100,0,robust_polynomial,0.000100126677767054,0.0499259300519055,0.000100126677767054,0.126677767054373,0.0499259300519055,0.148139896189026,PASS
92,single_i1,100,0,100,0,TR_TS_LTVKF,0.000100164047439123,0.0498254524686919,0.000100163098864545,0.163098864545441,0.0498397821960621,0.32043560787588,PASS
93,single_i1,200,0,200,0,adjacent,0.000100253360760202,0.0488717741109227,0.000100253360760202,0.25336076020237,0.0488717741109227,2.2564517781545,PASS
94,single_i1,200,0,200,0,timestamped_linear,0.000100253360760202,0.0498082008616596,0.000100253360760202,0.25336076020237,0.0498082008616596,0.383598276680774,PASS
95,single_i1,200,0,200,0,robust_polynomial,0.000100253360760202,0.0498521030974559,0.000100253360760202,0.25336076020237,0.0498521030974559,0.295793805088118,PASS
96,single_i1,200,0,200,0,TR_TS_LTVKF,0.00010032797410586,0.0497467377186761,0.000100326206444115,0.326206444115007,0.0497639588401934,0.472082319613154,PASS
97,single_i1,500,0,500,0,adjacent,0.000100633377945081,0.0486807059986412,0.000100633377945081,0.633377945080582,0.0486807059986412,2.63858800271761,PASS
98,single_i1,500,0,500,0,timestamped_linear,0.000100633377945081,0.0495917918679089,0.000100633377945081,0.633377945080582,0.0495917918679089,0.816416264182185,PASS
99,single_i1,500,0,500,0,robust_polynomial,0.000100633377945081,0.0496319445024769,0.000100633377945081,0.633377945080582,0.0496319445024769,0.73611099504618,PASS
100,single_i1,500,0,500,0,TR_TS_LTVKF,0.000100842871840998,0.0495120503551498,0.000100838684621703,0.838684621703067,0.0495370091221959,0.925981755608252,PASS
101,single_i1,1000,0,1000,0,adjacent,0.000101983108490869,0.0483536787702939,0.000101983108490869,1.98310849086856,0.0483536787702939,3.29264245941229,PASS
102,single_i1,1000,0,1000,0,timestamped_linear,0.000101983108490869,0.0492228248915011,0.000101983108490869,1.98310849086856,0.0492228248915011,1.55435021699784,PASS
103,single_i1,1000,0,1000,0,robust_polynomial,0.000101983108490869,0.0492693631814681,0.000101983108490869,1.98310849086856,0.0492693631814681,1.46127363706372,PASS
104,single_i1,1000,0,1000,0,TR_TS_LTVKF,0.000102464866974862,0.0491256976894769,0.000102392383299208,2.39238329920848,0.0491606202208611,1.67875955827779,PASS
105,single_i2,-1000,0,0,-1000,adjacent,0.000100485011992548,0.0480120697702964,0.000100485011992548,0.485011992547957,0.0480120697702964,3.9758604594073,PASS
106,single_i2,-1000,0,0,-1000,timestamped_linear,0.000100485011992548,0.04887347990933,0.000100485011992548,0.485011992547957,0.04887347990933,2.25304018133997,PASS
107,single_i2,-1000,0,0,-1000,robust_polynomial,0.000100485011992548,0.0489223352697373,0.000100485011992548,0.485011992547957,0.0489223352697373,2.15532946052538,PASS
108,single_i2,-1000,0,0,-1000,TR_TS_LTVKF,0.000100847432677225,0.0487568185242376,0.000100757419082668,0.75741908266771,0.0487921935678131,2.41561286437372,PASS
109,single_i2,-500,0,0,-500,adjacent,0.000100663485277645,0.0485325118478467,0.000100663485277645,0.663485277645082,0.0485325118478467,2.93497630430664,PASS
110,single_i2,-500,0,0,-500,timestamped_linear,0.000100663485277645,0.0494168650814869,0.000100663485277645,0.663485277645082,0.0494168650814869,1.16626983702625,PASS
111,single_i2,-500,0,0,-500,robust_polynomial,0.000100663485277645,0.0494551961962396,0.000100663485277645,0.663485277645082,0.0494551961962396,1.08960760752076,PASS
112,single_i2,-500,0,0,-500,TR_TS_LTVKF,0.000101192372803556,0.0493240816836419,0.000100722642894425,0.722642894425496,0.0493491956663789,1.30160866724223,PASS
113,single_i2,-200,0,0,-200,adjacent,0.000100265436935225,0.0488133563138676,0.000100265436935225,0.265436935224783,0.0488133563138676,2.37328737226474,PASS
114,single_i2,-200,0,0,-200,timestamped_linear,0.000100265436935225,0.0497368026618152,0.000100265436935225,0.265436935224783,0.0497368026618152,0.52639467636969,PASS
115,single_i2,-200,0,0,-200,robust_polynomial,0.000100265436935225,0.0497806078810932,0.000100265436935225,0.265436935224783,0.0497806078810932,0.438784237813628,PASS
116,single_i2,-200,0,0,-200,TR_TS_LTVKF,0.000100474203031178,0.0496706844184874,0.000100288329687479,0.288329687479005,0.0496887317399609,0.622536520078254,PASS
117,single_i2,-100,0,0,-100,adjacent,0.000100132721448506,0.0489035498994659,0.000100132721448506,0.13272144850629,0.0489035498994659,2.19290020106818,PASS
118,single_i2,-100,0,0,-100,timestamped_linear,0.000100132721448506,0.0498443853619539,0.000100132721448506,0.13272144850629,0.0498443853619539,0.31122927609224,PASS
119,single_i2,-100,0,0,-100,robust_polynomial,0.000100132721448506,0.0498900465313165,0.000100132721448506,0.13272144850629,0.0498900465313165,0.219906937366976,PASS
120,single_i2,-100,0,0,-100,TR_TS_LTVKF,0.000100234726059408,0.0497872799088425,0.000100144280916607,0.144280916607054,0.0498017844542129,0.396431091574212,PASS
121,single_i2,-50,0,0,-50,adjacent,0.000100066357597706,0.0489486602624712,0.000100066357597706,0.0663575977061903,0.0489486602624712,2.10267947505751,PASS
122,single_i2,-50,0,0,-50,timestamped_linear,0.000100066357597706,0.0498984518032888,0.000100066357597706,0.0663575977061903,0.0498984518032888,0.203096393422308,PASS
123,single_i2,-50,0,0,-50,robust_polynomial,0.000100066357597706,0.0499449491822483,0.000100066357597706,0.0663575977061903,0.0499449491822483,0.110101635503457,PASS
124,single_i2,-50,0,0,-50,TR_TS_LTVKF,0.000100114971233532,0.0498457785914989,0.000100072380106947,0.0723801069469454,0.049859193998892,0.28161200221607,PASS
125,single_i2,-20,0,0,-20,adjacent,0.000100026536940779,0.0489753824958361,0.000100026536940779,0.0265369407792315,0.0489753824958361,2.04923500832784,PASS
126,single_i2,-20,0,0,-20,timestamped_linear,0.000100026536940779,0.0499309357587708,0.000100026536940779,0.0265369407792315,0.0499309357587708,0.138128482458388,PASS
127,single_i2,-20,0,0,-20,robust_polynomial,0.000100026536940779,0.049977949885244,0.000100026536940779,0.0265369407792315,0.049977949885244,0.0441002295120674,PASS
128,single_i2,-20,0,0,-20,TR_TS_LTVKF,0.000100043112377657,0.0498809425677907,0.000100029282005302,0.0292820053015674,0.0498934992286126,0.213001542774727,PASS
129,single_i2,0,0,0,0,adjacent,9.99999895013488e-05,0.0489933785048262,9.99999895013488e-05,1.04986511595406e-05,0.0489933785048262,2.01324299034771,PASS
130,single_i2,0,0,0,0,timestamped_linear,9.99999895013488e-05,0.0499527105003262,9.99999895013488e-05,1.04986511595406e-05,0.0499527105003262,0.0945789993476942,PASS
131,single_i2,0,0,0,0,robust_polynomial,9.99999895013488e-05,0.0499999807031629,9.99999895013488e-05,1.04986511595406e-05,0.0499999807031629,3.85936742786086e-05,PASS
132,single_i2,0,0,0,0,TR_TS_LTVKF,9.9995205508743e-05,0.0499044118174414,0.000100000548911313,0.000548911313291711,0.0499166480968631,0.166703806273716,PASS
133,single_i2,20,0,0,20,adjacent,9.99734407329567e-05,0.0489813051772867,9.99734407329567e-05,0.0265592670432913,0.0489813051772867,2.03738964542657,PASS
134,single_i2,20,0,0,20,timestamped_linear,9.99734407329567e-05,0.0499747197937345,9.99734407329567e-05,0.0265592670432913,0.0499747197937345,0.0505604125310644,PASS
135,single_i2,20,0,0,20,robust_polynomial,9.99734407329567e-05,0.0500220194346758,9.99734407329567e-05,0.0265592670432913,0.0500220194346758,0.0440388693515592,PASS
136,single_i2,20,0,0,20,TR_TS_LTVKF,9.99472954378476e-05,0.0499279030927641,9.99718981964242e-05,0.0281018035757752,0.0499399427595836,0.120114480832723,PASS
137,single_i2,50,0,0,50,adjacent,9.99336174567339e-05,0.0489630916264552,9.99336174567339e-05,0.066382543266108,0.0489630916264552,2.07381674708952,PASS
138,single_i2,50,0,0,50,timestamped_linear,9.99336174567339e-05,0.0500079357287795,9.99336174567339e-05,0.066382543266108,0.0500079357287795,0.0158714575590135,PASS
139,single_i2,50,0,0,50,robust_polynomial,9.99336174567339e-05,0.0500551231705212,9.99336174567339e-05,0.066382543266108,0.0500551231705212,0.110246341042375,PASS
140,single_i2,50,0,0,50,TR_TS_LTVKF,9.98754288808226e-05,0.0500415751446975,9.99288578937998e-05,0.0711421062001616,0.0499743777831422,0.0512444337156914,PASS
141,single_i2,100,0,0,100,adjacent,9.98672414298274e-05,0.0489331016419898,9.98672414298274e-05,0.132758570172553,0.0489331016419898,2.13379671602043,PASS
142,single_i2,100,0,0,100,timestamped_linear,9.98672414298274e-05,0.0500645422520412,9.98672414298274e-05,0.132758570172553,0.0500645422520412,0.129084504082488,PASS
143,single_i2,100,0,0,100,robust_polynomial,9.98672414298274e-05,0.0501103953272007,9.98672414298274e-05,0.132758570172553,0.0501103953272007,0.220790654401481,PASS
144,single_i2,100,0,0,100,TR_TS_LTVKF,9.97556413455254e-05,0.0500923815056423,9.98572302865088e-05,0.142769713491175,0.0500315723300961,0.0631446601922825,PASS
145,single_i2,200,0,0,200,adjacent,9.97344772386935e-05,0.0488726064855775,9.97344772386935e-05,0.265522761306536,0.0488726064855775,2.25478702884504,PASS
146,single_i2,200,0,0,200,timestamped_linear,9.97344772386935e-05,0.0501674242740446,9.97344772386935e-05,0.265522761306536,0.0501674242740446,0.334848548089162,PASS
147,single_i2,200,0,0,200,robust_polynomial,9.97344772386935e-05,0.050221312027672,9.97344772386935e-05,0.265522761306536,0.050221312027672,0.442624055343965,PASS
148,single_i2,200,0,0,200,TR_TS_LTVKF,9.95160335356918e-05,0.0502010537221629,9.97142231188024e-05,0.285776881197652,0.0501471335561436,0.294267112287172,PASS
149,single_i2,500,0,0,500,adjacent,9.93360879658075e-05,0.0486829015755378,9.93360879658075e-05,0.663912034192515,0.0486829015755378,2.63419684892438,PASS
150,single_i2,500,0,0,500,timestamped_linear,9.93360879658075e-05,0.0504842226466391,9.93360879658075e-05,0.663912034192515,0.0504842226466391,0.968445293278242,PASS
151,single_i2,500,0,0,500,robust_polynomial,9.93360879658075e-05,0.0505570712854353,9.93360879658075e-05,0.663912034192515,0.0505570712854353,1.11414257087052,PASS
152,single_i2,500,0,0,500,TR_TS_LTVKF,9.87969478797516e-05,0.0505298131546005,9.92875026851657e-05,0.712497314834337,0.0505011227915099,1.00224558301989,PASS
153,single_i2,1000,0,0,1000,adjacent,9.80676800753834e-05,0.0483581390294275,9.80676800753834e-05,1.93231992461661,0.0483581390294275,3.28372194114508,PASS
154,single_i2,1000,0,0,1000,timestamped_linear,9.80676800753834e-05,0.0502187582052987,9.80676800753834e-05,1.93231992461661,0.0502187582052987,0.437516410597327,PASS
155,single_i2,1000,0,0,1000,robust_polynomial,9.80676800753834e-05,0.0491809070267008,9.80676800753834e-05,1.93231992461661,0.0491809070267008,1.63818594659834,PASS
156,single_i2,1000,0,0,1000,TR_TS_LTVKF,9.59432300085604e-05,0.0505566015673582,9.79457739033024e-05,2.05422609669763,0.0504896776137114,0.979355227422851,PASS
157,pair_grid,1000,-1000,-1000,-1000,timestamped_linear,-0.000381055173045295,-0.0190910630440001,-0.000381055173045295,481.055173045295,-0.0190910630440001,138.182126088,FAIL
158,pair_grid,1000,-1000,-500,-500,timestamped_linear,-0.000411793142443435,-0.0194381269080567,-0.000411793142443435,511.793142443435,-0.0194381269080567,138.876253816113,FAIL
159,pair_grid,1000,-1000,-200,-200,timestamped_linear,-0.000413685267239541,-0.0194774948568485,-0.000413685267239541,513.685267239541,-0.0194774948568485,138.954989713697,FAIL
160,pair_grid,1000,-1000,-100,-100,timestamped_linear,-0.000414315571647665,-0.0194919031994742,-0.000414315571647665,514.315571647665,-0.0194919031994742,138.983806398948,FAIL
161,pair_grid,1000,-1000,0,0,timestamped_linear,-0.000414945672797371,-0.0195063368352837,-0.000414945672797371,514.945672797371,-0.0195063368352837,139.012673670567,FAIL
162,pair_grid,1000,-1000,100,100,timestamped_linear,-0.000415575569891469,-0.0195207958246094,-0.000415575569891469,515.575569891469,-0.0195207958246094,139.041591649219,FAIL
163,pair_grid,1000,-1000,200,200,timestamped_linear,-0.00041620526213322,-0.0195352802279783,-0.00041620526213322,516.20526213322,-0.0195352802279783,139.070560455957,FAIL
164,pair_grid,1000,-1000,500,500,timestamped_linear,-0.000418093101783835,-0.0195788865305592,-0.000418093101783835,518.093101783835,-0.0195788865305592,139.157773061118,FAIL
165,pair_grid,1000,-1000,1000,1000,timestamped_linear,-0.000407447371935437,-0.0194804383111783,-0.000407447371935437,507.447371935437,-0.0194804383111783,138.960876622357,FAIL
166,pair_grid,1000,-500,-1000,-1000,timestamped_linear,9.93444142163673e-05,0.0207162761464656,9.93444142163673e-05,0.655585783632728,0.0207162761464656,58.5674477070689,FAIL
167,pair_grid,500,-500,-500,-500,timestamped_linear,9.9999987992624e-05,0.0211408980214908,9.9999987992624e-05,1.20073760045969e-05,0.0211408980214908,57.7182039570185,FAIL
168,pair_grid,500,-500,-200,-200,timestamped_linear,9.90615712259174e-05,0.0211836810466149,9.90615712259174e-05,0.938428774082578,0.0211836810466149,57.6326379067703,FAIL
169,pair_grid,500,-500,-100,-100,timestamped_linear,9.87486984658144e-05,0.0211988107593188,9.87486984658144e-05,1.25130153418562,0.0211988107593188,57.6023784813625,FAIL
170,pair_grid,500,-500,0,0,timestamped_linear,9.84357923190416e-05,0.0212121007817023,9.84357923190416e-05,1.56420768095845,0.0212121007817023,57.5757984365955,FAIL
171,pair_grid,500,-500,100,100,timestamped_linear,9.8122852895746e-05,0.021225296585266,9.8122852895746e-05,1.87714710425405,0.021225296585266,57.5494068294679,FAIL
172,pair_grid,500,-500,200,200,timestamped_linear,9.78098803060985e-05,0.021238159553828,9.78098803060985e-05,2.19011969390148,0.021238159553828,57.5236808923441,FAIL
173,pair_grid,500,-500,500,500,timestamped_linear,9.68707646411005e-05,0.0212776684430844,9.68707646411005e-05,3.12923535889947,0.0212776684430844,57.4446631138311,FAIL
174,pair_grid,1000,-500,1000,1000,timestamped_linear,9.38966156999635e-05,0.0211439491804114,9.38966156999635e-05,6.10338430003653,0.0211439491804114,57.7121016391772,FAIL
175,pair_grid,1000,-200,-1000,-1000,timestamped_linear,9.99558205372183e-05,0.0508101949147905,9.99558205372183e-05,0.0441794627816572,0.0508101949147905,1.62038982958106,PASS
176,pair_grid,500,-200,-500,-500,timestamped_linear,0.000100013874661233,0.0518394233267008,0.000100013874661233,0.0138746612329044,0.0518394233267008,3.67884665340159,PASS
177,pair_grid,200,-200,-200,-200,timestamped_linear,9.99999895024999e-05,0.0519513384765909,9.99999895024999e-05,1.04975001580243e-05,0.0519513384765909,3.90267695318185,PASS
178,pair_grid,200,-200,-100,-100,timestamped_linear,9.99953180929868e-05,0.0519887721145634,9.99953180929868e-05,0.00468190701319315,0.0519887721145634,3.97754422912679,PASS
179,pair_grid,200,-200,0,0,timestamped_linear,9.9990625335337e-05,0.052027570098966,9.9990625335337e-05,0.00937466466299774,0.052027570098966,4.05514019793201,PASS
180,pair_grid,200,-200,100,100,timestamped_linear,9.99859111875705e-05,0.052066199853,9.99859111875705e-05,0.014088812429458,0.052066199853,4.13239970600003,PASS
181,pair_grid,200,-200,200,200,timestamped_linear,9.99811756777636e-05,0.052103160804234,9.99811756777636e-05,0.0188243222364437,0.052103160804234,4.20632160846803,PASS
182,pair_grid,500,-200,500,500,timestamped_linear,9.9966841257003e-05,0.052199685525112,9.9966841257003e-05,0.0331587429970082,0.052199685525112,4.39937105022403,PASS
183,pair_grid,1000,-200,1000,1000,timestamped_linear,0.00010003705803124,0.0515532125797588,0.00010003705803124,0.0370580312401003,0.0515532125797588,3.10642515951751,PASS
184,pair_grid,1000,-100,-1000,-1000,timestamped_linear,9.99591129248241e-05,0.0497971735439062,9.99591129248241e-05,0.0408870751758661,0.0497971735439062,0.405652912187604,PASS
185,pair_grid,500,-100,-500,-500,timestamped_linear,0.000100021236054038,0.0508060126813274,0.000100021236054038,0.0212360540381207,0.0508060126813274,1.61202536265483,PASS
186,pair_grid,200,-100,-200,-200,timestamped_linear,0.000100005333360906,0.0509156968200218,0.000100005333360906,0.00533336090564607,0.0509156968200218,1.83139364004365,PASS
187,pair_grid,100,-100,-100,-100,timestamped_linear,9.9999989501912e-05,0.0509523842242131,9.9999989501912e-05,1.04980879656047e-05,0.0509523842242131,1.90476844842624,PASS
188,pair_grid,100,-100,0,0,timestamped_linear,9.99946240331704e-05,0.0509891348850871,9.99946240331704e-05,0.00537596682959052,0.0509891348850871,1.97826977017426,PASS
189,pair_grid,100,-100,100,100,timestamped_linear,9.99892371942709e-05,0.0510272326947539,9.99892371942709e-05,0.0107628057291254,0.0510272326947539,2.05446538950784,PASS
190,pair_grid,200,-100,200,200,timestamped_linear,9.99838289430002e-05,0.0510651564275548,9.99838289430002e-05,0.016171056999803,0.0510651564275548,2.13031285510958,PASS
191,pair_grid,500,-100,500,500,timestamped_linear,9.99674759975048e-05,0.0511660590855953,9.99674759975048e-05,0.0325240024952378,0.0511660590855953,2.33211817119063,PASS
192,pair_grid,1000,-100,1000,1000,timestamped_linear,0.000100043149186968,0.0505284489334013,0.000100043149186968,0.0431491869675504,0.0505284489334013,1.05689786680261,PASS
193,pair_grid,1000,0,-1000,-1000,timestamped_linear,9.99629689419757e-05,0.0487848490721815,9.99629689419757e-05,0.0370310580243061,0.0487848490721815,2.43030185563694,PASS
194,pair_grid,500,0,-500,-500,timestamped_linear,0.000100029965165765,0.0497733105083934,0.000100029965165765,0.0299651657652777,0.0497733105083934,0.453378983213182,PASS
195,pair_grid,200,0,-200,-200,timestamped_linear,0.000100012044397638,0.0498807651654097,0.000100012044397638,0.0120443976377338,0.0498807651654097,0.238469669180574,PASS
196,pair_grid,100,0,-100,-100,timestamped_linear,0.000100006027673978,0.0499167068474164,0.000100006027673978,0.00602767397837045,0.0499167068474164,0.166586305167105,PASS
197,pair_grid,0,0,0,0,timestamped_linear,9.99999895013488e-05,0.0499527105003262,9.99999895013488e-05,1.04986511595406e-05,0.0499527105003262,0.0945789993476942,PASS
198,pair_grid,100,0,100,100,timestamped_linear,9.9993929695533e-05,0.0499887762684604,9.9993929695533e-05,0.00607030446703183,0.0499887762684604,0.0224474630792226,PASS
199,pair_grid,200,0,200,200,timestamped_linear,9.9987848497547e-05,0.050026136038979,9.9987848497547e-05,0.0121515024529839,0.050026136038979,0.0522720779579045,PASS
200,pair_grid,500,0,500,500,timestamped_linear,9.99694764095392e-05,0.0501329135186618,9.99694764095392e-05,0.0305235904607848,0.0501329135186618,0.265827037323518,PASS
201,pair_grid,1000,0,1000,1000,timestamped_linear,0.000100050799064903,0.0495043426323814,0.000100050799064903,0.0507990649031065,0.0495043426323814,0.991314735237225,PASS
202,pair_grid,1000,100,-1000,-1000,timestamped_linear,9.99681926458284e-05,0.0477732217098768,9.99681926458284e-05,0.0318073541716202,0.0477732217098768,4.4535565802464,PASS
203,pair_grid,500,100,-500,-500,timestamped_linear,0.000100040062901787,0.0487413170217667,0.000100040062901787,0.0400629017869747,0.0487413170217667,2.51736595646668,PASS
204,pair_grid,200,100,-200,-200,timestamped_linear,0.000100020123364429,0.0488465437270842,0.000100020123364429,0.0201233644289145,0.0488465437270842,2.30691254583156,PASS
205,pair_grid,100,100,-100,-100,timestamped_linear,0.000100013433614452,0.0488817401986574,0.000100013433614452,0.0134336144523184,0.0488817401986574,2.23651960268514,PASS
206,pair_grid,100,100,0,0,timestamped_linear,0.000100006722293291,0.0489169973562363,0.000100006722293291,0.00672229329119478,0.0489169973562363,2.16600528752749,PASS
207,pair_grid,100,100,100,100,timestamped_linear,9.99999895007862e-05,0.0489523153411499,9.99999895007862e-05,1.04992137872628e-05,0.0489523153411499,2.09536931770027,PASS
208,pair_grid,200,100,200,200,timestamped_linear,9.99932350516693e-05,0.0489876942951743,9.99932350516693e-05,0.00676494833073971,0.0489876942951743,2.0246114096514,PASS
209,pair_grid,500,100,500,500,timestamped_linear,9.99728431196946e-05,0.0490972782887126,9.99728431196946e-05,0.0271568803053568,0.0490972782887126,1.80544342257473,PASS
210,pair_grid,1000,100,1000,1000,timestamped_linear,0.00010005129776349,0.0484808938888529,0.00010005129776349,0.0512977634897549,0.0484808938888529,3.03821222229422,PASS
211,pair_grid,1000,200,-1000,-1000,timestamped_linear,9.99747762636984e-05,0.0467622916668919,9.99747762636984e-05,0.0252237363016494,0.0467622916668919,6.47541666621611,FAIL
212,pair_grid,500,200,-500,-500,timestamped_linear,0.000100051530280618,0.0477100324350771,0.000100051530280618,0.0515302806180173,0.0477100324350771,4.57993512984579,PASS
213,pair_grid,200,200,-200,-200,timestamped_linear,0.000100029571196104,0.0478130327191365,0.000100029571196104,0.0295711961041611,0.0478130327191365,4.37393456172704,PASS
214,pair_grid,200,200,-100,-100,timestamped_linear,0.000100022208159801,0.0478474844921815,0.000100022208159801,0.0222081598008961,0.0478474844921815,4.30503101563703,PASS
215,pair_grid,200,200,0,0,timestamped_linear,0.00010001482350062,0.0478819956672173,0.00010001482350062,0.0148235006204089,0.0478819956672173,4.23600866556531,PASS
216,pair_grid,200,200,100,100,timestamped_linear,0.000100007417247291,0.047916566382583,0.000100007417247291,0.00741724729056426,0.047916566382583,4.16686723483405,PASS
217,pair_grid,200,200,200,200,timestamped_linear,9.99999895002504e-05,0.0479511967770547,9.99999895002504e-05,1.0499749603099e-05,0.0479511967770547,4.09760644589069,PASS
218,pair_grid,500,200,500,500,timestamped_linear,9.9977576867379e-05,0.0480575043981076,9.9977576867379e-05,0.0224231326209745,0.0480575043981076,3.88499120378472,PASS
219,pair_grid,1000,200,1000,1000,timestamped_linear,0.000100034411231971,0.0474581029146601,0.000100034411231971,0.0344112319707879,0.0474581029146601,5.08379417067986,FAIL
220,pair_grid,1000,500,-1000,-1000,timestamped_linear,9.99993820755263e-05,0.0437336875499462,9.99993820755263e-05,0.000617924473678144,0.0437336875499462,12.5326249001077,FAIL
221,pair_grid,500,500,-500,-500,timestamped_linear,0.000100094162160843,0.0446204342072819,0.000100094162160843,0.0941621608427035,0.0446204342072819,10.7591315854362,FAIL
222,pair_grid,500,500,-200,-200,timestamped_linear,0.00010006613892872,0.0447167644148142,0.00010006613892872,0.0661389287200498,0.0447167644148142,10.5664711703715,FAIL
223,pair_grid,500,500,-100,-100,timestamped_linear,0.000100056754193769,0.0447489851652465,0.000100056754193769,0.0567541937684934,0.0447489851652465,10.5020296695071,FAIL
224,pair_grid,500,500,0,0,timestamped_linear,0.000100047347678728,0.0447812614709238,0.000100047347678728,0.0473476787280047,0.0447812614709238,10.4374770581524,FAIL
225,pair_grid,500,500,100,100,timestamped_linear,0.000100037919412833,0.0448135934612266,0.000100037919412833,0.0379194128332649,0.0448135934612266,10.3728130775468,FAIL
226,pair_grid,500,500,200,200,timestamped_linear,0.000100028469425329,0.0448459812659443,0.000100028469425329,0.0284694253290807,0.0448459812659443,10.3080374681114,FAIL
227,pair_grid,500,500,500,500,timestamped_linear,9.99999881024833e-05,0.0449434808706468,9.99999881024833e-05,1.18975166718549e-05,0.0449434808706468,10.1130382587063,FAIL
228,pair_grid,1000,500,1000,1000,timestamped_linear,9.73963398930002e-05,0.0444002887851832,9.73963398930002e-05,2.60366010699984,0.0444002887851832,11.1994224296336,FAIL
229,pair_grid,1000,1000,-1000,-1000,timestamped_linear,4.91144226950124e-05,-0.0141542879028303,4.91144226950124e-05,50.8855773049876,-0.0141542879028303,128.308575805661,FAIL
230,pair_grid,1000,1000,-500,-500,timestamped_linear,4.90126494219709e-05,-0.0144099841511878,4.90126494219709e-05,50.9873505780291,-0.0144099841511878,128.819968302376,FAIL
231,pair_grid,1000,1000,-200,-200,timestamped_linear,4.89873315493246e-05,-0.0144397832129398,4.89873315493246e-05,51.0126684506754,-0.0144397832129398,128.87956642588,FAIL
232,pair_grid,1000,1000,-100,-100,timestamped_linear,4.89788713854341e-05,-0.0144489975021561,4.89788713854341e-05,51.0211286145659,-0.0144489975021561,128.897995004312,FAIL
233,pair_grid,1000,1000,0,0,timestamped_linear,4.89704008016616e-05,-0.0144582625768325,4.89704008016616e-05,51.0295991983384,-0.0144582625768325,128.916525153665,FAIL
234,pair_grid,1000,1000,100,100,timestamped_linear,4.89619198079856e-05,-0.0144675148922502,4.89619198079856e-05,51.0380801920144,-0.0144675148922502,128.9350297845,FAIL
235,pair_grid,1000,1000,200,200,timestamped_linear,4.89534284143882e-05,-0.0144767744159462,4.89534284143882e-05,51.0465715856118,-0.0144767744159462,128.953548831892,FAIL
236,pair_grid,1000,1000,500,500,timestamped_linear,4.89433529965471e-05,-0.0145041526392973,4.89433529965471e-05,51.0566470034529,-0.0145041526392973,129.008305278595,FAIL
237,pair_grid,1000,1000,1000,1000,timestamped_linear,4.8858487745494e-05,-0.0143180081253243,4.8858487745494e-05,51.141512254506,-0.0143180081253243,128.636016250649,FAIL
238,random_uniform,14.0909082165728,14.0909082165728,-8.61842880876281,13.3505204988693,TR_TS_LTVKF,9.99633957112522e-05,0.0497805555580296,9.99673645326039e-05,0.032635467396136,0.0497925461255721,0.414907748855786,PASS
239,random_uniform,874.451244843133,-874.451244843133,-476.799592285176,509.920534718388,TR_TS_LTVKF,0.0001,0.0031712963006623,0.0001,0,0.005,90,FAIL
240,random_uniform,850.571079819429,237.35234850441,-61.4990423374486,-850.571079819429,TR_TS_LTVKF,0.00010094463283182,0.0465553213027359,0.000100734405399068,0.734405399067817,0.0465856907292174,6.82861854156526,FAIL
241,random_uniform,777.888474192727,-777.888474192727,-40.3925069191703,-387.391478525958,TR_TS_LTVKF,0.0001,0.00320952739078446,0.0001,0,0.005,90,FAIL
242,random_uniform,415.737316627301,415.737316627301,25.0089322700228,-246.573254983856,TR_TS_LTVKF,0.000100553507118709,0.0453131664525735,0.000100394055559254,0.394055559253736,0.0453332147851331,9.33357042973386,FAIL
243,random_uniform,945.852578529575,-48.0192965170274,-945.852578529575,904.236722930631,TR_TS_LTVKF,9.64673251086679e-05,0.0510763218155762,9.73736423923329e-05,2.62635760766712,0.0510257684212288,2.05153684245767,PASS
244,random_uniform,717.19663989403,-717.19663989403,-285.681129773228,284.145209119406,TR_TS_LTVKF,9.00959891166129e-05,0.0163876729127668,9.30465216300121e-05,6.95347836998788,0.0284257151162654,43.1485697674693,FAIL
245,random_uniform,879.41948509758,32.9499118584001,-879.41948509758,-309.769692709805,TR_TS_LTVKF,0.000100746724998997,0.0492504393336057,9.96167605580005e-05,0.383239441999528,0.0492777512562773,1.44449748744531,PASS
246,random_uniform,974.815567649507,163.014203313983,974.815567649507,376.733727750114,TR_TS_LTVKF,0.000101877528110186,0.0478974463527424,0.000101763267807551,1.76326780755063,0.0479239082351202,4.15218352975962,PASS
247,random_uniform,994.931655739144,994.931655739144,463.899530444932,-918.893036100594,TR_TS_LTVKF,0.0001,-0.0038604069172225,0.0001,0,0.005,90,FAIL
248,random_uniform,686.272220149819,686.272220149819,-340.938283410018,413.665665234558,TR_TS_LTVKF,8.84711493560595e-05,0.00627496133106937,8.84989758675328e-05,11.5010241324672,0.00797685362130475,84.0462927573905,FAIL
249,random_uniform,935.977869690511,-153.673469024519,858.495007461386,935.977869690511,TR_TS_LTVKF,9.61564152613702e-05,0.0515183070650926,0.000100070161384287,0.0701613842871707,0.0514730073285857,2.94601465717146,PASS
250,random_uniform,826.460051612132,-661.172081445528,150.364284289672,-826.460051612132,TR_TS_LTVKF,9.31570661062774e-05,0.0192444680277557,9.31570661062774e-05,6.84293389372258,0.0200757112124011,59.8485775751979,FAIL
251,random_uniform,352.058842692753,-81.1231329335692,-152.930352956323,352.058842692753,TR_TS_LTVKF,9.91848550111932e-05,0.0513292196298828,9.92473083053592e-05,0.75269169464075,0.0512986029374549,2.59720587490981,PASS
252,random_uniform,246.206047370872,135.188529097614,-246.206047370872,87.5767376743183,TR_TS_LTVKF,9.9473732217749e-05,0.0487909702785816,9.94752195669354e-05,0.524780433064598,0.0487968730581306,2.40625388373883,PASS
253,random_uniform,678.626875036495,-564.844902947447,409.680630228266,678.626875036495,TR_TS_LTVKF,8.93331680247671e-05,0.0194546117676856,8.93331680247671e-05,10.6668319752329,0.020323931402061,59.3521371958781,FAIL
254,random_uniform,972.161571395734,716.159066677889,649.068206705491,-972.161571395734,TR_TS_LTVKF,9.21764922312673e-05,0.00594770058103,9.21998656712664e-05,7.80013432873358,0.00757164029513964,84.8567194097207,FAIL
255,random_uniform,932.17428485016,582.082461923144,932.17428485016,745.441643610747,TR_TS_LTVKF,8.72843214393696e-05,0.00642357489298999,8.73137252990228e-05,12.6862747009772,0.00812914221051613,83.7417155789677,FAIL
256,random_uniform,779.58356750041,-133.91124469543,739.384831071497,-779.58356750041,TR_TS_LTVKF,0.000102493314592105,0.0502116842669163,0.000102302028483095,2.3020284830948,0.0498441442166557,0.311711566688644,PASS
257,random_uniform,994.567247805919,655.083724089998,109.75208513841,994.567247805919,TR_TS_LTVKF,8.66139540525329e-05,0.00627471740003237,8.66437026803944e-05,13.3562973196056,0.00797146997996042,84.0570600400792,FAIL
258,random_uniform,186.926401340583,-174.504331885497,-186.926401340583,161.694490687612,TR_TS_LTVKF,9.94640249733449e-05,0.0521156686217058,9.94652647353681e-05,0.53473526463188,0.0520746771602662,4.14935432053245,PASS
259,random_uniform,910.660041375352,-500.22932864638,910.660041375352,-371.933923291327,TR_TS_LTVKF,9.20680601206263e-05,0.0187482080692727,9.20864728632476e-05,7.91352713675239,0.0195568821493309,60.8862357013382,FAIL
260,random_uniform,585.710915412709,-215.070420602049,77.3620884857626,-585.710915412709,TR_TS_LTVKF,0.000101109096067761,0.0516125358924014,0.000100899371947182,0.899371947181771,0.0513973865788302,2.79477315766044,PASS
261,random_uniform,765.741990652907,545.80793426749,187.452087897161,765.741990652907,TR_TS_LTVKF,8.79511287615313e-05,0.00972247110800076,8.79794093421433e-05,12.0205906578567,0.0113609837030681,77.2780325938639,FAIL
262,random_uniform,854.964620451888,854.964620451888,-742.945110802069,-74.1219356869667,TR_TS_LTVKF,0.0001,-0.00396487022052597,0.0001,0,0.005,90,FAIL
263,random_uniform,555.171711967069,-259.482585030728,-445.152194834227,-555.171711967069,TR_TS_LTVKF,0.000101225663387111,0.0524268272952209,0.000100059583340118,0.0595833401179302,0.0523034529832609,4.60690596652185,PASS
264,random_uniform,889.088771708811,-889.088771708811,632.970982162687,-44.9493156690066,TR_TS_LTVKF,0.0001,0.00317394277201185,0.0001,0,0.005,90,FAIL
265,random_uniform,913.208656580652,-913.208656580652,-722.229971762005,-179.603508621624,TR_TS_LTVKF,0.0001,0.00316315249327519,0.0001,0,0.005,90,FAIL
266,random_uniform,879.455374047615,-268.196899007458,-223.522985762554,-879.455374047615,TR_TS_LTVKF,0.000100845875200712,0.052069476207439,0.000100424896832667,0.424896832666843,0.0518326646058342,3.66532921166842,PASS
267,random_uniform,899.563139527593,53.572195723302,867.290138253323,899.563139527593,TR_TS_LTVKF,9.63998062799637e-05,0.0490856609758479,0.000100207461968266,0.207461968265621,0.0493440338186378,1.31193236272448,PASS
268,random_uniform,786.002325021557,765.456384462266,-201.102610382475,-786.002325021557,TR_TS_LTVKF,7.21808484569321e-05,0.00293812954559438,7.36804469860215e-05,26.3195530139785,0.0206018586619723,58.7962826760555,FAIL
269,random_uniform,510.446198224307,-461.36149172701,19.5409596863392,-510.446198224307,TR_TS_LTVKF,0.00014221706278106,0.0457794751851916,0.000136043282098163,36.0432820981629,0.0461727875142107,7.65442497157867,FAIL
270,random_uniform,733.524856853595,-686.267488366545,-397.435334471978,733.524856853595,TR_TS_LTVKF,8.89886058243316e-05,0.0200633638889469,8.89886058243316e-05,11.0113941756684,0.0209727577164823,58.0544845670353,FAIL
271,random_uniform,890.437156243377,-293.163856678859,890.437156243377,-356.377611491112,TR_TS_LTVKF,0.00010260919437232,0.052109672385354,0.000102546391369218,2.54639136921795,0.0518277429518365,3.65548590367297,PASS
272,random_uniform,948.39000940015,-948.39000940015,-641.299841961412,539.172575433968,TR_TS_LTVKF,0.0001,0.00314747769710868,0.0001,0,0.005,90,FAIL
273,random_uniform,735.727045113705,-735.727045113705,-319.34052092818,432.166498218401,TR_TS_LTVKF,8.76546217112103e-05,0.00721676631632934,8.76546217112103e-05,12.3453782887897,0.00764539326873376,84.7092134625325,FAIL
274,random_uniform,619.85949226891,-619.85949226891,551.259275810173,231.184369920374,TR_TS_LTVKF,9.06141031315252e-05,0.0194448262922642,9.06141031315252e-05,9.38589686847485,0.0202961360267436,59.4077279465128,FAIL
275,random_uniform,914.169305714005,-522.647253421338,-914.169305714005,-479.658574852757,TR_TS_LTVKF,9.25911883108894e-05,0.0190012814131691,9.25911883108894e-05,7.40881168911065,0.0198341012943959,60.3317974112082,FAIL
276,random_uniform,807.813409294305,263.937885072452,669.923480679638,-807.813409294305,TR_TS_LTVKF,0.000102246171299908,0.0458080890206608,0.000102104128146304,2.10412814630443,0.0458516718344321,8.2966563311358,FAIL
277,random_uniform,964.495678479911,-964.495678479911,-136.204962791517,-946.848743168957,TR_TS_LTVKF,0.0001,-8.24744482654551e-05,0.0001,0,0.005,90,FAIL
278,random_uniform,438.58286101593,-187.65955911071,340.497572722977,-438.58286101593,TR_TS_LTVKF,0.000101187657184763,0.0513050261985516,0.000101184847280916,1.18484728091566,0.0510831254964732,2.16625099294632,PASS
279,random_uniform,964.737523733507,964.737523733507,201.493734000533,-23.8680424113267,TR_TS_LTVKF,0.0001,-0.00393113924853161,0.0001,0,0.005,90,FAIL
280,random_uniform,811.730770701933,811.730770701933,-780.507130140462,-660.817139575334,TR_TS_LTVKF,0.0001,-0.00393295817727916,0.0001,0,0.005,90,FAIL
281,random_uniform,398.260176200651,-380.541380385798,398.260176200651,-282.91925127132,TR_TS_LTVKF,0.000101059699241049,0.0533816896294122,0.000101057045136196,1.05704513619596,0.0532013935004806,6.40278700096113,FAIL
282,random_uniform,993.859388237541,-621.748952756114,297.03194270419,-993.859388237541,TR_TS_LTVKF,9.33900890095822e-05,0.0190219101505404,9.33900890095822e-05,6.60991099041784,0.0198398014691492,60.3203970617017,FAIL
283,random_uniform,615.005637441578,615.005637441578,-401.800517307722,-576.552487171833,TR_TS_LTVKF,9.1135369361913e-05,0.00633064372135992,9.11609635625391e-05,8.83903643746087,0.00802036492648576,83.9592701470285,FAIL
284,random_uniform,706.978463076776,-64.5729939738318,-706.978463076776,-522.27321396348,TR_TS_LTVKF,0.0001012335670873,0.0505837634384956,9.98909440252671e-05,0.109055974732919,0.0502590407288108,0.518081457621489,PASS
285,random_uniform,777.767152916813,-21.2227721764684,-777.767152916813,248.78392104927,TR_TS_LTVKF,9.87206365052373e-05,0.0509261523656889,9.87703601302426e-05,1.22963986975745,0.0506409588312226,1.28191766244525,PASS
286,random_uniform,709.419404529762,-656.074957480252,274.472069050131,-709.419404529762,TR_TS_LTVKF,9.29434715279148e-05,0.0192428429796397,9.29434715279148e-05,7.05652847208517,0.020074627513087,59.8507449738259,FAIL
287,random_uniform,995.201505732729,-995.201505732729,954.976993953192,-745.140007151928,TR_TS_LTVKF,0.0001,-0.0047871406511459,0.0001,0,0.005,90,FAIL
288,random_uniform,663.208670988269,-445.496769436124,-663.208670988269,192.399258501938,TR_TS_LTVKF,9.88617855742872e-05,0.0553112167239706,9.88869540771513e-05,1.11304592284875,0.0551254863632879,10.2509727265759,FAIL
289,random_uniform,531.167116436557,97.9463192734997,-531.167116436557,68.8789780345396,TR_TS_LTVKF,9.90821971185725e-05,0.0493098785568085,9.90855090961262e-05,0.91449090387381,0.0493437777289241,1.31244454215184,PASS
290,random_uniform,576.794853739993,576.794853739993,506.281607942291,146.293404680827,TR_TS_LTVKF,8.90076600888963e-05,0.00643888566570118,8.9034680139551e-05,10.965319860449,0.00814361907988565,83.7127618402287,FAIL
291,random_uniform,795.033057262047,795.033057262047,-20.9783528665198,-605.940749415346,TR_TS_LTVKF,0.0001,-0.00294531942169253,0.0001,0,0.005,90,FAIL
292,random_uniform,690.300099054256,-119.910242546991,690.300099054256,-403.300507101435,TR_TS_LTVKF,0.000101982711746431,0.0504337545326381,0.00010192374647983,1.92374647982982,0.0501631349253521,0.326269850704186,PASS
293,random_uniform,852.465714731811,518.42308673203,498.2654751112,852.465714731811,TR_TS_LTVKF,6.8526241851425e-05,0.0305180823864779,6.89490985063681e-05,31.0509014936319,0.0313922729585766,37.2154540828468,FAIL
294,random_uniform,796.814392464839,-796.814392464839,-261.561205482699,-145.172899579497,TR_TS_LTVKF,0.0001,0.00320119402227589,0.0001,0,0.005,90,FAIL
295,random_uniform,858.288063157413,-234.70049273229,-858.288063157413,490.353015183508,TR_TS_LTVKF,9.84418487986873e-05,0.0533553615296883,9.84732314725543e-05,1.52676852744573,0.0530501504881136,6.10030097622725,FAIL
296,random_uniform,498.66057387156,-498.66057387156,-484.642069684851,-496.572987996569,TR_TS_LTVKF,9.24769991776251e-05,0.0200048579432297,9.25146829232235e-05,7.48531707677651,0.0208239174705333,58.3521650589334,FAIL
297,random_uniform,846.656758812641,-846.656758812641,-633.543961387426,-720.945846734488,TR_TS_LTVKF,0.0001,0.00318758479897582,0.0001,0,0.005,90,FAIL
298,random_uniform,544.021639238928,363.426831739198,-339.184538463864,544.021639238928,TR_TS_LTVKF,9.85641755540151e-05,0.0468404559243161,9.86259109797903e-05,1.37408902020973,0.0469681472692229,6.06370546155428,FAIL
299,random_uniform,440.318962984973,323.110799811326,-438.658275701662,440.318962984973,TR_TS_LTVKF,9.86523726728973e-05,0.0472750000405673,9.8655544697789e-05,1.34445530221102,0.0473701406377071,5.25971872458574,FAIL
300,random_uniform,884.165100960859,-432.542293028413,-836.428692940036,-884.165100960859,TR_TS_LTVKF,0.000100799387636853,0.0539542152895884,9.99707633801399e-05,0.0292366198600957,0.0534536082811114,6.90721656222286,FAIL
301,random_uniform,636.715396156115,627.903646650484,-88.3779901513365,636.715396156115,TR_TS_LTVKF,8.77119755460692e-05,0.00640453429811068,8.77408997431839e-05,12.2591002568161,0.00812092288995206,83.7581542200959,FAIL
302,random_uniform,861.436922866997,861.436922866997,770.412616622044,209.499625240836,TR_TS_LTVKF,0.0001,-0.00393686163050924,0.0001,0,0.005,90,FAIL
303,random_uniform,948.516197445839,538.285650565971,450.445579150962,948.516197445839,TR_TS_LTVKF,8.86234469789035e-05,0.0153107059538125,8.86497080037419e-05,11.3502919962581,0.0167485180173429,66.5029639653142,FAIL
304,random_uniform,741.63661423526,-741.63661423526,-584.424462207764,-100.981749099062,TR_TS_LTVKF,8.79342566784452e-05,0.00484829833248477,8.79342566784452e-05,12.0657433215548,0.005,90,FAIL
305,random_uniform,653.422429629115,-347.464347218885,-611.804155331096,653.422429629115,TR_TS_LTVKF,9.79853430498078e-05,0.054695001486135,9.80540040200538e-05,1.9459959799462,0.0546398224392614,9.2796448785228,FAIL
306,random_uniform,814.133283387345,453.006714990497,564.308987474267,814.133283387345,TR_TS_LTVKF,9.69441736786085e-05,0.045277784368869,9.85505757469079e-05,1.44942425309211,0.0454812319061071,9.0375361877858,FAIL
307,random_uniform,745.226705984293,308.383283440123,745.226705984293,619.094854908564,TR_TS_LTVKF,9.79949791925504e-05,0.046764535687009,0.000100519595446497,0.519595446497245,0.046807710254729,6.38457949054193,FAIL
308,random_uniform,627.541326463099,156.855594975098,597.278350160363,-627.541326463099,TR_TS_LTVKF,0.000101904072331989,0.0471338428533311,0.00010187368607036,1.8736860703598,0.0471727814326278,5.65443713474438,FAIL
309,random_uniform,432.813377663567,-408.39169625452,432.813377663567,103.422271168931,TR_TS_LTVKF,0.000100567034074234,0.0540193370571686,0.000100563244697918,0.563244697917886,0.0539324129522954,7.86482590459074,FAIL
310,random_uniform,968.645846480919,-924.891477491775,613.051640366661,968.645846480919,TR_TS_LTVKF,0.0001,0.00315952518884001,0.0001,0,0.005,90,FAIL
311,random_uniform,925.425009967248,925.425009967248,229.133784402394,574.070878432676,TR_TS_LTVKF,0.0001,-0.00396524300573578,0.0001,0,0.005,90,FAIL
312,random_uniform,593.356545451162,-593.356545451162,133.162526979105,-1.55249770102864,TR_TS_LTVKF,9.12687723408872e-05,0.0193866353043468,9.12687723408872e-05,8.73122765911282,0.0202351133254574,59.5297733490852,FAIL
313,random_uniform,187.720016970463,61.9277804427627,-115.240701360474,-187.720016970463,TR_TS_LTVKF,0.000100458236735289,0.0491342734989673,0.00010008444522605,0.0844452260500006,0.0491485271479117,1.70294570417668,PASS
314,random_uniform,242.686415192773,242.686415192773,92.5234911822301,55.686690071389,TR_TS_LTVKF,9.98271589264768e-05,0.0473792619569266,0.000100070128793853,0.0701287938533746,0.0473923387026237,5.21532259475266,FAIL
315,random_uniform,989.10307255047,743.79908195233,989.10307255047,-654.605260592037,TR_TS_LTVKF,9.15291097231019e-05,0.00589111289365612,9.1553503929471e-05,8.44649607052896,0.00751006789114367,84.9798642177127,FAIL
316,random_uniform,860.405050007877,435.531318956774,-363.811255561703,860.405050007877,TR_TS_LTVKF,9.68355790229624e-05,0.0459368069058989,9.7789927632686e-05,2.21007236731401,0.046290999652535,7.41800069492992,FAIL
317,random_uniform,916.536928182043,916.536928182043,365.969373080918,713.823055481512,TR_TS_LTVKF,0.0001,-0.00395612387541127,0.0001,0,0.005,90,FAIL
318,random_uniform,543.281728887534,-377.181157836417,-543.281728887534,324.356061133174,TR_TS_LTVKF,9.87143428104917e-05,0.054696027659424,9.87169513194362e-05,1.28304868056379,0.0546473766618678,9.29475332373555,FAIL
319,random_uniform,891.428206817506,290.136995626366,-891.428206817506,-124.069831864411,TR_TS_LTVKF,9.91869792487322e-05,0.0467835356878399,9.93166650949287e-05,0.683334905071331,0.046808622556864,6.3827548862721,FAIL
320,random_uniform,994.136009175963,197.274003538259,-994.136009175963,310.968905939988,TR_TS_LTVKF,9.86784215668961e-05,0.0480598782193284,9.87222149601753e-05,1.27778503982475,0.048098947038065,3.80210592386995,PASS
321,random_uniform,788.571039997294,-547.860538591349,788.571039997294,-680.005060229809,TR_TS_LTVKF,9.30029510353138e-05,0.0187986741464781,9.30029510353138e-05,6.99704896468623,0.0196068107475733,60.7863785048535,FAIL
322,random_uniform,820.626602136373,-820.626602136373,-165.413531694889,30.6742761415655,TR_TS_LTVKF,0.0001,0.00319276802106489,0.0001,0,0.005,90,FAIL
323,random_uniform,933.956003230632,664.390946258627,-933.956003230632,782.817939330571,TR_TS_LTVKF,8.73443398925445e-05,0.00631055784601038,8.73735867242674e-05,12.6264132757326,0.0080218428157286,83.9563143685428,FAIL
324,random_uniform,817.751315918077,-817.751315918077,-514.143468675418,-215.298715528196,TR_TS_LTVKF,0.0001,0.00319387265955199,0.0001,0,0.005,90,FAIL
325,random_uniform,801.007621671355,481.114804444401,801.007621671355,386.149538406971,TR_TS_LTVKF,0.000101107153428937,0.0447559830704285,0.000100788551123503,0.788551123502779,0.0447783605267872,10.4432789464255,FAIL
326,random_uniform,838.780228409757,346.150930167556,838.780228409757,-451.298517196285,TR_TS_LTVKF,0.000102468940136321,0.0452323178662179,0.000102429347000693,2.42934700069293,0.0452714988999014,9.45700220019724,FAIL
327,random_uniform,735.657305818368,735.657305818368,244.487419868975,-328.490431303633,TR_TS_LTVKF,9.06720299566469e-05,0.00600977195811104,9.06964833311792e-05,9.30351666882082,0.00765806241416541,84.6838751716692,FAIL
328,random_uniform,940.239699041088,940.239699041088,329.808613549885,-227.216630959263,TR_TS_LTVKF,0.0001,-0.00391708858443409,0.0001,0,0.005,90,FAIL
329,random_uniform,839.851453043464,830.062457924996,533.4022266598,839.851453043464,TR_TS_LTVKF,0.0001,-0.00395099560087537,0.0001,0,0.005,90,FAIL
330,random_uniform,979.413463460749,119.557356823994,-979.413463460749,-260.428972277804,TR_TS_LTVKF,9.93871961390587e-05,0.0482488228402157,9.95635047009868e-05,0.43649529901324,0.0482926931641149,3.41461367177023,PASS
331,random_uniform,217.757562238922,217.757562238922,161.502907573428,-92.4451011854314,TR_TS_LTVKF,0.000100396141805365,0.0474205458125686,0.000100394825325909,0.394825325908688,0.0474400763302931,5.11984733941381,FAIL
332,random_uniform,591.134289691839,469.463046846586,-566.160532705562,591.134289691839,TR_TS_LTVKF,9.82108961479395e-05,0.0457920025061316,9.82149251471513e-05,1.78507485284868,0.0459642921537448,8.07141569251049,FAIL
333,random_uniform,469.737775143317,-305.338153623578,306.039675257567,469.737775143317,TR_TS_LTVKF,9.88513270515137e-05,0.053448382004628,9.98369507345164e-05,0.16304926548365,0.053417954036844,6.83590807368804,FAIL
334,random_uniform,712.097516582395,396.851451093531,712.097516582395,124.613619903158,TR_TS_LTVKF,0.000101328228166819,0.0454101830471197,0.000101215287581111,1.21528758111087,0.0454359773809832,9.12804523803368,FAIL
335,random_uniform,692.797516124087,-330.994861217659,-692.797516124087,267.597157130963,TR_TS_LTVKF,9.87379973340542e-05,0.0542109319591492,9.87658544851717e-05,1.23414551482833,0.0539982829929986,7.99656598599716,FAIL
336,random_uniform,808.052952504465,-4.96927209770161,-808.052952504465,693.407001488536,TR_TS_LTVKF,9.77158304216296e-05,0.0509728211857266,9.79331448161998e-05,2.06685518380016,0.050871876053262,1.74375210652395,PASS
337,random_uniform,923.259067272723,890.870375156111,47.3692925777937,-923.259067272723,TR_TS_LTVKF,0.0001,-0.00389384616839247,0.0001,0,0.005,90,FAIL
