claim_id,manuscript_section,claim_text_short,claim_type,source_file,source_table_or_figure,source_row_or_metric,status
CLM-001,Abstract,"Primary novelty is topology-synchronous decoupled observation",contribution,paper_verification_v12/PAPER_VERIFICATION_V12_RESULT.md,"Section 2-3","OBSERVATION_FRAMEWORK_IS_PRIMARY_INNOVATION",VERIFIED_RERUN
CLM-002,Abstract,"TS-D-RLS is primary and TS-SLTVKE is extension",architecture,paper_algorithm_selection_v2/FINAL_ESTIMATOR_DECISION.md,"Questions 11-12","DUAL_REALIZATION",VERIFIED_RERUN
CLM-003,Abstract,"C mean MAPE 0.3727 percent",numeric,paper_algorithm_selection_v2/results/tables/table_algorithm_static_comparison.csv,"M1 TS-D-RLS Native","C_mean_MAPE_percent=0.372680462278862",VERIFIED_RERUN
CLM-004,Abstract,"ESR mean MAPE 0.2233 percent",numeric,paper_algorithm_selection_v2/results/tables/table_algorithm_static_comparison.csv,"M1 TS-D-RLS Native","ESR_mean_MAPE_percent=0.223280348154239",VERIFIED_RERUN
CLM-005,Abstract,"Mean convergence 13.21 cycles",numeric,paper_algorithm_selection_v2/results/tables/table_algorithm_static_comparison.csv,"M1 TS-D-RLS Native","convergence_cycles_mean=13.2109375",VERIFIED_RERUN
CLM-006,Abstract,"F28379D worst p95 C error 1.6425 percent",numeric,verification_v23/results/tables/result_metrics_v23.csv,"worst_p95_C_error_percent","value=1.6425",VERIFIED
CLM-007,Abstract,"F28379D worst p95 ESR error 2.6109 percent",numeric,verification_v23/results/tables/result_metrics_v23.csv,"worst_p95_ESR_error_percent","value=2.6109",VERIFIED
CLM-008,Introduction,"No direct high-overlap method found in 25-paper screen",literature_boundary,paper_verification_v1/literature/NOVELTY_BOUNDARY.md,"Direct answers and residual novelty risk","scoped screen; not an unqualified first claim",VERIFIED_LIMITED
CLM-009,Modeling,"Capacitor current equals (1-u)i1-u i2",equation,docs/Cuk_energy_transfer_capacitor_health_theory_v0.2.md,"Eq. (11)","topology sign convention independently checked",VERIFIED
CLM-010,Observation,"Ideal edge jump equals rC(i1+i2)",equation,docs/Cuk_energy_transfer_capacitor_health_theory_v0.2.md,"Eq. (73)","u:0 to 1 edge",VERIFIED
CLM-011,Observation,"Charge observation zC=(q/Cb) alpha_bar + noise",equation,verification_v21/THEORY_CLOSURE_V21.md,"Eq. (C1)","conditional ESR-compensated pseudo measurement",VERIFIED
CLM-012,Identifiability,"Weakest mu_C lower bound 0.217943",theory_numeric,paper_verification_v12/results/tables/table_physical_PE_lower_bound.csv,"MB-016","mu_C_lower=0.217943071478655",VERIFIED_INVARIANT
CLM-013,Identifiability,"Weakest mu_R lower bound 880.008",theory_numeric,paper_verification_v12/results/tables/table_physical_PE_lower_bound.csv,"MB-016","mu_R_lower=880.007784614625",VERIFIED_INVARIANT
CLM-014,Identifiability,"Minimum empirical/lower ratios 1.02872 and 1.02334",theory_numeric,paper_verification_v12/PAPER_THEORY_PROOF_V12.md,"Section 3","minimum ratios across 45 frozen cases",VERIFIED_INVARIANT
CLM-015,Identifiability,"Maximum C-direction fixed point 0.0112191",theory_numeric,paper_verification_v12/results/tables/table_covariance_bound_validation.csv,"noisy C_alpha","P_star=0.0112190757722215",VERIFIED_INVARIANT
CLM-016,Identifiability,"Maximum ESR fixed point 8.82437e-6",theory_numeric,paper_verification_v12/results/tables/table_covariance_bound_validation.csv,"noisy ESR","P_star=8.82437320730814e-06",VERIFIED_INVARIANT
CLM-017,Results,"RLS O0 to O1 C MAPE 7.0366 to 0.3727",factorial,paper_verification_v12/results/tables/table_observation_estimator_factorial.csv,"O0-E1 and O1-E1","C_MAPE_percent",VERIFIED_RERUN
CLM-018,Results,"RLS O0 to O1 ESR MAPE 1.1970 to 0.2233",factorial,paper_verification_v12/results/tables/table_observation_estimator_factorial.csv,"O0-E1 and O1-E1","ESR_MAPE_percent",VERIFIED_RERUN
CLM-019,Results,"RLS O0 to O1 convergence 665.41 to 13.21 cycles",factorial,paper_verification_v12/results/tables/table_observation_estimator_factorial.csv,"O0-E1 and O1-E1","mean_convergence_cycles",VERIFIED_RERUN
CLM-020,Results,"TS-SLTVKE abrupt C tail error 19.2911 percent",negative_result,paper_algorithm_selection_v2/PAPER_METHOD_COMPARISON.md,"Section 3","257-post-cycle failure retained",VERIFIED_RERUN
CLM-021,Results,"TS-SLTVKE abrupt ESR tail error 49.9384 percent",negative_result,paper_algorithm_selection_v2/PAPER_METHOD_COMPARISON.md,"Section 3","257-post-cycle failure retained",VERIFIED_RERUN
CLM-022,Results,"0.1 s aggregate tracking 0.1161 vs 0.2160 and lag 8.053 vs 22.027",dynamic,paper_algorithm_selection_v2/FINAL_ESTIMATOR_DECISION.md,"Question 3","TS-D-RLS vs TS-SLTVKE",VERIFIED_RERUN
CLM-023,Results,"1 s aggregate tracking 0.0163 vs 0.0454 and lag 1.360 vs 3.537",dynamic,paper_algorithm_selection_v2/FINAL_ESTIMATOR_DECISION.md,"Question 4","TS-D-RLS vs TS-SLTVKE",VERIFIED_RERUN
CLM-024,Results,"10 s aggregate tracking 0.0160 vs 0.0456 and lag 1.752 vs 4.492",dynamic,paper_algorithm_selection_v2/FINAL_ESTIMATOR_DECISION.md,"Question 5","TS-D-RLS vs TS-SLTVKE",VERIFIED_RERUN
CLM-025,Results,"100 s aggregate tracking 0.0213 vs 0.0477 and lag 2.827 vs 4.868",dynamic,paper_algorithm_selection_v2/FINAL_ESTIMATOR_DECISION.md,"Question 6","TS-D-RLS vs TS-SLTVKE",VERIFIED_RERUN
CLM-026,Results,"Mean operating transient false C 1.3017 vs 0.7570",dynamic,paper_algorithm_selection_v2/FINAL_ESTIMATOR_DECISION.md,"Question 8","TS-D-RLS vs TS-SLTVKE",VERIFIED_INVARIANT
CLM-027,Results,"Mean operating transient false ESR 1.8474 vs 5.1919",dynamic,paper_algorithm_selection_v2/FINAL_ESTIMATOR_DECISION.md,"Question 8","TS-D-RLS vs TS-SLTVKE",VERIFIED_RERUN
CLM-028,Results,"Complexity 28/46/62 multiplications per accepted observation",complexity,paper_algorithm_selection_v2/results/tables/table_algorithm_complexity.csv,"M1/M2/M3","multiplications_per_observation",VERIFIED_INVARIANT
CLM-029,Results,"Execution estimate 1.36/2.12/3.05 us per observation",complexity,paper_algorithm_selection_v2/results/tables/table_algorithm_complexity.csv,"M1/M2/M3","estimated_execution_us_per_observation",VERIFIED_INVARIANT
CLM-030,Results,"Joint uncertainty coverage 13.00/88.93/81.90 percent",uncertainty,paper_algorithm_selection_v2/results/tables/table_algorithm_uncertainty.csv,"M1/M2/M3","joint_95_coverage_percent",VERIFIED_RERUN
CLM-031,Device,"F28379D one-edge geometry g=0.5 us W=2.2 us N=3",device_numeric,verification_v23/results/tables/result_metrics_v23.csv,"selected_guard/window/points","locked selected geometry",VERIFIED
CLM-032,Device,"Full-aperture span 2.150 us and 0.050 us margin",device_numeric,verification_v23/results/tables/result_metrics_v23.csv,"full_aperture_span/margin","selected geometry",VERIFIED
CLM-033,Device,"ADC utilization 45.75 percent and DMA 4.0 MB/s",device_numeric,verification_v23/results/tables/result_metrics_v23.csv,"per_ADC_utilization and DMA_throughput","register-realizable schedule",VERIFIED
CLM-034,Device,"Plant common mode spans -34.343 to +34.698 V",device_numeric,verification_v23/results/tables/table_c1_commonmode.csv,"high_D","direct connection fails",VERIFIED
CLM-035,Device,"C CI coverage 93.5-97.5 and ESR 98-100 percent",device_numeric,verification_v23/F28379D_V23_DECISION.md,"device-level 200-seed validation","simulation only",VERIFIED
CLM-036,Device,"Firmware not compiled and WCET not measured",limitation,verification_v23/F28379D_COMPUTE_BUDGET.md,"final paragraph","release gate",VERIFIED
CLM-037,Observation,"Full C pseudo mismatch includes residual ESR endpoint and charge terms",equation,verification_v21/THEORY_CLOSURE_V21.md,"Section 3 Eqs. C1-C2","expanded algebra with bounded-bias caveat",VERIFIED
CLM-038,Observation,"R_C first-order covariance includes P_rr endpoint-current and charge terms",equation,verification_v21/THEORY_CLOSURE_V21.md,"Eq. C2","frozen compact implementation",VERIFIED
CLM-039,Observation,"Final paper-campaign center k_R=0.97719802594550731 is reproduced and casewise fixed",identifiability_assumption,paper_algorithm_selection_v2/scripts/paper_algorithm_selection_v2_engine.m; paper_algorithm_selection_v2/datasets/generate_frozen_o1_stream.m,"cfg.kRCalibration / cfg.kRSeedAmplitude / obs.hR","exact v2.1 value adopted before blind rerun; not jointly estimated",VERIFIED_EXACT_ADOPTED
CLM-040,Modeling,"ESR remains in physical ohms with 17.5-125 mOhm bounds",parameterization,paper_algorithm_selection_v2/LOCKED_ALGORITHM_SELECTION_HYPERPARAMETERS.csv,"ESR_bounds_pu and Rb=0.05","only inverse C normalized",VERIFIED
CLM-041,Modeling,"Weakest accepted I_C/I_Sigma and q lower bound",theory_numeric,paper_verification_v12/results/tables/table_physical_PE_lower_bound.csv,"minimum I_C_min/I_sum_min","q derived using 2 us proof window",VERIFIED_DERIVED
CLM-042,Protocol,"MAPE and p95 are endpoint blind-row errors",metric_definition,paper_verification_v12/scripts/paper_verification_v12_engine.m,"static campaign endpoint error aggregation","768 rows per estimator cell",VERIFIED_RERUN
CLM-043,Protocol,"Convergence requires 32 consecutive cycles with both errors <=5 percent",metric_definition,paper_verification_v12/scripts/paper_verification_v12_engine.m,"convergenceCycles","no-success rows assigned 1024",VERIFIED
CLM-044,Protocol,"nRMSE and normalized lag match implemented integrals/correlation/crossings",metric_definition,paper_algorithm_selection_v2/scripts/paper_algorithm_selection_v2_engine.m,"normalizedRmse/effectiveLag/crossingTimeDelay","two-sample detected crossing",VERIFIED
CLM-045,Results,"50 ns device-realistic p95 values reported separately by parameter",numeric,paper_algorithm_selection_v2/results/tables/table_algorithm_noise_timing.csv,"Native/F28379D_device_realistic/50 ns","M1 0.4964/0.3385; M2 0.4132/0.6888; M3 0.4211/1.9141",VERIFIED_RERUN
CLM-046,Appendix,"Nonideal switched equations retain ESR with correct state-dependent signs",equation,cuk_cap_health_verification/model/simulate_switched_equation.m,"u=1 and u=0 derivatives","other optional parasitics zeroed",VERIFIED
CLM-047,References,"26 DOI paper records checked against DOI/Crossref/publisher records",bibliography,manuscript_v03/source_traceability/BIBLIOGRAPHY_AUDIT.csv,"all DOI rows","2026-08-23 metadata audit; 3 direct 2025 neighbors added",VERIFIED
CLM-048,Observation,"Online validity is separate from evaluated PE minima",gating,paper_algorithm_selection_v2/datasets/generate_frozen_o1_stream.m,"validC/validR definitions","I_Sigma_gate=0.12 A; no independent numeric q_gate",VERIFIED
CLM-049,Theory,"Evaluated PE minima use eval superscript and never tune online gates",theory_boundary,paper_verification_v12/results/tables/table_physical_PE_lower_bound.csv,"I_C_min/I_sum_min/T_w_min/kR_min","45 evaluated Model-B CCM cases",VERIFIED_INVARIANT
CLM-050,Observation,"Archived k_R simulation calibration pools four profiles and takes median raw/reference ESR ratio",calibration_protocol,verification_v21/covariance/train_v21_covariance.m; calibration_closure/results/table_kR_calibration_summary.csv,"training_cases / calibrate_edge_gain / exact reproduction","588 edges reproduce the adopted 0.97719802594550731 center exactly",VERIFIED_EXACT_ADOPTED
CLM-051,Comparison,"Required sensing burden is stated for each Table I method",comparison_fairness,paper_verification_v1/literature/SOTA_LITERATURE_MATRIX.csv,"required_sensors for L03/L04/L05/L08/L11","unknown exact set stated as not explicitly stated; proposed uses v_T/i1/i2/PWM",VERIFIED
CLM-052,Protocol,"13.21 cycles is internal estimator convergence and 1024 cycles is external health reporting",timing_semantics,paper_algorithm_selection_v2/ALGORITHM_SELECTION_PROTOCOL.md,"convergence metric plus healthFrameCycles","20.48 ms at 50 kHz",VERIFIED_RERUN
CLM-053,Observation,"C and ESR windows use T_w_C=2.0 us and T_w_R=2.2 us",notation,paper_verification_v12/scripts/paper_verification_v12_engine.m; verification_v23/config/v23_default_config.m,"safeWindowS; windowUs","charge proof and device edge-fit windows are distinct",VERIFIED
CLM-054,Implementation,"1.36-us TS-D-RLS arithmetic is separated from the 14-us platform budget",compute_boundary,paper_algorithm_selection_v2/results/tables/table_algorithm_complexity.csv; verification_v23/F28379D_COMPUTE_BUDGET.md,"per-observation time; platform schedule","measured target WCET remains pending",VERIFIED_INVARIANT
CLM-055,References,"Latest-neighbor check added three direct 2025 papers",bibliography,manuscript_v025/source_traceability/BIBLIOGRAPHY_AUDIT.csv,"leong2025boostesr; zhang2025injection; zhang2025largesignal","TPEL/JESTPE/OJPEL metadata checked",VERIFIED
CLM-056,Observation,"Independent rerun exactly reproduces the archived v2.1 k_R lock",reproducibility,calibration_closure/scripts/reproduce_kR_calibration.m; calibration_closure/results/kR_calibration_reproduction.mat,"reproduced and archived values both 0.97719802594550731","absolute error 0 at saved precision",VERIFIED_EXACT
CLM-057,Observation,"The historical 0.982 center was superseded after explicit adoption of the reproducible value",provenance_boundary,recalibrated_campaign/results/table_algorithm_metric_deltas.csv,"old v1/v1.1 versus new v2/v1.2","25 of 66 final-selection cells changed; decision unchanged",VERIFIED_RESOLVED
CLM-058,Observation,"TS-D-RLS and TS-SLTVKE consume the same casewise obs.hR and do not update k_R from blind residuals",comparison_fairness,paper_algorithm_selection_v2/algorithms/run_locked_o1_estimator.m,"M1 and M2 use obs.hR","train/blind separation retained in recalibrated rerun",VERIFIED
CLM-059,Observation,"Calibration reference ESR is planted simulation truth",reference_boundary,cuk_cap_health_verification/model/model_parameters.m; verification_v21/covariance/train_v21_covariance.m,"p.ESR / params{c}.ESR","not an offline or hardware measurement",SIMULATION_REFERENCE_TRUTH
CLM-060,Implementation,"A 35-row frozen TS-D-RLS sensitivity maps +/-1 percent k_R error to approximately inverse ESR bias",sensitivity,calibration_closure/results/table_kR_sensitivity.csv,"five cases x seven deltas","worst absolute endpoint bias 1.170818 percent; no retuning",VERIFIED_SMALL_CHECK
CLM-061,Theory,"With no numeric q_gate low-charge rows are handled by their inherently small h_C=q/C_b information contribution",theory_boundary,paper_algorithm_selection_v2/datasets/generate_frozen_o1_stream.m; manuscript_v03/sections/03_observation_framework.tex,"validC and hC definitions","positive proof guarantee remains restricted to evaluated valid-CCM envelope",VERIFIED
CLM-062,Results,"Recalibrated factorial retains all 4608 rows and 10000 paired bootstrap replicates",reproducibility,paper_verification_v12/logs/audit_paper_verification_v12.txt,"factorial_rows / paired_bootstrap_rows","AUDIT=PASS",VERIFIED_RERUN
CLM-063,Results,"Recalibrated algorithm campaign retains 6/18/162/24 static/abrupt/ramp/transient rows",reproducibility,paper_algorithm_selection_v2/logs/audit_paper_algorithm_selection_v2.txt,"row counts","AUDIT=PASS",VERIFIED_RERUN
CLM-064,Results,"Final estimator decision remains DUAL_REALIZATION",decision,paper_algorithm_selection_v2/results/tables/table_algorithm_final_selection.csv,"final_decision","all rows identical token",VERIFIED_RERUN
CLM-065,Theory,"PE lower-bound numeric fields are unchanged after recalibration",invariance,recalibrated_campaign/results/table_rerun_invariance_checks.csv,"PE_NUMERIC_FIELDS_UNCHANGED","observed=0 changed fields",VERIFIED_INVARIANT
CLM-066,Implementation,"Complexity fields are unchanged after recalibration",invariance,recalibrated_campaign/results/table_rerun_invariance_checks.csv,"COMPLEXITY_FIELDS_UNCHANGED","observed=0 changed fields",VERIFIED_INVARIANT
CLM-067,Results,"All manuscript-facing old/new values were enumerated",traceability,recalibrated_campaign/results/table_manuscript_numeric_updates.csv,"88 rows","changed and unchanged values retained",VERIFIED_RERUN
CLM-068,Observation,"The main manuscript displays k_R=0.9772 while all result generation uses 0.97719802594550731",precision_boundary,manuscript_v03/sections/03_observation_framework.tex; calibration_closure/results/table_kR_calibration_summary.csv,"display versus computation precision","rounding changes presentation only",VERIFIED_DISPLAY_ONLY
CLM-069,Observation,"The +/-0.006 spread is known casewise calibrated measurement-chain variation",comparison_fairness,paper_algorithm_selection_v2/datasets/generate_frozen_o1_stream.m,"kR and hR are formed before the common estimator call","not unobserved calibration uncertainty",VERIFIED_CASE_A
CLM-070,Implementation,"F28379D detail and operating-transient traces moved to supplementary without numeric change",compression_boundary,manuscript_v03/supplementary/SUPPLEMENTARY_NOTE_S1.tex; manuscript_v03/supplementary/SUPPLEMENTARY_NOTE_S3.tex,"main-text compression only","scientific values retained",VERIFIED_NO_SCIENTIFIC_CHANGE
CLM-071,Theory,"Proposition 1 concludes local identifiability over the accepted finite window without a stronger structural-identifiability claim",wording_boundary,manuscript_v031/sections/04_identifiability.tex,"positive finite-window Gramian and local one-to-one parameter map","mathematics unchanged from v0.3",VERIFIED_NO_SCIENTIFIC_CHANGE
CLM-072,Observation,"The +/-0.006 spread is calibrated unit-to-unit variability rather than residual unknown calibration error",comparison_fairness,paper_algorithm_selection_v2/datasets/generate_frozen_o1_stream.m,"realized kR enters the shared hR before estimator calls","Case A wording clarified",VERIFIED_CASE_A
CLM-073,Figures,"Figs. 4--8 are vector redraws from frozen result CSV files",presentation_boundary,manuscript_v031/figures/generate_vector_figures_v031.m,"readtable sources only; no model or estimator invocation","all plotted values are archived outputs",VERIFIED_NO_SCIENTIFIC_CHANGE
CLM-074,Typography,"The Cuk acute accent uses one robust nonbreaking macro in manuscript text and Fig. 1",typography,manuscript_v031/macros.tex; manuscript_v031/figures/fig01_cuk_topology.tex,"mbox with LaTeX acute accent","visual-only correction",VERIFIED_NO_SCIENTIFIC_CHANGE
