path_id,ADC_mode,voltage_architecture,nominal_bits,ENOB,fs_adc_Hz,operating_case,Vin_V,D,load,C_true_F,ESR_true_Ohm,I_sum_A,edge_ESR_signal_mV,charge_C_signal_mV,current_full_scale_A,multi_cycle,calibration_level,locked_guard_us,locked_window_us,locked_points_per_side,sampling_geometry_feasible,C_est_F,ESR_est_Ohm,C_MAPE_percent,ESR_MAPE_percent,C_bias_percent,ESR_bias_percent,NEES,CI_C_95_coverage,CI_ESR_95_coverage,convergence_cycles,accepted_edge_updates,accuracy_pass
native_12_V1,native_12bit_highspeed,V1,12,10.5,4000000,low_CCM_margin,24,0.4,low_CCM,8e-05,0.05,0.638869242255188,31.9434621127594,33.7544652042231,20,1024,Cal3,0.2,1.5,6,1,8.66689940758804e-05,0.0517449721811723,29.0743547068501,21.793147457707,8.33624259485053,3.48994436234462,155.574928093753,0.35,0.275,1024,1018.425,0
native_12_V1,native_12bit_highspeed,V1,12,10.5,4000000,low_CCM_margin,24,0.4,low_CCM,8e-05,0.075,0.638869242255188,47.9151931691391,33.7544652042231,20,1024,Cal3,0.2,1.5,6,1,9.20386658240093e-05,0.0733998763490975,29.800438327061,21.7342114332792,15.0483322800116,-2.13349820120331,183.536472732241,0.3,0.3,1024,1019.55,0
native_12_V1,native_12bit_highspeed,V1,12,10.5,4000000,low_CCM_margin,24,0.4,low_CCM,8e-05,0.1,0.638869242255188,63.8869242255188,33.7544652042231,20,1024,Cal3,0.2,1.5,6,1,8.22121277859427e-05,0.108010569359801,23.7366359670001,21.0489976492744,2.76515973242835,8.01056935980129,272.124241165565,0.375,0.35,1024,1020.675,0
native_12_V1,native_12bit_highspeed,V1,12,10.5,4000000,low_CCM_margin,24,0.4,low_CCM,9e-05,0.05,0.638869242255188,31.9434621127594,30.0039690704206,20,1024,Cal3,0.2,1.5,6,1,0.000101966149825697,0.0475232476811084,26.8183055509304,22.6419025510304,13.2957220285524,-4.95350463778312,132.720434085174,0.275,0.3,1024,1020.55,0
native_12_V1,native_12bit_highspeed,V1,12,10.5,4000000,low_CCM_margin,24,0.4,low_CCM,9e-05,0.075,0.638869242255188,47.9151931691391,30.0039690704206,20,1024,Cal3,0.2,1.5,6,1,9.30246496475815e-05,0.0798483538967436,27.3974544834297,25.4449790666338,3.36072183064615,6.46447186232477,256.400946170167,0.225,0.2,1024,1016.325,0
native_12_V1,native_12bit_highspeed,V1,12,10.5,4000000,low_CCM_margin,24,0.4,low_CCM,9e-05,0.1,0.638869242255188,63.8869242255188,30.0039690704206,20,1024,Cal3,0.2,1.5,6,1,9.56854925438455e-05,0.0996605671255093,23.9104287438538,21.6128140690512,6.31721393760607,-0.339432874490686,234.074797079413,0.325,0.25,1024,1021.375,0
native_12_V1,native_12bit_highspeed,V1,12,10.5,4000000,low_CCM_margin,24,0.4,low_CCM,0.0001,0.05,0.638869242255188,31.9434621127594,27.0035721633785,20,1024,Cal3,0.2,1.5,6,1,0.000100858214132286,0.0535627321698159,23.7207036534619,23.0540307263178,0.85821413228564,7.12546433963179,186.910719425253,0.4,0.4,1024,1017.375,0
native_12_V1,native_12bit_highspeed,V1,12,10.5,4000000,low_CCM_margin,24,0.4,low_CCM,0.0001,0.075,0.638869242255188,47.9151931691391,27.0035721633785,20,1024,Cal3,0.2,1.5,6,1,0.000111437706527083,0.0780265405896278,32.5478161046804,21.4185640759905,11.4377065270827,4.03538745283705,204.865856459228,0.425,0.35,1024,1017.3,0
native_12_V1,native_12bit_highspeed,V1,12,10.5,4000000,low_CCM_margin,24,0.4,low_CCM,0.0001,0.1,0.638869242255188,63.8869242255188,27.0035721633785,20,1024,Cal3,0.2,1.5,6,1,0.000107681124611747,0.102262178572131,28.6714515329971,27.4355872765604,7.68112461174706,2.26217857213078,346.984864122155,0.2,0.175,1024,1021.675,0
native_12_V1,native_12bit_highspeed,V1,12,10.5,4000000,nominal,24,0.4,nominal,8e-05,0.05,2.44849853028756,122.424926514378,130.597606072699,20,1024,Cal3,0.2,1.5,6,1,7.8983083024663e-05,0.0521797965111905,13.7814195587047,16.811732707106,-1.2711462191712,4.35959302238107,284.230018305001,0.175,0.15,226,1021.05,0
native_12_V1,native_12bit_highspeed,V1,12,10.5,4000000,nominal,24,0.4,nominal,8e-05,0.075,2.44849853028756,183.637389771567,130.597606072699,20,1024,Cal3,0.2,1.5,6,1,7.91844145123807e-05,0.0767856805650161,10.603443782591,8.11789526024143,-1.01948185952417,2.38090742002148,175.522720486667,0.45,0.45,226,1022.875,0
native_12_V1,native_12bit_highspeed,V1,12,10.5,4000000,nominal,24,0.4,nominal,8e-05,0.1,2.44849853028756,244.849853028756,130.597606072699,20,1024,Cal3,0.2,1.5,6,1,8.37637881119014e-05,0.099055412982035,14.7546485029942,8.00109058924764,4.70473513987675,-0.944587017965026,188.727259731698,0.25,0.25,226,1023.4,0
native_12_V1,native_12bit_highspeed,V1,12,10.5,4000000,nominal,24,0.4,nominal,9e-05,0.05,2.44849853028756,122.424926514378,116.08676095351,20,1024,Cal3,0.2,1.5,6,1,9.65390875354222e-05,0.0486315438827703,17.2858241062802,15.6283492962806,7.2656528171358,-2.73691223445932,344.928918542665,0.325,0.325,286,1022.2,0
native_12_V1,native_12bit_highspeed,V1,12,10.5,4000000,nominal,24,0.4,nominal,9e-05,0.075,2.44849853028756,183.637389771567,116.08676095351,20,1024,Cal3,0.2,1.5,6,1,9.23897296259733e-05,0.0752664348755981,13.1872706038239,8.45811972877439,2.65525513997038,0.355246500797457,185.503410747188,0.4,0.4,286,1023.325,0
native_12_V1,native_12bit_highspeed,V1,12,10.5,4000000,nominal,24,0.4,nominal,9e-05,0.1,2.44849853028756,244.849853028756,116.08676095351,20,1024,Cal3,0.2,1.5,6,1,9.63219425780949e-05,0.0986702866431884,17.0505393094725,8.42435244388644,7.02438064232764,-1.32971335681163,209.405982710947,0.225,0.2,286,1023.325,0
native_12_V1,native_12bit_highspeed,V1,12,10.5,4000000,nominal,24,0.4,nominal,0.0001,0.05,2.44849853028756,122.424926514378,104.478084858159,20,1024,Cal3,0.2,1.5,6,1,0.000106452266449426,0.0495214468779435,17.7705328486845,13.8593044921033,6.45226644942625,-0.957106244113048,305.611905141507,0.4,0.4,353,1022.3,0
native_12_V1,native_12bit_highspeed,V1,12,10.5,4000000,nominal,24,0.4,nominal,0.0001,0.075,2.44849853028756,183.637389771567,104.478084858159,20,1024,Cal3,0.2,1.5,6,1,0.000104360221471216,0.0748503049048382,16.5090549415778,9.57876435188446,4.36022147121591,-0.19959346021573,225.805088620444,0.3,0.325,353,1023,0
native_12_V1,native_12bit_highspeed,V1,12,10.5,4000000,nominal,24,0.4,nominal,0.0001,0.1,2.44849853028756,244.849853028756,104.478084858159,20,1024,Cal3,0.2,1.5,6,1,9.63423050512858e-05,0.103449839540794,15.9491544451787,8.07419199860817,-3.65769494871419,3.44983954079383,215.001518219867,0.25,0.25,353,1022.15,0
native_12_V1,native_12bit_highspeed,V1,12,10.5,4000000,high_load,24,0.4,high,8e-05,0.05,5.12721956715012,256.360978357506,275.127489992692,20,1024,Cal3,0.2,1.5,6,1,7.98900435266088e-05,0.050479064978093,7.88969134432778,9.04216065162903,-0.137445591739005,0.958129956186093,110.85735281909,0.15,0.15,51,1022.125,0
native_12_V1,native_12bit_highspeed,V1,12,10.5,4000000,high_load,24,0.4,high,8e-05,0.075,5.12721956715012,384.541467536259,275.127489992692,20,1024,Cal3,0.2,1.5,6,1,7.89084738129617e-05,0.0761587088094389,5.65955158385564,4.4270700410544,-1.36440773379792,1.54494507925187,53.4394023576853,0.375,0.375,51,1022.875,0
native_12_V1,native_12bit_highspeed,V1,12,10.5,4000000,high_load,24,0.4,high,8e-05,0.1,5.12721956715012,512.721956715012,275.127489992692,20,1024,Cal3,0.2,1.5,6,1,7.96300737010135e-05,0.0997028813688684,7.87140436046202,1.97018288319249,-0.462407873733128,-0.297118631131632,53.1553998440886,0.15,0.575,51,1022.225,0
native_12_V1,native_12bit_highspeed,V1,12,10.5,4000000,high_load,24,0.4,high,9e-05,0.05,5.12721956715012,256.360978357506,244.557768882392,20,1024,Cal3,0.2,1.5,6,1,9.16887197046296e-05,0.0494581291626721,7.21682715651087,7.20850790361564,1.87635522736627,-1.08374167465587,108.034567066608,0.375,0.375,65,1023.6,0
native_12_V1,native_12bit_highspeed,V1,12,10.5,4000000,high_load,24,0.4,high,9e-05,0.075,5.12721956715012,384.541467536259,244.557768882392,20,1024,Cal3,0.2,1.5,6,1,9.17480488122562e-05,0.0745258879044808,7.36254432747955,5.0125947716926,1.94227645806242,-0.632149460692344,79.3019556703733,0.35,0.35,65,1021.475,0
native_12_V1,native_12bit_highspeed,V1,12,10.5,4000000,high_load,24,0.4,high,9e-05,0.1,5.12721956715012,512.721956715012,244.557768882392,20,1024,Cal3,0.2,1.5,6,1,9.21529381962399e-05,0.0998131042021602,7.75779370147889,1.59433485851049,2.3921535513777,-0.186895797839759,55.8568097010146,0.25,0.75,65,1023.025,0
native_12_V1,native_12bit_highspeed,V1,12,10.5,4000000,high_load,24,0.4,high,0.0001,0.05,5.12721956715012,256.360978357506,220.101991994153,20,1024,Cal3,0.2,1.5,6,1,0.000100158812002068,0.0502829609898601,6.96659878825708,6.31959725453201,0.158812002067865,0.565921979720274,90.7587790081695,0.4,0.4,80,1022.775,0
native_12_V1,native_12bit_highspeed,V1,12,10.5,4000000,high_load,24,0.4,high,0.0001,0.075,5.12721956715012,384.541467536259,220.101991994153,20,1024,Cal3,0.2,1.5,6,1,9.80946538083351e-05,0.0761970549215906,7.06897493279106,4.59068752873093,-1.90534619166495,1.59607322878748,72.0422529504934,0.375,0.375,80,1022.325,0
native_12_V1,native_12bit_highspeed,V1,12,10.5,4000000,high_load,24,0.4,high,0.0001,0.1,5.12721956715012,512.721956715012,220.101991994153,20,1024,Cal3,0.2,1.5,6,1,0.000101907279791929,0.0992523930958097,8.18583122900856,1.78845168459069,1.907279791929,-0.747606904190345,59.1162330415459,0.275,0.675,80,1022.925,0
native_12_V1,native_12bit_highspeed,V1,12,10.5,4000000,high_D,24,0.65,high_D,8e-05,0.05,16.0556944384439,802.784721922195,807.95426949521,20,1024,Cal3,0.2,1.5,6,1,8.0004216987325e-05,0.0499947466804817,0.0907119381564939,0.235558999129395,0.00527123415625663,-0.0105066390365116,0.069731688240238,1,1,6,1023.5,1
native_12_V1,native_12bit_highspeed,V1,12,10.5,4000000,high_D,24,0.65,high_D,8e-05,0.075,16.0556944384439,1204.17708288329,807.95426949521,20,1024,Cal3,0.2,1.5,6,1,7.99930088032058e-05,0.0750181763552281,0.249810607740145,1.77408118947929,-0.00873899599269645,0.0242351403041852,3.32203619074951,0.95,0.75,6,1023.375,1
native_12_V1,native_12bit_highspeed,V1,12,10.5,4000000,high_D,24,0.65,high_D,8e-05,0.1,16.0556944384439,1605.56944384439,807.95426949521,20,1024,Cal3,0.2,1.5,6,1,8.00473163619202e-05,0.0999209670076657,0.185928987255601,0.251750792843578,0.0591454524002666,-0.0790329923342714,0.259535397093001,0.975,1,6,1023.55,1
native_12_V1,native_12bit_highspeed,V1,12,10.5,4000000,high_D,24,0.65,high_D,9e-05,0.05,16.0556944384439,802.784721922195,718.181572884631,20,1024,Cal3,0.2,1.5,6,1,8.98978370989573e-05,0.0500273427019011,0.199929494936181,0.302511102221062,-0.113514334491893,0.0546854038021349,0.389150428464883,0.975,0.975,8,1023.7,1
native_12_V1,native_12bit_highspeed,V1,12,10.5,4000000,high_D,24,0.65,high_D,9e-05,0.075,16.0556944384439,1204.17708288329,718.181572884631,20,1024,Cal3,0.2,1.5,6,1,8.99507932707799e-05,0.0752724404082982,0.237861449362906,1.66815245778776,-0.0546741435779041,0.363253877730951,2.81953063044718,0.975,0.925,8,1023.525,1
native_12_V1,native_12bit_highspeed,V1,12,10.5,4000000,high_D,24,0.65,high_D,9e-05,0.1,16.0556944384439,1605.56944384439,718.181572884631,20,1024,Cal3,0.2,1.5,6,1,9.00060749113094e-05,0.0999499894144009,0.275306785573476,0.285282652961942,0.00674990145483889,-0.050010585599114,0.581933274809738,0.95,1,8,1023.475,1
native_12_V1,native_12bit_highspeed,V1,12,10.5,4000000,high_D,24,0.65,high_D,0.0001,0.05,16.0556944384439,802.784721922195,646.363415596168,20,1024,Cal3,0.2,1.5,6,1,0.000100003595992696,0.0499694527005914,0.206771043913477,0.256987497011639,0.00359599269592614,-0.0610945988171907,0.133569075666007,1,1,10,1023.65,1
native_12_V1,native_12bit_highspeed,V1,12,10.5,4000000,high_D,24,0.65,high_D,0.0001,0.075,16.0556944384439,1204.17708288329,646.363415596168,20,1024,Cal3,0.2,1.5,6,1,9.98638867659613e-05,0.0751223621557613,0.469216138211459,1.63812386621493,-0.136113234038726,0.16314954101504,3.25268013742269,0.95,0.825,10,1023.675,1
native_12_V1,native_12bit_highspeed,V1,12,10.5,4000000,high_D,24,0.65,high_D,0.0001,0.1,16.0556944384439,1605.56944384439,646.363415596168,20,1024,Cal3,0.2,1.5,6,1,0.00010009987458832,0.100028947587624,0.260509499770495,0.296697184667702,0.0998745883195484,0.0289475876238843,0.460777422427245,0.975,1,10,1023.625,1
native_12_V2,native_12bit_highspeed,V2,12,10.5,4000000,low_CCM_margin,24,0.4,low_CCM,8e-05,0.05,0.638869242255188,31.9434621127594,33.7544652042231,20,1024,Cal3,0.2,1.5,6,1,9.08799889149419e-05,0.0498438307903318,29.5656596334218,0.997683805104208,13.5999861436773,-0.312338419336311,125.892270225659,0.675,0.95,1024,1023.625,0
native_12_V2,native_12bit_highspeed,V2,12,10.5,4000000,low_CCM_margin,24,0.4,low_CCM,8e-05,0.075,0.638869242255188,47.9151931691391,33.7544652042231,20,1024,Cal3,0.2,1.5,6,1,9.39633747787537e-05,0.0749123869253424,29.1381488080725,1.50162372930182,17.4542184734422,-0.116817432876759,117.700612215484,0.575,0.725,1024,1023.6,0
native_12_V2,native_12bit_highspeed,V2,12,10.5,4000000,low_CCM_margin,24,0.4,low_CCM,8e-05,0.1,0.638869242255188,63.8869242255188,33.7544652042231,20,1024,Cal3,0.2,1.5,6,1,8.45314601458068e-05,0.0998087636318769,23.4823686409363,0.93028003968229,5.66432518225854,-0.191236368123082,169.359268658873,0.65,0.875,1024,1023.6,0
native_12_V2,native_12bit_highspeed,V2,12,10.5,4000000,low_CCM_margin,24,0.4,low_CCM,9e-05,0.05,0.638869242255188,31.9434621127594,30.0039690704206,20,1024,Cal3,0.2,1.5,6,1,0.000128957431310903,0.049987752498734,56.2897530207374,1.00041658156039,43.2860347898927,-0.0244950025320434,99.5559527699051,0.475,0.925,1024,1023.575,0
native_12_V2,native_12bit_highspeed,V2,12,10.5,4000000,low_CCM_margin,24,0.4,low_CCM,9e-05,0.075,0.638869242255188,47.9151931691391,30.0039690704206,20,1024,Cal3,0.2,1.5,6,1,0.000101989067336874,0.0748097143133226,31.4711275252598,1.51228622450819,13.3211859298604,-0.253714248903225,166.815504958295,0.575,0.675,1024,1023.925,0
native_12_V2,native_12bit_highspeed,V2,12,10.5,4000000,low_CCM_margin,24,0.4,low_CCM,9e-05,0.1,0.638869242255188,63.8869242255188,30.0039690704206,20,1024,Cal3,0.2,1.5,6,1,0.000127935562686032,0.0999063067126515,51.2563068829231,1.01311859398738,42.1506252067027,-0.0936932873484952,71.6031797142166,0.55,0.925,1024,1023.675,0
native_12_V2,native_12bit_highspeed,V2,12,10.5,4000000,low_CCM_margin,24,0.4,low_CCM,0.0001,0.05,0.638869242255188,31.9434621127594,27.0035721633785,20,1024,Cal3,0.2,1.5,6,1,0.000130988008098103,0.0500497289461103,44.9726898334781,0.946461146892417,30.9880080981027,0.0994578922205891,80.976478342341,0.55,0.95,1024,1023.625,0
native_12_V2,native_12bit_highspeed,V2,12,10.5,4000000,low_CCM_margin,24,0.4,low_CCM,0.0001,0.075,0.638869242255188,47.9151931691391,27.0035721633785,20,1024,Cal3,0.2,1.5,6,1,0.000117411010166498,0.0749736022477382,31.0897825366011,1.01615684863069,17.411010166498,-0.0351970030157189,86.0289617662943,0.675,0.8,1024,1023.7,0
native_12_V2,native_12bit_highspeed,V2,12,10.5,4000000,low_CCM_margin,24,0.4,low_CCM,0.0001,0.1,0.638869242255188,63.8869242255188,27.0035721633785,20,1024,Cal3,0.2,1.5,6,1,0.000125703761381677,0.10016354924464,40.5133619367881,0.800046687838705,25.7037613816774,0.163549244639616,131.099890811103,0.575,0.925,1024,1023.625,0
native_12_V2,native_12bit_highspeed,V2,12,10.5,4000000,nominal,24,0.4,nominal,8e-05,0.05,2.44849853028756,122.424926514378,130.597606072699,20,1024,Cal3,0.2,1.5,6,1,7.83556344062533e-05,0.0499366928991208,7.72311577268357,0.539412271011308,-2.05545699218337,-0.126614201758479,78.298538684124,0.55,1,146,1023.475,0
native_12_V2,native_12bit_highspeed,V2,12,10.5,4000000,nominal,24,0.4,nominal,8e-05,0.075,2.44849853028756,183.637389771567,130.597606072699,20,1024,Cal3,0.2,1.5,6,1,7.87799211062059e-05,0.0749260788040972,4.03028722226751,0.359855725566389,-1.52509861724265,-0.0985615945371054,40.8288334888529,0.75,1,146,1023.65,0
native_12_V2,native_12bit_highspeed,V2,12,10.5,4000000,nominal,24,0.4,nominal,8e-05,0.1,2.44849853028756,244.849853028756,130.597606072699,20,1024,Cal3,0.2,1.5,6,1,8.19768458893802e-05,0.0999446280142347,7.87218158275156,0.464232320868179,2.47105736172528,-0.0553719857653401,101.453328327368,0.7,1,146,1023.6,0
native_12_V2,native_12bit_highspeed,V2,12,10.5,4000000,nominal,24,0.4,nominal,9e-05,0.05,2.44849853028756,122.424926514378,116.08676095351,20,1024,Cal3,0.2,1.5,6,1,9.07595605372336e-05,0.0499767163733669,6.19331782352753,0.436938539973464,0.843956152481828,-0.0465672532661721,73.0056152060115,0.775,1,184,1023.65,0
native_12_V2,native_12bit_highspeed,V2,12,10.5,4000000,nominal,24,0.4,nominal,9e-05,0.075,2.44849853028756,183.637389771567,116.08676095351,20,1024,Cal3,0.2,1.5,6,1,9.5306757945858e-05,0.0749914136796474,9.80054149162773,0.37219996895859,5.89639771761994,-0.0114484271368176,118.513775068345,0.675,1,184,1023.725,0
native_12_V2,native_12bit_highspeed,V2,12,10.5,4000000,nominal,24,0.4,nominal,9e-05,0.1,2.44849853028756,244.849853028756,116.08676095351,20,1024,Cal3,0.2,1.5,6,1,9.58520491873852e-05,0.0999440576407768,10.973862384201,0.374141232908332,6.50227687487239,-0.0559423592232045,131.464723932483,0.6,1,184,1023.525,0
native_12_V2,native_12bit_highspeed,V2,12,10.5,4000000,nominal,24,0.4,nominal,0.0001,0.05,2.44849853028756,122.424926514378,104.478084858159,20,1024,Cal3,0.2,1.5,6,1,0.000105963171732506,0.0499646660484433,10.2191591035332,0.549174656437494,5.96317173250631,-0.0706679031133861,120.110097866053,0.725,1,227,1023.45,0
native_12_V2,native_12bit_highspeed,V2,12,10.5,4000000,nominal,24,0.4,nominal,0.0001,0.075,2.44849853028756,183.637389771567,104.478084858159,20,1024,Cal3,0.2,1.5,6,1,0.000103374753406385,0.0750178371728358,8.9393078209386,0.364359954779119,3.374753406385,0.0237828971143994,108.145694913044,0.725,1,227,1023.725,0
native_12_V2,native_12bit_highspeed,V2,12,10.5,4000000,nominal,24,0.4,nominal,0.0001,0.1,2.44849853028756,244.849853028756,104.478084858159,20,1024,Cal3,0.2,1.5,6,1,9.88530215627335e-05,0.100088989381135,9.15165244798345,0.442527687990139,-1.14697843726654,0.088989381134974,104.2194311259,0.625,1,227,1023.55,0
native_12_V2,native_12bit_highspeed,V2,12,10.5,4000000,high_load,24,0.4,high,8e-05,0.05,5.12721956715012,256.360978357506,275.127489992692,20,1024,Cal3,0.2,1.5,6,1,7.91704972752152e-05,0.0499870575365422,4.41004339802262,0.342732882924753,-1.03687840598106,-0.0258849269156314,36.1658549160735,0.65,1,33,1023.65,0
native_12_V2,native_12bit_highspeed,V2,12,10.5,4000000,high_load,24,0.4,high,8e-05,0.075,5.12721956715012,384.541467536259,275.127489992692,20,1024,Cal3,0.2,1.5,6,1,7.89908853105427e-05,0.0750394268233384,2.56562758490965,0.333247484143103,-1.26139336182162,0.0525690977844828,18.3197736851484,0.775,1,33,1023.675,1
native_12_V2,native_12bit_highspeed,V2,12,10.5,4000000,high_load,24,0.4,high,8e-05,0.1,5.12721956715012,512.721956715012,275.127489992692,20,1024,Cal3,0.2,1.5,6,1,7.97312977862009e-05,0.10003788854228,6.51117714244686,0.313216575062307,-0.335877767248849,0.0378885422797071,56.2368821477991,0.5,1,33,1023.5,0
native_12_V2,native_12bit_highspeed,V2,12,10.5,4000000,high_load,24,0.4,high,9e-05,0.05,5.12721956715012,256.360978357506,244.557768882392,20,1024,Cal3,0.2,1.5,6,1,9.15287013780861e-05,0.0499766012803881,5.97560341398138,0.345695278622048,1.69855708676236,-0.0467974392237114,55.8268598257248,0.6,1,42,1023.625,0
native_12_V2,native_12bit_highspeed,V2,12,10.5,4000000,high_load,24,0.4,high,9e-05,0.075,5.12721956715012,384.541467536259,244.557768882392,20,1024,Cal3,0.2,1.5,6,1,9.15739748035482e-05,0.0750890387274895,4.27874839044069,0.39327010246111,1.74886089283128,0.118718303319376,40.4963498794544,0.725,1,42,1023.6,0
native_12_V2,native_12bit_highspeed,V2,12,10.5,4000000,high_load,24,0.4,high,9e-05,0.1,5.12721956715012,512.721956715012,244.557768882392,20,1024,Cal3,0.2,1.5,6,1,9.11413546548813e-05,0.10005685908772,5.51582458984179,0.226706815892895,1.26817183875703,0.0568590877201736,51.1899402432478,0.6,1,42,1023.7,0
native_12_V2,native_12bit_highspeed,V2,12,10.5,4000000,high_load,24,0.4,high,0.0001,0.05,5.12721956715012,256.360978357506,220.101991994153,20,1024,Cal3,0.2,1.5,6,1,9.93366920176578e-05,0.04993688856373,3.10813774126861,0.323258488159366,-0.663307982342165,-0.126222872540049,28.6102585208342,0.8,1,52,1023.625,0
native_12_V2,native_12bit_highspeed,V2,12,10.5,4000000,high_load,24,0.4,high,0.0001,0.075,5.12721956715012,384.541467536259,220.101991994153,20,1024,Cal3,0.2,1.5,6,1,9.90951972931433e-05,0.0749595237367764,4.85945520919296,0.304000438819496,-0.904802706856733,-0.0539683509648614,48.8526279667102,0.7,1,52,1023.725,0
native_12_V2,native_12bit_highspeed,V2,12,10.5,4000000,high_load,24,0.4,high,0.0001,0.1,5.12721956715012,512.721956715012,220.101991994153,20,1024,Cal3,0.2,1.5,6,1,0.000102055595299705,0.099964158765328,5.81178222127344,0.27265980593185,2.0555952997052,-0.0358412346720294,65.6428494172583,0.7,1,52,1023.525,0
native_12_V2,native_12bit_highspeed,V2,12,10.5,4000000,high_D,24,0.65,high_D,8e-05,0.05,16.0556944384439,802.784721922195,807.95426949521,20,1024,Cal3,0.2,1.5,6,1,7.99929422919977e-05,0.0499849702911719,1.4412722813716,0.261644908448015,-0.00882213500289497,-0.0300594176561697,2.61783476591816,0.675,1,4,1023.55,1
native_12_V2,native_12bit_highspeed,V2,12,10.5,4000000,high_D,24,0.65,high_D,8e-05,0.075,16.0556944384439,1204.17708288329,807.95426949521,20,1024,Cal3,0.2,1.5,6,1,8.01054241363814e-05,0.0750182225536692,1.68429896115742,0.233329597103668,0.13178017047677,0.0242967382255266,3.16646785226266,0.6,1,4,1023.65,1
native_12_V2,native_12bit_highspeed,V2,12,10.5,4000000,high_D,24,0.65,high_D,8e-05,0.1,16.0556944384439,1605.56944384439,807.95426949521,20,1024,Cal3,0.2,1.5,6,1,7.96911411525432e-05,0.0999387480902567,1.76024385487847,0.202484033795462,-0.386073559320954,-0.0612519097433206,3.65208225790077,0.6,1,4,1023.625,1
native_12_V2,native_12bit_highspeed,V2,12,10.5,4000000,high_D,24,0.65,high_D,9e-05,0.05,16.0556944384439,802.784721922195,718.181572884631,20,1024,Cal3,0.2,1.5,6,1,9.00419475624691e-05,0.0499925866071973,1.15042594006617,0.270912275667055,0.0466084027434421,-0.0148267856053375,2.19783414838373,0.725,1,5,1023.775,1
native_12_V2,native_12bit_highspeed,V2,12,10.5,4000000,high_D,24,0.65,high_D,9e-05,0.075,16.0556944384439,1204.17708288329,718.181572884631,20,1024,Cal3,0.2,1.5,6,1,9.01161046856663e-05,0.0750203168570413,1.12504508715529,0.249450261686777,0.129005206295929,0.0270891427216924,1.88878383441974,0.85,1,5,1023.475,1
native_12_V2,native_12bit_highspeed,V2,12,10.5,4000000,high_D,24,0.65,high_D,9e-05,0.1,16.0556944384439,1605.56944384439,718.181572884631,20,1024,Cal3,0.2,1.5,6,1,8.9885101290676e-05,0.0999341094493183,1.08347495804144,0.256132980626667,-0.127665232582275,-0.065890550681702,1.57291231097556,0.85,1,5,1023.725,1
native_12_V2,native_12bit_highspeed,V2,12,10.5,4000000,high_D,24,0.65,high_D,0.0001,0.05,16.0556944384439,802.784721922195,646.363415596168,20,1024,Cal3,0.2,1.5,6,1,0.000100005164904796,0.0499806787025727,0.125961026058203,0.262242772969573,0.0051649047958513,-0.0386425948546987,0.0968442251078259,1,1,6,1023.85,1
native_12_V2,native_12bit_highspeed,V2,12,10.5,4000000,high_D,24,0.65,high_D,0.0001,0.075,16.0556944384439,1204.17708288329,646.363415596168,20,1024,Cal3,0.2,1.5,6,1,0.00010002710064159,0.0749782128972219,0.149461259518781,0.273237409356657,0.0271006415903274,-0.0290494703708566,0.112052461073156,1,1,6,1023.6,1
native_12_V2,native_12bit_highspeed,V2,12,10.5,4000000,high_D,24,0.65,high_D,0.0001,0.1,16.0556944384439,1605.56944384439,646.363415596168,20,1024,Cal3,0.2,1.5,6,1,9.99784316231421e-05,0.100027880692267,0.132362230824409,0.261178207271229,-0.0215683768578723,0.0278806922673791,0.084208289342527,1,1,6,1023.8,1
native_12_V3,native_12bit_highspeed,V3,12,10.5,4000000,low_CCM_margin,24,0.4,low_CCM,8e-05,0.05,0.638869242255188,31.9434621127594,33.7544652042231,20,1024,Cal3,0.2,1.5,6,1,7.97994382630321e-05,0.0499815997116903,1.02140589903969,1.67608341530285,-0.250702171209827,-0.0368005766193669,1.65690689318,1,0.95,709,1023.45,1
native_12_V3,native_12bit_highspeed,V3,12,10.5,4000000,low_CCM_margin,24,0.4,low_CCM,8e-05,0.075,0.638869242255188,47.9151931691391,33.7544652042231,20,1024,Cal3,0.2,1.5,6,1,7.98240432785871e-05,0.0753561116110972,0.837318723583787,1.81818316741091,-0.219945901766128,0.474815481462976,3.04181304557348,1,0.8,709,1021.475,1
native_12_V3,native_12bit_highspeed,V3,12,10.5,4000000,low_CCM_margin,24,0.4,low_CCM,8e-05,0.1,0.638869242255188,63.8869242255188,33.7544652042231,20,1024,Cal3,0.2,1.5,6,1,8.02551330451698e-05,0.0984059533453841,0.957996737075879,5.1772894711078,0.31891630646228,-1.59404665461588,22.5636675226369,1,0.35,709,1023.2,0
native_12_V3,native_12bit_highspeed,V3,12,10.5,4000000,low_CCM_margin,24,0.4,low_CCM,9e-05,0.05,0.638869242255188,31.9434621127594,30.0039690704206,20,1024,Cal3,0.2,1.5,6,1,9.00747736066056e-05,0.0499817482253861,1.01631212815545,1.47786521167504,0.0830817851172672,-0.0365035492278953,1.36885057626253,1,0.95,897,1023.45,1
native_12_V3,native_12bit_highspeed,V3,12,10.5,4000000,low_CCM_margin,24,0.4,low_CCM,9e-05,0.075,0.638869242255188,47.9151931691391,30.0039690704206,20,1024,Cal3,0.2,1.5,6,1,9.01364867788704e-05,0.0746130351404593,1.21963045972206,1.68630688718985,0.151651976522649,-0.51595314605426,2.64286542136187,0.975,0.825,897,1023.1,1
native_12_V3,native_12bit_highspeed,V3,12,10.5,4000000,low_CCM_margin,24,0.4,low_CCM,9e-05,0.1,0.638869242255188,63.8869242255188,30.0039690704206,20,1024,Cal3,0.2,1.5,6,1,8.985642389472e-05,0.0991478549846336,1.15836834311144,6.78425410530765,-0.159529005866677,-0.852145015366368,47.770210081882,1,0.3,897,1022.15,0
native_12_V3,native_12bit_highspeed,V3,12,10.5,4000000,low_CCM_margin,24,0.4,low_CCM,0.0001,0.05,0.638869242255188,31.9434621127594,27.0035721633785,20,1024,Cal3,0.2,1.5,6,1,9.96539107191182e-05,0.0501035098164476,1.4325800379866,1.63942176254507,-0.346089280881856,0.207019632895156,2.07817885178169,0.975,0.925,1024,1023.575,1
native_12_V3,native_12bit_highspeed,V3,12,10.5,4000000,low_CCM_margin,24,0.4,low_CCM,0.0001,0.075,0.638869242255188,47.9151931691391,27.0035721633785,20,1024,Cal3,0.2,1.5,6,1,0.00010007561815528,0.0748710068736304,1.2640104466126,1.37417197161954,0.075618155279833,-0.171990835159419,1.91997222723222,1,0.925,1024,1023.175,1
native_12_V3,native_12bit_highspeed,V3,12,10.5,4000000,low_CCM_margin,24,0.4,low_CCM,0.0001,0.1,0.638869242255188,63.8869242255188,27.0035721633785,20,1024,Cal3,0.2,1.5,6,1,9.99115493701181e-05,0.0998525554235693,1.29100453261136,4.60870490939651,-0.0884506298819532,-0.147444576430666,21.4452829252681,0.95,0.375,1024,1021.85,1
native_12_V3,native_12bit_highspeed,V3,12,10.5,4000000,nominal,24,0.4,nominal,8e-05,0.05,2.44849853028756,122.424926514378,130.597606072699,20,1024,Cal3,0.2,1.5,6,1,8.30014819552778e-05,0.0484012544476346,7.80140904829248,8.07495012709907,3.75185244409724,-3.1974911047308,125.82252789219,0.3,0.3,48,1022.975,0
native_12_V3,native_12bit_highspeed,V3,12,10.5,4000000,nominal,24,0.4,nominal,8e-05,0.075,2.44849853028756,183.637389771567,130.597606072699,20,1024,Cal3,0.2,1.5,6,1,8.16571062086792e-05,0.0740563928469807,4.79748004030856,3.5135290689871,2.07138276084902,-1.25814287069242,55.4339001434123,0.575,0.575,48,1023.275,0
native_12_V3,native_12bit_highspeed,V3,12,10.5,4000000,nominal,24,0.4,nominal,8e-05,0.1,2.44849853028756,244.849853028756,130.597606072699,20,1024,Cal3,0.2,1.5,6,1,7.97536061099271e-05,0.100515172669562,6.70344863461671,3.60822160634806,-0.30799236259117,0.515172669562181,51.3666055296049,0.25,0.25,48,1023.7,0
native_12_V3,native_12bit_highspeed,V3,12,10.5,4000000,nominal,24,0.4,nominal,9e-05,0.05,2.44849853028756,122.424926514378,116.08676095351,20,1024,Cal3,0.2,1.5,6,1,8.92405647054859e-05,0.0507331173289897,5.21398033700956,5.23109650423441,-0.8438169939046,1.46623465797944,70.9328013553179,0.5,0.5,60,1022.925,0
native_12_V3,native_12bit_highspeed,V3,12,10.5,4000000,nominal,24,0.4,nominal,9e-05,0.075,2.44849853028756,183.637389771567,116.08676095351,20,1024,Cal3,0.2,1.5,6,1,9.00278539876781e-05,0.0753791980531624,6.99924665864002,4.56895172798489,0.0309488751979003,0.505597404216496,67.0657948632051,0.325,0.325,60,1023.525,0
native_12_V3,native_12bit_highspeed,V3,12,10.5,4000000,nominal,24,0.4,nominal,9e-05,0.1,2.44849853028756,244.849853028756,116.08676095351,20,1024,Cal3,0.2,1.5,6,1,8.75257317287314e-05,0.101828281926491,7.70146799329874,3.89969331141358,-2.74918696807621,1.8282819264908,74.3289866789156,0.3,0.3,60,1023.575,0
native_12_V3,native_12bit_highspeed,V3,12,10.5,4000000,nominal,24,0.4,nominal,0.0001,0.05,2.44849853028756,122.424926514378,104.478084858159,20,1024,Cal3,0.2,1.5,6,1,9.9510771808302e-05,0.0505486137978582,5.99495239382553,5.65937314835082,-0.489228191698032,1.09722759571642,84.6664253572179,0.5,0.5,74,1023.3,0
native_12_V3,native_12bit_highspeed,V3,12,10.5,4000000,nominal,24,0.4,nominal,0.0001,0.075,2.44849853028756,183.637389771567,104.478084858159,20,1024,Cal3,0.2,1.5,6,1,9.88685344080341e-05,0.0759531033599866,6.8419865193703,4.17794221619068,-1.13146559196586,1.27080447998218,82.849216472101,0.475,0.475,74,1023.475,0
native_12_V3,native_12bit_highspeed,V3,12,10.5,4000000,nominal,24,0.4,nominal,0.0001,0.1,2.44849853028756,244.849853028756,104.478084858159,20,1024,Cal3,0.2,1.5,6,1,0.000103709199238749,0.0988368629847971,8.48859866954755,3.60106413620413,3.70919923874928,-1.16313701520286,81.2556527449613,0.325,0.325,74,1023.075,0
native_12_V3,native_12bit_highspeed,V3,12,10.5,4000000,high_load,24,0.4,high,8e-05,0.05,5.12721956715012,256.360978357506,275.127489992692,20,1024,Cal3,0.2,1.5,6,1,8.01390977574526e-05,0.0498787858838173,2.69717157507063,3.97113896899765,0.173872196815705,-0.242428232365466,22.349708364336,0.325,0.25,11,1023.575,1
native_12_V3,native_12bit_highspeed,V3,12,10.5,4000000,high_load,24,0.4,high,8e-05,0.075,5.12721956715012,384.541467536259,275.127489992692,20,1024,Cal3,0.2,1.5,6,1,8.05882843235646e-05,0.0750227222400697,1.88007586962029,0.247985530504021,0.735355404455795,0.0302963200929263,4.8192843507764,0.575,1,11,1023.55,1
native_12_V3,native_12bit_highspeed,V3,12,10.5,4000000,high_load,24,0.4,high,8e-05,0.1,5.12721956715012,512.721956715012,275.127489992692,20,1024,Cal3,0.2,1.5,6,1,8.02913765289827e-05,0.099715801785947,2.55524112873605,2.03224933141269,0.364220661228321,-0.284198214052978,11.29765664546,0.425,0.525,11,1023.1,1
native_12_V3,native_12bit_highspeed,V3,12,10.5,4000000,high_load,24,0.4,high,9e-05,0.05,5.12721956715012,256.360978357506,244.557768882392,20,1024,Cal3,0.2,1.5,6,1,9.03526326914066e-05,0.0499041449004271,3.8203771881942,3.81833438864576,0.391814101562904,-0.191710199145845,27.5674064842047,0.25,0.25,14,1023.475,0
native_12_V3,native_12bit_highspeed,V3,12,10.5,4000000,high_load,24,0.4,high,9e-05,0.075,5.12721956715012,384.541467536259,244.557768882392,20,1024,Cal3,0.2,1.5,6,1,8.93878428046858e-05,0.0750765338850889,3.41118588464102,0.28427760676612,-0.680174661460264,0.102045180118515,13.1043690090514,0.35,1,14,1023.5,0
native_12_V3,native_12bit_highspeed,V3,12,10.5,4000000,high_load,24,0.4,high,9e-05,0.1,5.12721956715012,512.721956715012,244.557768882392,20,1024,Cal3,0.2,1.5,6,1,8.8918259476617e-05,0.100722676362489,3.3526006988856,1.7947883608854,-1.20193391486997,0.722676362488794,15.2814409676832,0.325,0.675,14,1023.1,0
native_12_V3,native_12bit_highspeed,V3,12,10.5,4000000,high_load,24,0.4,high,0.0001,0.05,5.12721956715012,256.360978357506,220.101991994153,20,1024,Cal3,0.2,1.5,6,1,0.000100576736522599,0.0497927175969681,2.98746980407307,2.64440742226173,0.576736522598842,-0.414564806063855,17.7221124590693,0.425,0.425,17,1023.3,1
native_12_V3,native_12bit_highspeed,V3,12,10.5,4000000,high_load,24,0.4,high,0.0001,0.075,5.12721956715012,384.541467536259,220.101991994153,20,1024,Cal3,0.2,1.5,6,1,0.000101154496604084,0.0749196725073796,2.67316025575001,0.260179165022368,1.15449660408373,-0.107103323493918,10.2118266783373,0.525,1,17,1023.55,1
native_12_V3,native_12bit_highspeed,V3,12,10.5,4000000,high_load,24,0.4,high,0.0001,0.1,5.12721956715012,512.721956715012,220.101991994153,20,1024,Cal3,0.2,1.5,6,1,0.0001004063273905,0.0998030108080688,3.06514082595231,1.47267326631592,0.406327390499595,-0.196989191931241,12.40734511155,0.4,0.725,17,1022.975,0
native_12_V3,native_12bit_highspeed,V3,12,10.5,4000000,high_D,24,0.65,high_D,8e-05,0.05,16.0556944384439,802.784721922195,807.95426949521,20,1024,Cal3,0.2,1.5,6,1,7.99535835186294e-05,0.0500267411922387,0.120626084017943,0.285735232889215,-0.0580206017132601,0.0534823844774213,0.181987714677146,1,1,2,1023.5,1
native_12_V3,native_12bit_highspeed,V3,12,10.5,4000000,high_D,24,0.65,high_D,8e-05,0.075,16.0556944384439,1204.17708288329,807.95426949521,20,1024,Cal3,0.2,1.5,6,1,8.00323029923936e-05,0.0749673376273939,0.252619761155223,0.285489630529591,0.040378740492053,-0.0435498301415094,0.286290561328387,1,1,2,1023.45,1
native_12_V3,native_12bit_highspeed,V3,12,10.5,4000000,high_D,24,0.65,high_D,8e-05,0.1,16.0556944384439,1605.56944384439,807.95426949521,20,1024,Cal3,0.2,1.5,6,1,7.99906442705997e-05,0.099981231746044,0.136374429265812,0.276042422196984,-0.0116946617503277,-0.0187682539560252,0.171682889715725,1,1,2,1023.075,1
native_12_V3,native_12bit_highspeed,V3,12,10.5,4000000,high_D,24,0.65,high_D,9e-05,0.05,16.0556944384439,802.784721922195,718.181572884631,20,1024,Cal3,0.2,1.5,6,1,9.00049284067761e-05,0.0499959889355706,0.189227418441642,0.312296104483261,0.00547600752895949,-0.00802212885886444,0.225484167761146,1,1,2,1023.45,1
native_12_V3,native_12bit_highspeed,V3,12,10.5,4000000,high_D,24,0.65,high_D,9e-05,0.075,16.0556944384439,1204.17708288329,718.181572884631,20,1024,Cal3,0.2,1.5,6,1,8.99938502375309e-05,0.0750654436988061,0.132179671923751,0.237460297288594,-0.00683306941013928,0.0872582650747855,0.105114982959231,1,1,2,1023.075,1
native_12_V3,native_12bit_highspeed,V3,12,10.5,4000000,high_D,24,0.65,high_D,9e-05,0.1,16.0556944384439,1605.56944384439,718.181572884631,20,1024,Cal3,0.2,1.5,6,1,8.993271271701e-05,0.099983322096299,0.19939185383486,0.289936267779945,-0.0747636477666735,-0.0166779037009679,0.237669789433234,1,1,2,1023.675,1
native_12_V3,native_12bit_highspeed,V3,12,10.5,4000000,high_D,24,0.65,high_D,0.0001,0.05,16.0556944384439,802.784721922195,646.363415596168,20,1024,Cal3,0.2,1.5,6,1,0.000100113848725118,0.0500117277784937,1.34347541148378,0.277460287989675,0.113848725117904,0.0234555569873729,2.19855233357063,0.85,1,2,1023.45,1
native_12_V3,native_12bit_highspeed,V3,12,10.5,4000000,high_D,24,0.65,high_D,0.0001,0.075,16.0556944384439,1204.17708288329,646.363415596168,20,1024,Cal3,0.2,1.5,6,1,0.000100248237912863,0.0749218259454,1.15163671039715,0.319390564057483,0.24823791286257,-0.104232072800003,1.50936410506394,0.95,1,2,1023.075,1
native_12_V3,native_12bit_highspeed,V3,12,10.5,4000000,high_D,24,0.65,high_D,0.0001,0.1,16.0556944384439,1605.56944384439,646.363415596168,20,1024,Cal3,0.2,1.5,6,1,9.97282188579505e-05,0.0999916211142431,1.13234891935791,0.256269802053333,-0.271781142049543,-0.00837888575688783,1.70677806410591,0.9,1,2,1023.7,1
native_16_V2,native_16bit_slow,V2,16,13.5,1100000,low_CCM_margin,24,0.4,low_CCM,8e-05,0.05,0.638869242255188,31.9434621127594,33.7544652042231,20,1024,Cal3,0.2,2,3,1,7.97976612867433e-05,0.0499854765362465,1.07775039861838,0.36516094177742,-0.252923391570858,-0.0290469275069372,2.41173246288081,0.875,1,61,1023.4,1
native_16_V2,native_16bit_slow,V2,16,13.5,1100000,low_CCM_margin,24,0.4,low_CCM,8e-05,0.075,0.638869242255188,47.9151931691391,33.7544652042231,20,1024,Cal3,0.2,2,3,1,8.02695103557238e-05,0.0749885905409869,1.21389970005374,0.25259588984629,0.33688794465474,-0.0152126120174567,2.86188825872063,0.75,1,61,1023.475,1
native_16_V2,native_16bit_slow,V2,16,13.5,1100000,low_CCM_margin,24,0.4,low_CCM,8e-05,0.1,0.638869242255188,63.8869242255188,33.7544652042231,20,1024,Cal3,0.2,2,3,1,8.01696832655868e-05,0.100029685926474,1.44060376079712,0.206180509817151,0.212104081983511,0.0296859264744542,3.74393178968833,0.775,1,61,1023.4,1
native_16_V2,native_16bit_slow,V2,16,13.5,1100000,low_CCM_margin,24,0.4,low_CCM,9e-05,0.05,0.638869242255188,31.9434621127594,30.0039690704206,20,1024,Cal3,0.2,2,3,1,9.02104291847341e-05,0.0499460506855293,1.4696372161206,0.275480475650963,0.233810205260054,-0.107898628941305,3.87963853920902,0.8,1,77,1023.5,1
native_16_V2,native_16bit_slow,V2,16,13.5,1100000,low_CCM_margin,24,0.4,low_CCM,9e-05,0.075,0.638869242255188,47.9151931691391,30.0039690704206,20,1024,Cal3,0.2,2,3,1,8.91895035941925e-05,0.0749721429249677,1.88854152971341,0.298141197927132,-0.900551562008289,-0.0371427667096857,6.08735323923387,0.725,1,77,1023.8,1
native_16_V2,native_16bit_slow,V2,16,13.5,1100000,low_CCM_margin,24,0.4,low_CCM,9e-05,0.1,0.638869242255188,63.8869242255188,30.0039690704206,20,1024,Cal3,0.2,2,3,1,9.0285388057631e-05,0.0999953190080845,2.49465635881735,0.265794369580678,0.317097841812197,-0.00468099191551774,9.0923184642007,0.65,1,77,1023.65,1
native_16_V2,native_16bit_slow,V2,16,13.5,1100000,low_CCM_margin,24,0.4,low_CCM,0.0001,0.05,0.638869242255188,31.9434621127594,27.0035721633785,20,1024,Cal3,0.2,2,3,1,0.000100986339322539,0.0500352833474975,2.73687422145609,0.416750890057201,0.986339322539243,0.0705666949949446,11.954130147802,0.725,1,95,1023.475,1
native_16_V2,native_16bit_slow,V2,16,13.5,1100000,low_CCM_margin,24,0.4,low_CCM,0.0001,0.075,0.638869242255188,47.9151931691391,27.0035721633785,20,1024,Cal3,0.2,2,3,1,9.95018328445144e-05,0.0749940442545567,2.141158803576,0.308963048681542,-0.498167155485585,-0.0079409939243491,8.31365346275828,0.75,1,95,1023.625,1
native_16_V2,native_16bit_slow,V2,16,13.5,1100000,low_CCM_margin,24,0.4,low_CCM,0.0001,0.1,0.638869242255188,63.8869242255188,27.0035721633785,20,1024,Cal3,0.2,2,3,1,9.94676567572969e-05,0.100097126200759,2.60394236894262,0.268674802802668,-0.532343242703104,0.0971262007594564,10.1648669153733,0.65,1,95,1023.55,1
native_16_V2,native_16bit_slow,V2,16,13.5,1100000,nominal,24,0.4,nominal,8e-05,0.05,2.44849853028756,122.424926514378,130.597606072699,20,1024,Cal3,0.2,2,3,1,8.00543841689588e-05,0.0500372080260058,0.254372994709466,0.196194039695134,0.0679802111984928,0.0744160520115722,0.158136349756717,1,1,5,1023.375,1
native_16_V2,native_16bit_slow,V2,16,13.5,1100000,nominal,24,0.4,nominal,8e-05,0.075,2.44849853028756,183.637389771567,130.597606072699,20,1024,Cal3,0.2,2,3,1,8.00623756726431e-05,0.0749689155266064,0.247567690610855,0.189497008116884,0.0779695908038391,-0.0414459645248777,0.167592683533221,1,1,5,1023.45,1
native_16_V2,native_16bit_slow,V2,16,13.5,1100000,nominal,24,0.4,nominal,8e-05,0.1,2.44849853028756,244.849853028756,130.597606072699,20,1024,Cal3,0.2,2,3,1,8.01072291941909e-05,0.0999736185820899,0.267294966001757,0.216040669236638,0.134036492738554,-0.0263814179101041,0.185879202156284,1,1,5,1023.55,1
native_16_V2,native_16bit_slow,V2,16,13.5,1100000,nominal,24,0.4,nominal,9e-05,0.05,2.44849853028756,122.424926514378,116.08676095351,20,1024,Cal3,0.2,2,3,1,8.99067075199376e-05,0.0500185273015242,0.265746444691987,0.21965014365497,-0.10365831118041,0.0370546030483476,0.225591426221832,1,1,6,1023.425,1
native_16_V2,native_16bit_slow,V2,16,13.5,1100000,nominal,24,0.4,nominal,9e-05,0.075,2.44849853028756,183.637389771567,116.08676095351,20,1024,Cal3,0.2,2,3,1,8.99527822134201e-05,0.0750232108061918,0.292098853187738,0.204357185496089,-0.0524642073110426,0.0309477415890047,0.198081687391361,1,1,6,1023.575,1
native_16_V2,native_16bit_slow,V2,16,13.5,1100000,nominal,24,0.4,nominal,9e-05,0.1,2.44849853028756,244.849853028756,116.08676095351,20,1024,Cal3,0.2,2,3,1,9.00772447702582e-05,0.0999877181380253,0.34444751317525,0.209540621811022,0.0858275225091409,-0.0122818619746723,0.282634819936599,1,1,6,1023.55,1
native_16_V2,native_16bit_slow,V2,16,13.5,1100000,nominal,24,0.4,nominal,0.0001,0.05,2.44849853028756,122.424926514378,104.478084858159,20,1024,Cal3,0.2,2,3,1,0.000100052759370919,0.0499693092433415,0.55479306673117,0.246328264895884,0.0527593709192642,-0.061381513317027,0.698063029529478,0.95,1,7,1023.3,1
native_16_V2,native_16bit_slow,V2,16,13.5,1100000,nominal,24,0.4,nominal,0.0001,0.075,2.44849853028756,183.637389771567,104.478084858159,20,1024,Cal3,0.2,2,3,1,0.000100076142944042,0.0750302347663711,0.512163092586529,0.207144873339862,0.0761429440423456,0.0403130218280978,0.63674772015346,0.95,1,7,1023.625,1
native_16_V2,native_16bit_slow,V2,16,13.5,1100000,nominal,24,0.4,nominal,0.0001,0.1,2.44849853028756,244.849853028756,104.478084858159,20,1024,Cal3,0.2,2,3,1,0.00010014207379225,0.099978951874141,0.644804214843096,0.207350778142393,0.142073792250486,-0.0210481258590578,0.796411149838739,0.95,1,7,1023.625,1
native_16_V2,native_16bit_slow,V2,16,13.5,1100000,high_load,24,0.4,high,8e-05,0.05,5.12721956715012,256.360978357506,275.127489992692,20,1024,Cal3,0.2,2,3,1,8.0040477793269e-05,0.0499859010548542,0.313136282470906,0.194727282437303,0.0505972415862921,-0.0281978902916147,0.187034108297115,1,1,1,1023.5,1
native_16_V2,native_16bit_slow,V2,16,13.5,1100000,high_load,24,0.4,high,8e-05,0.075,5.12721956715012,384.541467536259,275.127489992692,20,1024,Cal3,0.2,2,3,1,7.99965423028787e-05,0.075054596478981,0.196533331853227,0.207594777017678,-0.00432212140162314,0.0727953053080155,0.122931066445296,1,1,1,1023.6,1
native_16_V2,native_16bit_slow,V2,16,13.5,1100000,high_load,24,0.4,high,8e-05,0.1,5.12721956715012,512.721956715012,275.127489992692,20,1024,Cal3,0.2,2,3,1,7.99760495728807e-05,0.100003909236663,0.328771557368494,0.169464085524524,-0.029938033899124,0.00390923666253595,0.186312440999344,1,1,1,1023.35,1
native_16_V2,native_16bit_slow,V2,16,13.5,1100000,high_load,24,0.4,high,9e-05,0.05,5.12721956715012,256.360978357506,244.557768882392,20,1024,Cal3,0.2,2,3,1,9.00553483406871e-05,0.0499649605211802,0.155788439709768,0.187119163899168,0.0614981563189509,-0.0700789576396521,0.0870907767854088,1,1,2,1023.425,1
native_16_V2,native_16bit_slow,V2,16,13.5,1100000,high_load,24,0.4,high,9e-05,0.075,5.12721956715012,384.541467536259,244.557768882392,20,1024,Cal3,0.2,2,3,1,8.99825605791709e-05,0.0750809784271131,0.128832379853906,0.240021314873403,-0.0193771342545168,0.107971236150761,0.0934533568377716,1,1,2,1023.55,1
native_16_V2,native_16bit_slow,V2,16,13.5,1100000,high_load,24,0.4,high,9e-05,0.1,5.12721956715012,512.721956715012,244.557768882392,20,1024,Cal3,0.2,2,3,1,8.99866106337593e-05,0.100027426238608,0.165557284798579,0.219425228438734,-0.0148770736008275,0.0274262386078972,0.0927149113091758,1,1,2,1023.475,1
native_16_V2,native_16bit_slow,V2,16,13.5,1100000,high_load,24,0.4,high,0.0001,0.05,5.12721956715012,256.360978357506,220.101991994153,20,1024,Cal3,0.2,2,3,1,0.000100077134430019,0.0499656403351016,0.156851599861083,0.204303501786157,0.0771344300194432,-0.0687193297967292,0.0907779884913278,1,1,2,1023.4,1
native_16_V2,native_16bit_slow,V2,16,13.5,1100000,high_load,24,0.4,high,0.0001,0.075,5.12721956715012,384.541467536259,220.101991994153,20,1024,Cal3,0.2,2,3,1,0.000100043512436008,0.0749558103342141,0.241838957444614,0.201737270318366,0.0435124360083305,-0.0589195543811649,0.151828210322879,1,1,2,1023.525,1
native_16_V2,native_16bit_slow,V2,16,13.5,1100000,high_load,24,0.4,high,0.0001,0.1,5.12721956715012,512.721956715012,220.101991994153,20,1024,Cal3,0.2,2,3,1,0.000100056264189153,0.0998928250939112,0.257961410397064,0.248596696271063,0.0562641891529658,-0.107174906088769,0.184223281302425,1,1,2,1023.475,1
native_16_V2,native_16bit_slow,V2,16,13.5,1100000,high_D,24,0.65,high_D,8e-05,0.05,16.0556944384439,802.784721922195,807.95426949521,20,1024,Cal3,0.2,2,3,1,8.00132417147346e-05,0.0499941802427129,0.0884297816219162,0.219826094496312,0.0165521434182248,-0.0116395145742909,0.0608065196431733,1,1,1,1023.45,1
native_16_V2,native_16bit_slow,V2,16,13.5,1100000,high_D,24,0.65,high_D,8e-05,0.075,16.0556944384439,1204.17708288329,807.95426949521,20,1024,Cal3,0.2,2,3,1,7.99959109029529e-05,0.0749932497865064,0.0991212568375821,0.203322512111957,-0.00511137130883021,-0.00900028465813385,0.0615358568177105,1,1,1,1023.475,1
native_16_V2,native_16bit_slow,V2,16,13.5,1100000,high_D,24,0.65,high_D,8e-05,0.1,16.0556944384439,1605.56944384439,807.95426949521,20,1024,Cal3,0.2,2,3,1,7.99779322052704e-05,0.0999747342559549,0.110248871956613,0.210856001980603,-0.0275847434119791,-0.0252657440451109,0.0579685624244433,1,1,1,1023.675,1
native_16_V2,native_16bit_slow,V2,16,13.5,1100000,high_D,24,0.65,high_D,9e-05,0.05,16.0556944384439,802.784721922195,718.181572884631,20,1024,Cal3,0.2,2,3,1,8.99834168511357e-05,0.0500012381319822,0.0875707880527632,0.25852141567234,-0.0184257209603689,0.00247626396436829,0.0765337431125853,1,1,1,1023.6,1
native_16_V2,native_16bit_slow,V2,16,13.5,1100000,high_D,24,0.65,high_D,9e-05,0.075,16.0556944384439,1204.17708288329,718.181572884631,20,1024,Cal3,0.2,2,3,1,9.0020686424431e-05,0.0750192778740296,0.112578761472629,0.186315169738558,0.0229849160344298,0.0257038320394365,0.0492315656947683,1,1,1,1023.375,1
native_16_V2,native_16bit_slow,V2,16,13.5,1100000,high_D,24,0.65,high_D,9e-05,0.1,16.0556944384439,1605.56944384439,718.181572884631,20,1024,Cal3,0.2,2,3,1,8.99901161227879e-05,0.0999506824415711,0.0939255931549379,0.219782350952144,-0.0109820857911891,-0.0493175584289185,0.0578394960459162,1,1,1,1023.575,1
native_16_V2,native_16bit_slow,V2,16,13.5,1100000,high_D,24,0.65,high_D,0.0001,0.05,16.0556944384439,802.784721922195,646.363415596168,20,1024,Cal3,0.2,2,3,1,0.000100011338087248,0.049987005947979,0.151897746599369,0.22523264412718,0.0113380872481583,-0.0259881040419185,0.0815871854413782,1,1,1,1023.65,1
native_16_V2,native_16bit_slow,V2,16,13.5,1100000,high_D,24,0.65,high_D,0.0001,0.075,16.0556944384439,1204.17708288329,646.363415596168,20,1024,Cal3,0.2,2,3,1,0.000100011473581248,0.0749742935060624,0.122107928825105,0.239260058295332,0.0114735812477118,-0.0342753252501882,0.0835463075744799,1,1,1,1023.5,1
native_16_V2,native_16bit_slow,V2,16,13.5,1100000,high_D,24,0.65,high_D,0.0001,0.1,16.0556944384439,1605.56944384439,646.363415596168,20,1024,Cal3,0.2,2,3,1,9.99647035886332e-05,0.100022888069076,0.123090336612219,0.210365206966832,-0.0352964113668142,0.0228880690757771,0.0623839502835957,1,1,1,1023.75,1
external_14_V2,external_14bit_reference,V2,14,12,5000000,low_CCM_margin,24,0.4,low_CCM,8e-05,0.05,0.638869242255188,31.9434621127594,33.7544652042231,20,1024,Cal3,0.2,1.5,8,1,7.98405583553895e-05,0.0499596830923535,6.1616743901354,0.402204997549061,-0.199302055763073,-0.0806338152930408,56.9874788557438,0.75,1,284,1023.275,0
external_14_V2,external_14bit_reference,V2,14,12,5000000,low_CCM_margin,24,0.4,low_CCM,8e-05,0.075,0.638869242255188,47.9151931691391,33.7544652042231,20,1024,Cal3,0.2,1.5,8,1,8.01803006948989e-05,0.075008255282549,5.33718561185032,0.311100704116474,0.225375868623634,0.0110070433985809,46.6699352883171,0.75,1,284,1023.4,0
external_14_V2,external_14bit_reference,V2,14,12,5000000,low_CCM_margin,24,0.4,low_CCM,8e-05,0.1,0.638869242255188,63.8869242255188,33.7544652042231,20,1024,Cal3,0.2,1.5,8,1,7.83431901378059e-05,0.100027511967243,5.1014991690303,0.256507745040553,-2.07101232774269,0.0275119672434876,51.0212368618626,0.75,1,284,1023.375,0
external_14_V2,external_14bit_reference,V2,14,12,5000000,low_CCM_margin,24,0.4,low_CCM,9e-05,0.05,0.638869242255188,31.9434621127594,30.0039690704206,20,1024,Cal3,0.2,1.5,8,1,9.38445745347137e-05,0.0499452357521947,8.45607947155122,0.323587387241244,4.27174948301523,-0.109528495610589,72.1984721106871,0.725,1,359,1023.275,0
external_14_V2,external_14bit_reference,V2,14,12,5000000,low_CCM_margin,24,0.4,low_CCM,9e-05,0.075,0.638869242255188,47.9151931691391,30.0039690704206,20,1024,Cal3,0.2,1.5,8,1,8.89467446089479e-05,0.0749451169266321,7.60879829374066,0.332090480635518,-1.17028376783569,-0.0731774311572009,74.3515221448226,0.7,1,359,1023.725,0
external_14_V2,external_14bit_reference,V2,14,12,5000000,low_CCM_margin,24,0.4,low_CCM,9e-05,0.1,0.638869242255188,63.8869242255188,30.0039690704206,20,1024,Cal3,0.2,1.5,8,1,9.40335344289502e-05,0.0999994807300331,7.34065865704639,0.329329760630301,4.48170492105573,-0.00051926996693652,61.1150478216937,0.75,1,359,1023.575,0
external_14_V2,external_14bit_reference,V2,14,12,5000000,low_CCM_margin,24,0.4,low_CCM,0.0001,0.05,0.638869242255188,31.9434621127594,27.0035721633785,20,1024,Cal3,0.2,1.5,8,1,0.000102469722931143,0.0500208193499768,7.01871723908974,0.401707621432786,2.469722931143,0.0416386999536833,48.0777721173331,0.7,1,443,1023.4,0
external_14_V2,external_14bit_reference,V2,14,12,5000000,low_CCM_margin,24,0.4,low_CCM,0.0001,0.075,0.638869242255188,47.9151931691391,27.0035721633785,20,1024,Cal3,0.2,1.5,8,1,0.00010028776082661,0.0750018628354617,5.20734853784258,0.349399179285322,0.287760826610084,0.00248378061553645,39.6114001083839,0.775,1,443,1023.55,0
external_14_V2,external_14bit_reference,V2,14,12,5000000,low_CCM_margin,24,0.4,low_CCM,0.0001,0.1,0.638869242255188,63.8869242255188,27.0035721633785,20,1024,Cal3,0.2,1.5,8,1,0.000100512550767118,0.100099592361989,7.46220721206605,0.329672095473434,0.512550767117781,0.0995923619892425,64.8658454995598,0.7,1,443,1023.35,0
external_14_V2,external_14bit_reference,V2,14,12,5000000,nominal,24,0.4,nominal,8e-05,0.05,2.44849853028756,122.424926514378,130.597606072699,20,1024,Cal3,0.2,1.5,8,1,8.06563409369509e-05,0.0500332370895197,1.4548293909717,0.241624874432607,0.820426171188582,0.0664741790393109,5.33668498218068,0.8,1,19,1023.175,1
external_14_V2,external_14bit_reference,V2,14,12,5000000,nominal,24,0.4,nominal,8e-05,0.075,2.44849853028756,183.637389771567,130.597606072699,20,1024,Cal3,0.2,1.5,8,1,7.9942575295887e-05,0.0749553791926898,1.04316210732753,0.199005632796218,-0.0717808801413033,-0.0594944097469186,3.83980147071682,0.825,1,19,1023.3,1
external_14_V2,external_14bit_reference,V2,14,12,5000000,nominal,24,0.4,nominal,8e-05,0.1,2.44849853028756,244.849853028756,130.597606072699,20,1024,Cal3,0.2,1.5,8,1,8.01347625983824e-05,0.0999663756635607,0.720401677112885,0.226663314928925,0.168453247978007,-0.0336243364392752,2.08688318654165,0.9,1,19,1023.4,1
external_14_V2,external_14bit_reference,V2,14,12,5000000,nominal,24,0.4,nominal,9e-05,0.05,2.44849853028756,122.424926514378,116.08676095351,20,1024,Cal3,0.2,1.5,8,1,9.00832350896783e-05,0.0500127287084553,0.653995550741377,0.239985755529571,0.0924834329758761,0.0254574169106681,2.17951873204185,0.95,1,24,1023.25,1
external_14_V2,external_14bit_reference,V2,14,12,5000000,nominal,24,0.4,nominal,9e-05,0.075,2.44849853028756,183.637389771567,116.08676095351,20,1024,Cal3,0.2,1.5,8,1,9.01861939445801e-05,0.0750190695853301,1.4466136669314,0.227658073124305,0.206882160644506,0.0254261137733858,5.19878883026559,0.8,1,24,1023.525,1
external_14_V2,external_14bit_reference,V2,14,12,5000000,nominal,24,0.4,nominal,9e-05,0.1,2.44849853028756,244.849853028756,116.08676095351,20,1024,Cal3,0.2,1.5,8,1,8.95589275499596e-05,0.0999791163549808,1.88557194574296,0.221748026864579,-0.490080500044943,-0.0208836450192207,7.78429445096001,0.75,1,24,1023.45,1
external_14_V2,external_14bit_reference,V2,14,12,5000000,nominal,24,0.4,nominal,0.0001,0.05,2.44849853028756,122.424926514378,104.478084858159,20,1024,Cal3,0.2,1.5,8,1,0.000100365878021233,0.0499642866739821,1.84346219437117,0.256383320022881,0.365878021233135,-0.071426652035822,8.78055123464508,0.775,1,30,1023.125,1
external_14_V2,external_14bit_reference,V2,14,12,5000000,nominal,24,0.4,nominal,0.0001,0.075,2.44849853028756,183.637389771567,104.478084858159,20,1024,Cal3,0.2,1.5,8,1,0.000100199246544109,0.0750240538426899,2.05665146333955,0.217820813445157,0.199246544109122,0.032071790253152,9.92970211078451,0.725,1,30,1023.375,1
external_14_V2,external_14bit_reference,V2,14,12,5000000,nominal,24,0.4,nominal,0.0001,0.1,2.44849853028756,244.849853028756,104.478084858159,20,1024,Cal3,0.2,1.5,8,1,0.000100613427641877,0.099988714731642,2.7576724496321,0.219453249296086,0.613427641877129,-0.01128526835803,13.2974770317478,0.65,1,30,1023.3,1
external_14_V2,external_14bit_reference,V2,14,12,5000000,high_load,24,0.4,high,8e-05,0.05,5.12721956715012,256.360978357506,275.127489992692,20,1024,Cal3,0.2,1.5,8,1,7.97899165229558e-05,0.0499867201183645,0.888995625830213,0.213587938325324,-0.262604346305206,-0.0265597632709724,1.66410948009968,0.775,1,5,1023.375,1
external_14_V2,external_14bit_reference,V2,14,12,5000000,high_load,24,0.4,high,8e-05,0.075,5.12721956715012,384.541467536259,275.127489992692,20,1024,Cal3,0.2,1.5,8,1,7.97931001367595e-05,0.075057511536193,0.556413497507213,0.216585566158313,-0.258624829050647,0.0766820482573261,1.03197661298768,0.875,1,5,1023.45,1
external_14_V2,external_14bit_reference,V2,14,12,5000000,high_load,24,0.4,high,8e-05,0.1,5.12721956715012,512.721956715012,275.127489992692,20,1024,Cal3,0.2,1.5,8,1,7.99188693536396e-05,0.10001385407476,1.43903322239259,0.172749075564201,-0.101413307950537,0.0138540747597782,3.18793857193554,0.625,1,5,1023.275,1
external_14_V2,external_14bit_reference,V2,14,12,5000000,high_load,24,0.4,high,9e-05,0.05,5.12721956715012,256.360978357506,244.557768882392,20,1024,Cal3,0.2,1.5,8,1,9.02007628043512e-05,0.0499654790905812,1.46272109487714,0.206643004829812,0.223069782612417,-0.0690418188375341,3.51918815467918,0.675,1,6,1023.3,1
external_14_V2,external_14bit_reference,V2,14,12,5000000,high_load,24,0.4,high,9e-05,0.075,5.12721956715012,384.541467536259,244.557768882392,20,1024,Cal3,0.2,1.5,8,1,9.02923993459329e-05,0.0750796627061403,1.11273227908542,0.257316644927662,0.324888162147619,0.106216941520398,2.7145706259324,0.725,1,6,1023.5,1
external_14_V2,external_14bit_reference,V2,14,12,5000000,high_load,24,0.4,high,9e-05,0.1,5.12721956715012,512.721956715012,244.557768882392,20,1024,Cal3,0.2,1.5,8,1,9.01338629948827e-05,0.100025440742556,1.3948800114317,0.201547438319232,0.148736660980786,0.0254407425562597,3.53629746258747,0.675,1,6,1023.425,1
external_14_V2,external_14bit_reference,V2,14,12,5000000,high_load,24,0.4,high,0.0001,0.05,5.12721956715012,256.360978357506,220.101991994153,20,1024,Cal3,0.2,1.5,8,1,9.97228008624807e-05,0.0499654835681335,0.768140095135781,0.212606821349266,-0.277199137519324,-0.0690328637330651,1.86890333942274,0.875,1,7,1023.3,1
external_14_V2,external_14bit_reference,V2,14,12,5000000,high_load,24,0.4,high,0.0001,0.075,5.12721956715012,384.541467536259,220.101991994153,20,1024,Cal3,0.2,1.5,8,1,9.97911092805455e-05,0.0749632175224813,0.723374853562598,0.209524695248489,-0.20889071945448,-0.0490433033583093,1.7303571260182,0.875,1,7,1023.45,1
external_14_V2,external_14bit_reference,V2,14,12,5000000,high_load,24,0.4,high,0.0001,0.1,5.12721956715012,512.721956715012,220.101991994153,20,1024,Cal3,0.2,1.5,8,1,9.98137303883553e-05,0.0999046748023733,0.957401832697481,0.238926957861784,-0.18626961164474,-0.0953251976267167,2.22702047218903,0.8,1,7,1023.4,1
external_14_V2,external_14bit_reference,V2,14,12,5000000,high_D,24,0.65,high_D,8e-05,0.05,16.0556944384439,802.784721922195,807.95426949521,20,1024,Cal3,0.2,1.5,8,1,7.99795868364868e-05,0.04999311052408,0.165676990832234,0.219719977918714,-0.0255164543914943,-0.0137789518400711,0.103888656199974,1,1,1,1023.4,1
external_14_V2,external_14bit_reference,V2,14,12,5000000,high_D,24,0.65,high_D,8e-05,0.075,16.0556944384439,1204.17708288329,807.95426949521,20,1024,Cal3,0.2,1.5,8,1,8.00453292025777e-05,0.0749976412876715,0.198902171301408,0.208112660996252,0.0566615032221218,-0.00314494977130542,0.112411327442145,1,1,1,1023.175,1
external_14_V2,external_14bit_reference,V2,14,12,5000000,high_D,24,0.65,high_D,8e-05,0.1,16.0556944384439,1605.56944384439,807.95426949521,20,1024,Cal3,0.2,1.5,8,1,7.99757038438811e-05,0.0999689718670002,0.175893077618792,0.205275774978763,-0.0303701951486102,-0.0310281329997886,0.101015151971279,1,1,1,1023.475,1
external_14_V2,external_14bit_reference,V2,14,12,5000000,high_D,24,0.65,high_D,9e-05,0.05,16.0556944384439,802.784721922195,718.181572884631,20,1024,Cal3,0.2,1.5,8,1,8.99532248843443e-05,0.0500003175051818,0.40619800739699,0.255480757339022,-0.0519723507285463,0.000635010363625454,0.270041347743685,1,1,1,1023.4,1
external_14_V2,external_14bit_reference,V2,14,12,5000000,high_D,24,0.65,high_D,9e-05,0.075,16.0556944384439,1204.17708288329,718.181572884631,20,1024,Cal3,0.2,1.5,8,1,8.99695365983792e-05,0.0750181965588014,0.398496133641043,0.196564913185645,-0.0338482240231142,0.0242620784018488,0.233716713425169,1,1,1,1023.275,1
external_14_V2,external_14bit_reference,V2,14,12,5000000,high_D,24,0.65,high_D,9e-05,0.1,16.0556944384439,1605.56944384439,718.181572884631,20,1024,Cal3,0.2,1.5,8,1,9.00180664221292e-05,0.0999479886576015,0.38855184003918,0.226202082049838,0.0200738023657943,-0.052011342398528,0.226349067037254,1,1,1,1023.5,1
external_14_V2,external_14bit_reference,V2,14,12,5000000,high_D,24,0.65,high_D,0.0001,0.05,16.0556944384439,802.784721922195,646.363415596168,20,1024,Cal3,0.2,1.5,8,1,9.99688195633488e-05,0.0499857116295947,0.136429202439043,0.235498620500478,-0.0311804366511792,-0.0285767408106596,0.0897864425437153,1,1,1,1023.525,1
external_14_V2,external_14bit_reference,V2,14,12,5000000,high_D,24,0.65,high_D,0.0001,0.075,16.0556944384439,1204.17708288329,646.363415596168,20,1024,Cal3,0.2,1.5,8,1,9.99875993980316e-05,0.0749736165379415,0.164793078537119,0.23880254750134,-0.0124006019684542,-0.0351779494113469,0.110692216506592,1,1,1,1023.4,1
external_14_V2,external_14bit_reference,V2,14,12,5000000,high_D,24,0.65,high_D,0.0001,0.1,16.0556944384439,1605.56944384439,646.363415596168,20,1024,Cal3,0.2,1.5,8,1,9.9962093818454e-05,0.100024551924984,0.151359007679613,0.219886342628749,-0.037906181545988,0.0245519249843396,0.0970455981422098,1,1,1,1023.575,1
external_16_V2,external_16bit_reference,V2,16,13.5,5000000,low_CCM_margin,24,0.4,low_CCM,8e-05,0.05,0.638869242255188,31.9434621127594,33.7544652042231,20,1024,Cal3,0.2,1.5,8,1,7.97976612867433e-05,0.0499854765362465,1.07775039861838,0.36516094177742,-0.252923391570858,-0.0290469275069372,2.41173246288081,0.875,1,61,1023.4,1
external_16_V2,external_16bit_reference,V2,16,13.5,5000000,low_CCM_margin,24,0.4,low_CCM,8e-05,0.075,0.638869242255188,47.9151931691391,33.7544652042231,20,1024,Cal3,0.2,1.5,8,1,8.02695103557238e-05,0.0749885905409869,1.21389970005374,0.25259588984629,0.33688794465474,-0.0152126120174567,2.86188825872063,0.75,1,61,1023.475,1
external_16_V2,external_16bit_reference,V2,16,13.5,5000000,low_CCM_margin,24,0.4,low_CCM,8e-05,0.1,0.638869242255188,63.8869242255188,33.7544652042231,20,1024,Cal3,0.2,1.5,8,1,8.01696832655868e-05,0.100029685926474,1.44060376079712,0.206180509817151,0.212104081983511,0.0296859264744542,3.74393178968833,0.775,1,61,1023.4,1
external_16_V2,external_16bit_reference,V2,16,13.5,5000000,low_CCM_margin,24,0.4,low_CCM,9e-05,0.05,0.638869242255188,31.9434621127594,30.0039690704206,20,1024,Cal3,0.2,1.5,8,1,9.02104291847341e-05,0.0499460506855293,1.4696372161206,0.275480475650963,0.233810205260054,-0.107898628941305,3.87963853920902,0.8,1,77,1023.5,1
external_16_V2,external_16bit_reference,V2,16,13.5,5000000,low_CCM_margin,24,0.4,low_CCM,9e-05,0.075,0.638869242255188,47.9151931691391,30.0039690704206,20,1024,Cal3,0.2,1.5,8,1,8.91895035941925e-05,0.0749721429249677,1.88854152971341,0.298141197927132,-0.900551562008289,-0.0371427667096857,6.08735323923387,0.725,1,77,1023.8,1
external_16_V2,external_16bit_reference,V2,16,13.5,5000000,low_CCM_margin,24,0.4,low_CCM,9e-05,0.1,0.638869242255188,63.8869242255188,30.0039690704206,20,1024,Cal3,0.2,1.5,8,1,9.0285388057631e-05,0.0999953190080845,2.49465635881735,0.265794369580678,0.317097841812197,-0.00468099191551774,9.0923184642007,0.65,1,77,1023.65,1
external_16_V2,external_16bit_reference,V2,16,13.5,5000000,low_CCM_margin,24,0.4,low_CCM,0.0001,0.05,0.638869242255188,31.9434621127594,27.0035721633785,20,1024,Cal3,0.2,1.5,8,1,0.000100986339322539,0.0500352833474975,2.73687422145609,0.416750890057201,0.986339322539243,0.0705666949949446,11.954130147802,0.725,1,95,1023.475,1
external_16_V2,external_16bit_reference,V2,16,13.5,5000000,low_CCM_margin,24,0.4,low_CCM,0.0001,0.075,0.638869242255188,47.9151931691391,27.0035721633785,20,1024,Cal3,0.2,1.5,8,1,9.95018328445144e-05,0.0749940442545567,2.141158803576,0.308963048681542,-0.498167155485585,-0.0079409939243491,8.31365346275828,0.75,1,95,1023.625,1
external_16_V2,external_16bit_reference,V2,16,13.5,5000000,low_CCM_margin,24,0.4,low_CCM,0.0001,0.1,0.638869242255188,63.8869242255188,27.0035721633785,20,1024,Cal3,0.2,1.5,8,1,9.94676567572969e-05,0.100097126200759,2.60394236894262,0.268674802802668,-0.532343242703104,0.0971262007594564,10.1648669153733,0.65,1,95,1023.55,1
external_16_V2,external_16bit_reference,V2,16,13.5,5000000,nominal,24,0.4,nominal,8e-05,0.05,2.44849853028756,122.424926514378,130.597606072699,20,1024,Cal3,0.2,1.5,8,1,8.00543841689588e-05,0.0500372080260058,0.254372994709466,0.196194039695134,0.0679802111984928,0.0744160520115722,0.158136349756717,1,1,5,1023.375,1
external_16_V2,external_16bit_reference,V2,16,13.5,5000000,nominal,24,0.4,nominal,8e-05,0.075,2.44849853028756,183.637389771567,130.597606072699,20,1024,Cal3,0.2,1.5,8,1,8.00623756726431e-05,0.0749689155266064,0.247567690610855,0.189497008116884,0.0779695908038391,-0.0414459645248777,0.167592683533221,1,1,5,1023.45,1
external_16_V2,external_16bit_reference,V2,16,13.5,5000000,nominal,24,0.4,nominal,8e-05,0.1,2.44849853028756,244.849853028756,130.597606072699,20,1024,Cal3,0.2,1.5,8,1,8.01072291941909e-05,0.0999736185820899,0.267294966001757,0.216040669236638,0.134036492738554,-0.0263814179101041,0.185879202156284,1,1,5,1023.55,1
external_16_V2,external_16bit_reference,V2,16,13.5,5000000,nominal,24,0.4,nominal,9e-05,0.05,2.44849853028756,122.424926514378,116.08676095351,20,1024,Cal3,0.2,1.5,8,1,8.99067075199376e-05,0.0500185273015242,0.265746444691987,0.21965014365497,-0.10365831118041,0.0370546030483476,0.225591426221832,1,1,6,1023.425,1
external_16_V2,external_16bit_reference,V2,16,13.5,5000000,nominal,24,0.4,nominal,9e-05,0.075,2.44849853028756,183.637389771567,116.08676095351,20,1024,Cal3,0.2,1.5,8,1,8.99527822134201e-05,0.0750232108061918,0.292098853187738,0.204357185496089,-0.0524642073110426,0.0309477415890047,0.198081687391361,1,1,6,1023.575,1
external_16_V2,external_16bit_reference,V2,16,13.5,5000000,nominal,24,0.4,nominal,9e-05,0.1,2.44849853028756,244.849853028756,116.08676095351,20,1024,Cal3,0.2,1.5,8,1,9.00772447702582e-05,0.0999877181380253,0.34444751317525,0.209540621811022,0.0858275225091409,-0.0122818619746723,0.282634819936599,1,1,6,1023.55,1
external_16_V2,external_16bit_reference,V2,16,13.5,5000000,nominal,24,0.4,nominal,0.0001,0.05,2.44849853028756,122.424926514378,104.478084858159,20,1024,Cal3,0.2,1.5,8,1,0.000100052759370919,0.0499693092433415,0.55479306673117,0.246328264895884,0.0527593709192642,-0.061381513317027,0.698063029529478,0.95,1,7,1023.3,1
external_16_V2,external_16bit_reference,V2,16,13.5,5000000,nominal,24,0.4,nominal,0.0001,0.075,2.44849853028756,183.637389771567,104.478084858159,20,1024,Cal3,0.2,1.5,8,1,0.000100076142944042,0.0750302347663711,0.512163092586529,0.207144873339862,0.0761429440423456,0.0403130218280978,0.63674772015346,0.95,1,7,1023.625,1
external_16_V2,external_16bit_reference,V2,16,13.5,5000000,nominal,24,0.4,nominal,0.0001,0.1,2.44849853028756,244.849853028756,104.478084858159,20,1024,Cal3,0.2,1.5,8,1,0.00010014207379225,0.099978951874141,0.644804214843096,0.207350778142393,0.142073792250486,-0.0210481258590578,0.796411149838739,0.95,1,7,1023.625,1
external_16_V2,external_16bit_reference,V2,16,13.5,5000000,high_load,24,0.4,high,8e-05,0.05,5.12721956715012,256.360978357506,275.127489992692,20,1024,Cal3,0.2,1.5,8,1,8.0040477793269e-05,0.0499859010548542,0.313136282470906,0.194727282437303,0.0505972415862921,-0.0281978902916147,0.187034108297115,1,1,1,1023.5,1
external_16_V2,external_16bit_reference,V2,16,13.5,5000000,high_load,24,0.4,high,8e-05,0.075,5.12721956715012,384.541467536259,275.127489992692,20,1024,Cal3,0.2,1.5,8,1,7.99965423028787e-05,0.075054596478981,0.196533331853227,0.207594777017678,-0.00432212140162314,0.0727953053080155,0.122931066445296,1,1,1,1023.6,1
external_16_V2,external_16bit_reference,V2,16,13.5,5000000,high_load,24,0.4,high,8e-05,0.1,5.12721956715012,512.721956715012,275.127489992692,20,1024,Cal3,0.2,1.5,8,1,7.99760495728807e-05,0.100003909236663,0.328771557368494,0.169464085524524,-0.029938033899124,0.00390923666253595,0.186312440999344,1,1,1,1023.35,1
external_16_V2,external_16bit_reference,V2,16,13.5,5000000,high_load,24,0.4,high,9e-05,0.05,5.12721956715012,256.360978357506,244.557768882392,20,1024,Cal3,0.2,1.5,8,1,9.00553483406871e-05,0.0499649605211802,0.155788439709768,0.187119163899168,0.0614981563189509,-0.0700789576396521,0.0870907767854088,1,1,2,1023.425,1
external_16_V2,external_16bit_reference,V2,16,13.5,5000000,high_load,24,0.4,high,9e-05,0.075,5.12721956715012,384.541467536259,244.557768882392,20,1024,Cal3,0.2,1.5,8,1,8.99825605791709e-05,0.0750809784271131,0.128832379853906,0.240021314873403,-0.0193771342545168,0.107971236150761,0.0934533568377716,1,1,2,1023.55,1
external_16_V2,external_16bit_reference,V2,16,13.5,5000000,high_load,24,0.4,high,9e-05,0.1,5.12721956715012,512.721956715012,244.557768882392,20,1024,Cal3,0.2,1.5,8,1,8.99866106337593e-05,0.100027426238608,0.165557284798579,0.219425228438734,-0.0148770736008275,0.0274262386078972,0.0927149113091758,1,1,2,1023.475,1
external_16_V2,external_16bit_reference,V2,16,13.5,5000000,high_load,24,0.4,high,0.0001,0.05,5.12721956715012,256.360978357506,220.101991994153,20,1024,Cal3,0.2,1.5,8,1,0.000100077134430019,0.0499656403351016,0.156851599861083,0.204303501786157,0.0771344300194432,-0.0687193297967292,0.0907779884913278,1,1,2,1023.4,1
external_16_V2,external_16bit_reference,V2,16,13.5,5000000,high_load,24,0.4,high,0.0001,0.075,5.12721956715012,384.541467536259,220.101991994153,20,1024,Cal3,0.2,1.5,8,1,0.000100043512436008,0.0749558103342141,0.241838957444614,0.201737270318366,0.0435124360083305,-0.0589195543811649,0.151828210322879,1,1,2,1023.525,1
external_16_V2,external_16bit_reference,V2,16,13.5,5000000,high_load,24,0.4,high,0.0001,0.1,5.12721956715012,512.721956715012,220.101991994153,20,1024,Cal3,0.2,1.5,8,1,0.000100056264189153,0.0998928250939112,0.257961410397064,0.248596696271063,0.0562641891529658,-0.107174906088769,0.184223281302425,1,1,2,1023.475,1
external_16_V2,external_16bit_reference,V2,16,13.5,5000000,high_D,24,0.65,high_D,8e-05,0.05,16.0556944384439,802.784721922195,807.95426949521,20,1024,Cal3,0.2,1.5,8,1,8.00132417147346e-05,0.0499941802427129,0.0884297816219162,0.219826094496312,0.0165521434182248,-0.0116395145742909,0.0608065196431733,1,1,1,1023.45,1
external_16_V2,external_16bit_reference,V2,16,13.5,5000000,high_D,24,0.65,high_D,8e-05,0.075,16.0556944384439,1204.17708288329,807.95426949521,20,1024,Cal3,0.2,1.5,8,1,7.99959109029529e-05,0.0749932497865064,0.0991212568375821,0.203322512111957,-0.00511137130883021,-0.00900028465813385,0.0615358568177105,1,1,1,1023.475,1
external_16_V2,external_16bit_reference,V2,16,13.5,5000000,high_D,24,0.65,high_D,8e-05,0.1,16.0556944384439,1605.56944384439,807.95426949521,20,1024,Cal3,0.2,1.5,8,1,7.99779322052704e-05,0.0999747342559549,0.110248871956613,0.210856001980603,-0.0275847434119791,-0.0252657440451109,0.0579685624244433,1,1,1,1023.675,1
external_16_V2,external_16bit_reference,V2,16,13.5,5000000,high_D,24,0.65,high_D,9e-05,0.05,16.0556944384439,802.784721922195,718.181572884631,20,1024,Cal3,0.2,1.5,8,1,8.99834168511357e-05,0.0500012381319822,0.0875707880527632,0.25852141567234,-0.0184257209603689,0.00247626396436829,0.0765337431125853,1,1,1,1023.6,1
external_16_V2,external_16bit_reference,V2,16,13.5,5000000,high_D,24,0.65,high_D,9e-05,0.075,16.0556944384439,1204.17708288329,718.181572884631,20,1024,Cal3,0.2,1.5,8,1,9.0020686424431e-05,0.0750192778740296,0.112578761472629,0.186315169738558,0.0229849160344298,0.0257038320394365,0.0492315656947683,1,1,1,1023.375,1
external_16_V2,external_16bit_reference,V2,16,13.5,5000000,high_D,24,0.65,high_D,9e-05,0.1,16.0556944384439,1605.56944384439,718.181572884631,20,1024,Cal3,0.2,1.5,8,1,8.99901161227879e-05,0.0999506824415711,0.0939255931549379,0.219782350952144,-0.0109820857911891,-0.0493175584289185,0.0578394960459162,1,1,1,1023.575,1
external_16_V2,external_16bit_reference,V2,16,13.5,5000000,high_D,24,0.65,high_D,0.0001,0.05,16.0556944384439,802.784721922195,646.363415596168,20,1024,Cal3,0.2,1.5,8,1,0.000100011338087248,0.049987005947979,0.151897746599369,0.22523264412718,0.0113380872481583,-0.0259881040419185,0.0815871854413782,1,1,1,1023.65,1
external_16_V2,external_16bit_reference,V2,16,13.5,5000000,high_D,24,0.65,high_D,0.0001,0.075,16.0556944384439,1204.17708288329,646.363415596168,20,1024,Cal3,0.2,1.5,8,1,0.000100011473581248,0.0749742935060624,0.122107928825105,0.239260058295332,0.0114735812477118,-0.0342753252501882,0.0835463075744799,1,1,1,1023.5,1
external_16_V2,external_16bit_reference,V2,16,13.5,5000000,high_D,24,0.65,high_D,0.0001,0.1,16.0556944384439,1605.56944384439,646.363415596168,20,1024,Cal3,0.2,1.5,8,1,9.99647035886332e-05,0.100022888069076,0.123090336612219,0.210365206966832,-0.0352964113668142,0.0228880690757771,0.0623839502835957,1,1,1,1023.75,1
