operating_case,Vin_V,D,Rload_Ohm,ESL_nH,jitter_rms_ns,absolute_voltage_delay_ns,seed_count,pass_probability,C_MAPE_mean_percent,C_MAPE_p95_percent,ESR_MAPE_mean_percent,ESR_MAPE_p95_percent,NEES_param_mean,CI_C_95_coverage,CI_ESR_95_coverage,meets_95_percent_boundary
nominal,24,0.4,10,1,0,0,20,1,0.397049495052025,0.935806685969426,0.387970419349611,0.764213013278225,1.6765462569725,1,1,1
nominal,24,0.4,10,1,0,50,20,1,0.408189566520512,0.896679639521158,0.923256654209758,1.68957217128919,4.1300604881423,1,0.7,1
nominal,24,0.4,10,1,0,100,20,1,0.782805380636852,1.4460137477693,1.98436266350807,2.82889455997049,12.1028419554948,1,0.05,1
nominal,24,0.4,10,1,0,150,20,0.55,2.02859176043383,4.33386337737058,2.86344211522274,4.01988001060003,22.2191315759911,0.5,0,0
nominal,24,0.4,10,1,0,200,20,0.45,3.51562971122638,7.21875829894201,3.44678470815622,4.99722996729047,48.5880821555837,0.5,0,0
nominal,24,0.4,10,1,0,250,20,0,5.03333689744723,11.2486043562748,4.03844121965061,6.05455352368212,86.1007786630863,0.5,0,0
nominal,24,0.4,10,1,0,300,20,0,5.2945542604165,11.6175299873278,5.05900359524362,7.31147858124804,107.260694188585,0.5,0,0
nominal,24,0.4,10,1,0,400,20,0,3.75374977365752,10.8948095524349,9.28528492382037,10.1092766065322,187.557459695214,0.55,0,0
nominal,24,0.4,10,1,0,500,20,0,2.89976312172855,5.96110285116711,20.8355496912663,30.6633056897092,318.322958585102,0.5,0,0
nominal,24,0.4,10,1,20,0,20,1,0.35851629483355,1.01232720293953,0.41548908501306,0.798098494940469,1.66801626994273,1,1,1
nominal,24,0.4,10,1,20,50,20,1,0.432851908556344,0.957447817206714,0.864575069501443,1.75196018298966,4.22600431275358,1,0.9,1
nominal,24,0.4,10,1,20,100,20,1,0.906465647251644,1.86785204146365,1.93999542480802,2.88384729192623,12.2757613618723,0.95,0.15,1
nominal,24,0.4,10,1,20,150,20,0.5,2.12734440226525,4.40960935770226,2.82144633531129,4.06525362410841,22.5287191356241,0.5,0,0
nominal,24,0.4,10,1,20,200,20,0.45,3.42377862447356,7.04747613984936,3.38535849604444,5.00364843366557,46.7124160075632,0.5,0,0
nominal,24,0.4,10,1,20,250,20,0,4.86053306441425,10.4828719260444,4.03550357590428,6.00494485462795,83.3221387065063,0.5,0,0
nominal,24,0.4,10,1,20,300,20,0,4.48223353786189,10.92440073198,5.21723242078432,7.27886068837141,98.3555938431445,0.5,0,0
nominal,24,0.4,10,1,20,400,20,0,1.50184153756132,3.85547887587157,9.06630471077183,9.65072544013568,145.243636027077,0.65,0,0
nominal,24,0.4,10,1,20,500,20,0,2.8129691669084,6.16540183561009,20.0588784820141,29.9777872324034,304.803126070543,0.5,0,0
nominal,24,0.4,10,1,50,0,20,1,0.225670115645318,0.801892277625627,0.463147583532393,0.892090030059312,1.66064815669249,1,1,1
nominal,24,0.4,10,1,50,50,20,1,0.596421099585635,1.47432515661352,0.833453498817368,1.83147832309205,4.44503921771681,1,0.85,1
nominal,24,0.4,10,1,50,100,20,1,1.0180623061571,2.04596333723434,1.95777903370779,3.16066467769269,12.2353278441853,0.85,0.25,1
nominal,24,0.4,10,1,50,150,20,0.55,2.28459508488834,4.8189912325129,2.74994773869801,4.10173001432396,23.4308781182546,0.5,0.05,0
nominal,24,0.4,10,1,50,200,20,0.45,3.32409512019151,6.86888392735125,3.38992009694848,5.04109918782132,42.1691635147464,0.5,0,0
nominal,24,0.4,10,1,50,250,20,0,4.47775852803653,9.57250571164271,4.0995998393505,5.96548100240325,73.7897150141436,0.5,0,0
nominal,24,0.4,10,1,50,300,20,0.05,3.37632677884181,8.64459792416347,5.41877887420104,7.43909799520848,86.3498299318703,0.5,0,0
nominal,24,0.4,10,1,50,400,20,0,0.483354376043253,1.41355978122959,8.64946804180949,9.85464935486455,121.16157087014,1,0,0
nominal,24,0.4,10,1,50,500,20,0,2.54187987221398,5.46659348007515,18.1868734489973,28.0309241351353,266.510898197347,0.5,0,0
high_load,24,0.4,5,1,0,0,20,1,0.196472784157115,0.471986093769849,0.338723789316134,0.525834731929642,2.4075484915004,1,1,1
high_load,24,0.4,5,1,0,50,20,1,0.395656816453637,0.758826067196916,0.921672982986925,1.37440639258032,6.90459986970508,1,0.5,1
high_load,24,0.4,5,1,0,100,20,1,0.892595447185874,1.80914489601582,1.85684099611216,2.56523932463595,17.8737446958613,0.55,0,1
high_load,24,0.4,5,1,0,150,20,0.5,1.80863955946937,3.84002716352669,2.73452811143822,3.80700681052322,39.6631093087623,0.5,0,0
high_load,24,0.4,5,1,0,200,20,0.85,1.49725708625057,8.92605564110174,3.38009289164637,4.80793116333629,63.3134672450776,0.85,0,0
high_load,24,0.4,5,1,0,250,20,0.5,0.411474461797513,1.34132539499539,3.95382993971852,5.72427547303337,70.4370027441395,0.95,0,0
high_load,24,0.4,5,1,0,300,20,0.45,1.15054489418207,8.13220840387414,4.88681584802688,6.95118848639332,108.585360559977,0.95,0,0
high_load,24,0.4,5,1,0,400,20,0,0.267783182434747,0.633856783932008,9.05999271512682,9.45980878475285,223.742256060931,1,0,0
high_load,24,0.4,5,1,0,500,20,0,2.05938755025248,4.42772824893848,20.5084580172511,30.2290394295795,402.406613022838,0.5,0,0
high_load,24,0.4,5,1,20,0,20,1,0.223273692952055,0.553416200512458,0.377425977628787,0.604051726359356,2.19545381061923,1,1,1
high_load,24,0.4,5,1,20,50,20,1,0.368042178959836,0.641795304169379,0.894835472493275,1.42680803983301,6.1128798362965,1,0.5,1
high_load,24,0.4,5,1,20,100,20,1,0.892855018403227,2.01807602831636,1.8756284960187,2.62285840473262,17.9717371386343,0.6,0,1
high_load,24,0.4,5,1,20,150,20,0.55,1.97550437745629,4.31751067015731,2.70616266616943,3.77802744837338,41.2378527907775,0.5,0,0
high_load,24,0.4,5,1,20,200,20,0.8,2.16883412556811,8.4675877330363,3.37722231429921,4.79142761079698,71.3589771812651,0.55,0,0
high_load,24,0.4,5,1,20,250,20,0.5,0.475098728839242,1.14423390905405,3.97361107562737,5.74732144627846,70.872747253465,1,0,0
high_load,24,0.4,5,1,20,300,20,0.45,1.18460124338188,7.66767055417066,5.00794245415929,7.00672499493496,107.770993425508,0.9,0,0
high_load,24,0.4,5,1,20,400,20,0,0.334345271469333,0.982525797174849,8.77502924136349,9.26063456208849,214.555232488835,1,0,0
high_load,24,0.4,5,1,20,500,20,0,1.8275030389661,3.92911498638169,19.5854581796366,29.3957405406986,383.734292430267,0.5,0,0
high_load,24,0.4,5,1,50,0,20,1,0.286393875923961,0.787415500963579,0.399340697342048,0.70434099843546,2.07659027567577,1,1,1
high_load,24,0.4,5,1,50,50,20,1,0.554348851418114,1.32643539283437,0.898292752626231,1.75171718537497,6.28383760605959,0.95,0.5,1
high_load,24,0.4,5,1,50,100,20,1,1.17935465528447,2.57202596839529,1.80299856203266,2.63827775402208,15.5824609346402,0.55,0.1,1
high_load,24,0.4,5,1,50,150,20,0.6,2.04605710822019,4.59668862558842,2.65150546248314,3.76531842288825,34.8272798413314,0.5,0,0
high_load,24,0.4,5,1,50,200,20,0.55,3.02076225436424,7.29485531925155,3.4310021990457,4.87344792089432,73.8523811087371,0.5,0,0
high_load,24,0.4,5,1,50,250,20,0.35,1.80867540604688,11.0743690333571,4.08666371640378,5.97680294678384,78.648294439685,0.75,0,0
high_load,24,0.4,5,1,50,300,20,0.45,1.05466533908433,3.09159292236119,5.09835626346377,6.97110386100305,85.5959832041274,0.75,0,0
high_load,24,0.4,5,1,50,400,20,0,0.517533024950767,1.3467236961532,8.43980075082905,9.37874569220786,185.805795822921,1,0,0
high_load,24,0.4,5,1,50,500,20,0,2.05493671154794,5.1856753796388,17.8416489394375,28.1455672792227,322.377297865942,0.5,0,0
high_D_CCM,24,0.6,7.5,1,0,0,20,1,0.26179309412056,0.466409425733116,0.131129501003631,0.265904752059698,0.953039775828727,1,1,1
high_D_CCM,24,0.6,7.5,1,0,50,20,1,0.227212897568247,0.47743008669987,0.946646983017835,1.20935233478029,5.42520640445962,1,0,1
high_D_CCM,24,0.6,7.5,1,0,100,20,1,0.592654460574448,1.11458624014152,1.81347569784266,2.26164729660109,17.6967889317145,0.65,0,1
high_D_CCM,24,0.6,7.5,1,0,150,20,1,0.153132670437752,0.384696772480159,2.57536993096622,3.29918784727917,33.7096324909054,1,0,1
high_D_CCM,24,0.6,7.5,1,0,200,20,1,0.153631743156858,0.320391950256915,3.19708202964677,4.35843572448205,55.4400691166195,1,0,1
high_D_CCM,24,0.6,7.5,1,0,250,20,0.5,0.233339289883544,0.518816065208383,3.82181788071176,5.41908603552338,80.3830719302373,1,0,0
high_D_CCM,24,0.6,7.5,1,0,300,20,0.5,0.252476778269841,0.435609159077355,4.6462832091337,6.42230281828911,112.502932364207,1,0,0
high_D_CCM,24,0.6,7.5,1,0,400,20,0,0.173404834552371,0.376380603799298,8.75427487213985,9.21790246073363,257.006071182521,1,0,0
high_D_CCM,24,0.6,7.5,1,0,500,20,0,0.643831219353959,1.34136402028828,20.0951143372647,29.8644933167099,440.50917546991,0.5,0,0
high_D_CCM,24,0.6,7.5,1,20,0,20,1,0.234518830971442,0.586592007760062,0.15238198423127,0.366501954696485,0.916237664266091,1,1,1
high_D_CCM,24,0.6,7.5,1,20,50,20,1,0.250938798336625,0.469084644369661,0.884542768496996,1.28266980231714,5.3446389861541,1,0.2,1
high_D_CCM,24,0.6,7.5,1,20,100,20,1,0.742805063691991,1.59452544231857,1.76501828010902,2.18998205866456,17.7742266319643,0.55,0,1
high_D_CCM,24,0.6,7.5,1,20,150,20,1,0.134319522969589,0.39833217854755,2.56369636280302,3.33634933050656,32.1506744958072,1,0,1
high_D_CCM,24,0.6,7.5,1,20,200,20,1,0.205515210648509,0.50268503238301,3.23875176458221,4.40160984040699,52.7967944641601,1,0,1
high_D_CCM,24,0.6,7.5,1,20,250,20,0.5,0.257396832839376,0.609481515434263,3.84898067107327,5.41383192925402,76.8758558291812,1,0,0
high_D_CCM,24,0.6,7.5,1,20,300,20,0.5,0.298190050933863,0.63091021192716,4.77337262223945,6.4278039054481,107.912921032853,1,0,0
high_D_CCM,24,0.6,7.5,1,20,400,20,0,0.208190092828042,0.525576502158792,8.49374486472801,9.12105825222209,243.387165170582,1,0,0
high_D_CCM,24,0.6,7.5,1,20,500,20,0,0.601152487638507,1.20599777069014,19.1869556339255,28.8308514262227,415.462096804655,0.65,0,0
high_D_CCM,24,0.6,7.5,1,50,0,20,1,0.474456806596046,1.03800395465333,0.224733614579532,0.497667005464053,1.55877613559858,0.9,1,1
high_D_CCM,24,0.6,7.5,1,50,50,20,1,0.506824081137319,1.00482749465087,0.847420314725456,1.47538995723726,6.81973804453213,0.95,0.45,1
high_D_CCM,24,0.6,7.5,1,50,100,20,1,0.935896262393375,1.83852014827784,1.7251867387592,2.27922627941116,15.201638596911,0.5,0,1
high_D_CCM,24,0.6,7.5,1,50,150,20,0.95,0.95503961408754,4.0472128373139,2.57684971776974,3.59417813742736,30.0342013774346,0.7,0,1
high_D_CCM,24,0.6,7.5,1,50,200,20,1,0.511905300480772,1.32776076935642,3.31744498123912,4.63196278409777,44.9788867114953,0.85,0,1
high_D_CCM,24,0.6,7.5,1,50,250,20,0.5,0.636938336651704,1.29286994946575,3.96240885551352,5.60867775854095,66.1779335928002,0.9,0,0
high_D_CCM,24,0.6,7.5,1,50,300,20,0.5,0.694276669091652,1.44363375432992,4.88852064195232,6.41363656479387,87.4241686380294,0.7,0,0
high_D_CCM,24,0.6,7.5,1,50,400,20,0,0.405049370959108,1.15637445894784,8.06428783013648,9.17849821189558,192.745898312836,0.9,0,0
high_D_CCM,24,0.6,7.5,1,50,500,20,0,0.607633837220846,1.29939885086835,17.0003430115759,26.2385752124782,318.374600349208,0.75,0,0
low_CCM_margin,24,0.4,35,1,0,0,20,0.95,0.866612516499402,2.4154140607671,0.795230850337473,1.59969325850925,0.670758525653398,1,1,1
low_CCM_margin,24,0.4,35,1,0,50,20,1,0.743186131984338,1.88993278732114,1.32248893021881,2.41783411203035,0.901955572883645,1,1,1
low_CCM_margin,24,0.4,35,1,0,100,20,0.9,1.57467620571456,3.67435289523468,2.31121686997956,3.65692462943502,2.14528504017438,1,1,0
low_CCM_margin,24,0.4,35,1,0,150,20,0.55,2.4859823725392,6.13686324129558,3.52392196614745,4.83761114542371,5.31131558924205,0.65,0.85,0
low_CCM_margin,24,0.4,35,1,0,200,20,0.15,5.03712780136577,10.2059049968548,4.68460485028153,6.73235175344451,13.8878205407265,0.5,0.55,0
low_CCM_margin,24,0.4,35,1,0,250,20,0.05,6.83601667924661,14.3175336314233,4.98597654650573,7.75933980254374,23.4633617805926,0.5,0.5,0
low_CCM_margin,24,0.4,35,1,0,300,20,0,7.20534349383008,14.9613589018572,6.01776812269481,8.12129621951535,26.1551994746736,0.5,0.25,0
low_CCM_margin,24,0.4,35,1,0,400,20,0,5.88162168260073,12.1523322849717,11.3357131923635,13.3696692709965,43.3778883971986,0.5,0,0
low_CCM_margin,24,0.4,35,1,0,500,20,0,8.0150260163933,16.6850185037075,22.9170798013549,34.2257615883384,120.998021756318,0.5,0,0
low_CCM_margin,24,0.4,35,1,20,0,20,1,0.809908288818484,2.19281991119309,0.700338460799179,1.34865097414361,0.551524556220586,1,1,1
low_CCM_margin,24,0.4,35,1,20,50,20,1,0.868767382167804,1.80118885117185,1.27934691596186,2.28595825940363,0.889332958530637,1,1,1
low_CCM_margin,24,0.4,35,1,20,100,20,0.85,1.58911540215694,4.21793102668389,2.22670315031494,3.77355658876483,2.3096567357079,0.95,1,0
low_CCM_margin,24,0.4,35,1,20,150,20,0.55,2.44295488576485,5.95825820209187,3.45302391671511,4.95672704832562,5.09909244746666,0.6,0.9,0
low_CCM_margin,24,0.4,35,1,20,200,20,0.2,5.13630326737697,10.6560621306813,4.75139079690356,7.02385593338463,14.1534594100302,0.5,0.6,0
low_CCM_margin,24,0.4,35,1,20,250,20,0.05,6.69278175456808,13.9116106718929,5.05379727839509,7.51519020944638,22.8003905456495,0.5,0.5,0
low_CCM_margin,24,0.4,35,1,20,300,20,0,6.42310036001517,14.0229174762537,6.08432598439091,7.9561011072046,22.5115075161794,0.5,0.2,0
low_CCM_margin,24,0.4,35,1,20,400,20,0,5.8212323304366,12.5782557882071,11.5112399055326,13.5544348939561,43.2828332763568,0.5,0,0
low_CCM_margin,24,0.4,35,1,20,500,20,0,7.86993443090792,16.50627475355,22.4955082832258,33.5987440204061,117.089493950797,0.5,0,0
low_CCM_margin,24,0.4,35,1,50,0,20,1,0.865719205754749,2.32888493429982,0.636501553452489,1.60384598818614,0.677442238862197,1,1,1
low_CCM_margin,24,0.4,35,1,50,50,20,1,1.08404824499561,2.28708110672234,1.22999698421339,2.38392978136761,0.891741497921349,1,1,1
low_CCM_margin,24,0.4,35,1,50,100,20,0.7,1.82509324232831,4.98645650350259,2.19110088359949,3.70546820895431,2.58900637580205,0.85,1,0
low_CCM_margin,24,0.4,35,1,50,150,20,0.55,2.53762305365754,6.27926235910977,3.32446348158797,4.67489055173268,5.11159676621986,0.6,0.95,0
low_CCM_margin,24,0.4,35,1,50,200,20,0.25,5.10216836433776,10.8747331586626,4.70624904129244,6.66013982038869,14.2596909762902,0.5,0.6,0
low_CCM_margin,24,0.4,35,1,50,250,20,0.1,5.95945573669454,12.5508431577804,5.14287880088227,7.69065191501308,19.6607812491306,0.5,0.4,0
low_CCM_margin,24,0.4,35,1,50,300,20,0,4.83385477408981,10.9966932116788,6.42304978082305,8.10685804223157,16.5321233694369,0.5,0.05,0
low_CCM_margin,24,0.4,35,1,50,400,20,0,3.03122376794718,7.89704524294368,11.7393089446921,14.1581713191414,28.7163806316716,0.6,0,0
low_CCM_margin,24,0.4,35,1,50,500,20,0,7.64151956783345,17.7693047777554,20.7310879002743,30.8327324386326,104.504333621973,0.5,0,0
nominal,24,0.4,10,10,0,0,20,1,0.398069352888955,1.27291201453348,0.498430713685941,0.844568864980544,1.43490943245888,1,1,1
nominal,24,0.4,10,10,0,50,20,1,0.485017630529941,0.98113490392519,1.12753329579568,2.15746379543643,4.40638188972601,1,0.55,1
nominal,24,0.4,10,10,0,100,20,1,0.848839890117397,1.68879768058673,1.84543183242275,3.0618739520668,8.61185747475731,1,0.4,1
nominal,24,0.4,10,10,0,150,20,0.55,2.0868919659504,4.34422907191542,2.72102462911547,3.86359885635124,24.4149044568039,0.5,0,0
nominal,24,0.4,10,10,0,200,20,0.45,3.49071975959412,7.23643384938478,3.49554037260152,5.05604156353928,50.9724231529549,0.5,0,0
nominal,24,0.4,10,10,0,250,20,0,4.8404600277259,10.6818254550023,4.23872077634839,6.35207963778003,81.9776541921153,0.5,0,0
nominal,24,0.4,10,10,0,300,20,0,5.7248514496943,11.5480762079273,4.96443576711251,7.30014742102043,102.530335619138,0.5,0,0
nominal,24,0.4,10,10,0,400,20,0,3.37268659827592,10.3503473054362,9.32704824610985,9.69468060107324,184.297830341508,0.55,0,0
nominal,24,0.4,10,10,0,500,20,0,2.99030206194879,6.5692856544357,20.7995818279091,30.5514294894774,310.460105726091,0.5,0,0
nominal,24,0.4,10,10,20,0,20,1,0.391197744414645,1.16598910467327,0.525886295446701,1.00242228247013,1.47800015232874,1,1,1
nominal,24,0.4,10,10,20,50,20,1,0.463585363577311,1.07892538165534,1.11202541275138,2.17059867823802,3.76693051101373,1,0.55,1
nominal,24,0.4,10,10,20,100,20,1,0.970131068298711,1.91534105217067,1.82573031218789,2.95805111557206,9.25105234681131,0.95,0.4,1
nominal,24,0.4,10,10,20,150,20,0.5,2.08269155547263,4.14603723907944,2.64895782626365,3.7653121937868,24.1028642128158,0.5,0,0
nominal,24,0.4,10,10,20,200,20,0.4,3.48462243809007,7.28285127724444,3.53430141223543,5.274174305874,52.9130184075569,0.5,0,0
nominal,24,0.4,10,10,20,250,20,0,4.73255299595088,10.407306653667,4.23155507893322,6.20674403104949,75.3326484925194,0.5,0,0
nominal,24,0.4,10,10,20,300,20,0,4.92019122553436,10.822190599751,5.13014724115885,7.29748759590504,95.7006146636322,0.5,0,0
nominal,24,0.4,10,10,20,400,20,0,1.29976683358213,3.19506499770421,9.24131569018282,9.97251242210535,154.199411701866,0.65,0,0
nominal,24,0.4,10,10,20,500,20,0,2.84440977417774,6.24360955203192,19.9325090440118,29.7084404890841,297.668622389657,0.5,0,0
nominal,24,0.4,10,10,50,0,20,1,0.433105997031719,1.04142134894114,0.514773462707638,1.06517407009873,1.7425367650886,1,0.95,1
nominal,24,0.4,10,10,50,50,20,1,0.570214315914808,1.80905742774032,1.02333623169225,2.11879292618963,3.71520498180995,0.9,0.6,1
nominal,24,0.4,10,10,50,100,20,1,1.17711393249357,2.34397277481199,1.71243767623309,2.72599658166639,9.89059070323216,0.7,0.45,1
nominal,24,0.4,10,10,50,150,20,0.55,2.23264503290194,4.76129753921924,2.67303967200489,3.90360814260162,26.5307377031187,0.5,0.05,0
nominal,24,0.4,10,10,50,200,20,0.4,3.39777336172041,7.8218009166079,3.53215351095431,5.40351841856432,51.3002566956985,0.5,0,0
nominal,24,0.4,10,10,50,250,20,0,4.26368306857487,9.33097331084613,4.28515923192263,6.12027946798525,69.3449158489329,0.5,0,0
nominal,24,0.4,10,10,50,300,20,0,3.99244664249519,9.49633661791978,5.27579024125152,7.13745950937569,81.3158995184296,0.5,0,0
nominal,24,0.4,10,10,50,400,20,0,0.439534734412997,1.29855749260498,8.87742463843854,9.97046732973453,134.347099217036,1,0,0
nominal,24,0.4,10,10,50,500,20,0,2.36608200332237,5.71205868613188,18.1082918042477,28.8848478414869,256.190657641255,0.5,0,0
high_load,24,0.4,5,10,0,0,20,1,0.357438552630386,0.809378912537423,0.355918066245023,0.547824166316468,2.96361086753471,1,1,1
high_load,24,0.4,5,10,0,50,20,1,0.317372505795869,0.769192483940534,0.974915291712087,1.63009964348324,7.21262848574735,1,0.5,1
high_load,24,0.4,5,10,0,100,20,1,0.838990631014677,1.66355127010193,1.84930780913888,2.59454486302516,16.0344035987889,0.75,0,1
high_load,24,0.4,5,10,0,150,20,0.5,1.97537893389749,4.12135459975081,2.70449923005182,3.69350355739614,43.4802161587862,0.5,0,0
high_load,24,0.4,5,10,0,200,20,0.95,0.644552005473753,3.21624096287788,3.379425867478,4.82775544292705,56.1779153363369,0.9,0,1
high_load,24,0.4,5,10,0,250,20,0.5,0.415929866378464,1.05911978364343,4.01712428081503,5.80076568333258,67.7487145144352,1,0,0
high_load,24,0.4,5,10,0,300,20,0.5,0.299120730840312,0.751000601831364,4.87308392204533,6.93635778166786,95.6860077227434,1,0,0
high_load,24,0.4,5,10,0,400,20,0,0.277384156401921,0.71193094111292,9.07243424897715,9.45932247627823,234.064658577876,1,0,0
high_load,24,0.4,5,10,0,500,20,0,2.11256039789897,4.3642924948015,20.482444864798,30.1698889832266,401.742025960023,0.5,0,0
high_load,24,0.4,5,10,20,0,20,1,0.302350363291166,0.731223802526199,0.381096872551332,0.657153173556169,2.68900610629829,1,1,1
high_load,24,0.4,5,10,20,50,20,1,0.336400258910447,0.550861006162717,0.942167632340652,1.6649954954477,6.36316383223486,1,0.5,1
high_load,24,0.4,5,10,20,100,20,1,0.958670601353931,2.00453444471014,1.83768442936742,2.72241226593853,16.5534561727399,0.6,0,1
high_load,24,0.4,5,10,20,150,20,0.55,1.99662395474561,4.26665537162383,2.68702961745306,3.73895689467839,43.1829458772533,0.5,0,0
high_load,24,0.4,5,10,20,200,20,0.8,1.69860519951201,7.70041476481271,3.39334589406118,4.85770144788383,64.4045900401363,0.7,0,0
high_load,24,0.4,5,10,20,250,20,0.45,1.03634106395318,7.36787747053763,4.02043104704507,5.82490822006998,78.4926168485567,0.9,0,0
high_load,24,0.4,5,10,20,300,20,0.45,0.989155882305006,6.73346418260338,4.95280072961001,6.84401219437247,101.264139404275,0.95,0,0
high_load,24,0.4,5,10,20,400,20,0,0.41651251920771,1.110771125701,8.78185357570661,9.28843112846713,218.432478380188,1,0,0
high_load,24,0.4,5,10,20,500,20,0,1.9986030655958,4.34185039225961,19.414816112931,29.1530281627221,382.003577624929,0.5,0,0
high_load,24,0.4,5,10,50,0,20,1,0.228830133271296,0.665680135098645,0.433101697173561,0.779558782545697,2.42772455970015,1,0.95,1
high_load,24,0.4,5,10,50,50,20,1,0.428620639307504,0.828457850662945,0.958872005790864,1.73459110200556,5.91571674262937,1,0.5,1
high_load,24,0.4,5,10,50,100,20,0.95,1.10009088185483,2.82744265644824,1.76559683053323,2.5780931811292,15.0449909688389,0.5,0.05,1
high_load,24,0.4,5,10,50,150,20,0.65,1.92013912642449,4.12412054505872,2.67304409080892,3.76506506442166,41.5035396176515,0.5,0,0
high_load,24,0.4,5,10,50,200,20,0.5,3.15505772354105,7.99953859537996,3.37361844425533,5.04998283502426,64.5931495283626,0.5,0,0
high_load,24,0.4,5,10,50,250,20,0.25,2.03807520694618,8.94660967407408,4.14498697264817,5.96384894497604,78.839555516181,0.7,0,0
high_load,24,0.4,5,10,50,300,20,0.45,1.23974326965319,6.15251443983311,5.06218077854476,6.90372884938125,90.8236185017473,0.8,0,0
high_load,24,0.4,5,10,50,400,20,0,0.487157176758702,1.32712865094197,8.70700139531802,9.61472371529166,187.565688573519,1,0,0
high_load,24,0.4,5,10,50,500,20,0,1.94303713106262,4.92167897958064,17.3250367673613,27.0758501211314,319.973212647565,0.5,0,0
high_D_CCM,24,0.6,7.5,10,0,0,20,1,0.290585831471977,0.446286161323367,0.122642909255907,0.222281763820331,0.97717237752354,1,1,1
high_D_CCM,24,0.6,7.5,10,0,50,20,1,0.259043849511588,0.56695320481927,0.951553481988652,1.19528259098547,5.52232493574104,1,0,1
high_D_CCM,24,0.6,7.5,10,0,100,20,1,0.683328957789593,1.22633920372623,1.80111410404547,2.25772344959535,19.7607629668188,0.6,0,1
high_D_CCM,24,0.6,7.5,10,0,150,20,1,0.193522070955904,0.416334881675834,2.56085929343188,3.36616056713657,34.7778827364718,1,0,1
high_D_CCM,24,0.6,7.5,10,0,200,20,1,0.166634062092956,0.33793061805315,3.20836304530476,4.35754772721277,55.9813244423566,1,0,1
high_D_CCM,24,0.6,7.5,10,0,250,20,0.5,0.225687610226147,0.55617076917831,3.82867791941762,5.3875176816946,80.8478040285722,1,0,0
high_D_CCM,24,0.6,7.5,10,0,300,20,0.5,0.228012913820982,0.46874934810559,4.64476625107961,6.37914966655319,117.301815310239,1,0,0
high_D_CCM,24,0.6,7.5,10,0,400,20,0,0.186106604691533,0.417846155118679,8.77144857065623,9.24834910257321,263.91404150481,1,0,0
high_D_CCM,24,0.6,7.5,10,0,500,20,0,0.668016980272809,1.32903192810199,20.0843350454802,29.8738008241424,455.247262250419,0.5,0,0
high_D_CCM,24,0.6,7.5,10,20,0,20,1,0.257825561054268,0.575750447438289,0.132480825687151,0.271121730279122,1.17808177345255,1,1,1
high_D_CCM,24,0.6,7.5,10,20,50,20,1,0.302079269171101,0.594991109254117,0.933847177638634,1.26941948989054,4.68554601044913,1,0.1,1
high_D_CCM,24,0.6,7.5,10,20,100,20,1,0.612716025282978,1.22542429176949,1.78173129159666,2.22099826380994,20.5195091778224,0.65,0,1
high_D_CCM,24,0.6,7.5,10,20,150,20,1,0.211723345254644,0.61875653116763,2.58316926679332,3.41159546721226,32.3971388045854,1,0,1
high_D_CCM,24,0.6,7.5,10,20,200,20,1,0.186399899009709,0.515388657714189,3.22645814536356,4.33248029843278,52.6096449823421,1,0,1
high_D_CCM,24,0.6,7.5,10,20,250,20,0.5,0.251811954691857,0.518759505243793,3.87294286644449,5.43171809562234,75.7844193531641,1,0,0
high_D_CCM,24,0.6,7.5,10,20,300,20,0.5,0.236682023690257,0.662507501613996,4.76533168171968,6.37155054783546,110.732540455049,1,0,0
high_D_CCM,24,0.6,7.5,10,20,400,20,0,0.18668010222316,0.502110189268951,8.43019547037379,8.99293842795424,239.096825315571,1,0,0
high_D_CCM,24,0.6,7.5,10,20,500,20,0,0.668552129756767,1.65024777688751,19.2422274386682,29.2415121912085,432.560540525946,0.65,0,0
high_D_CCM,24,0.6,7.5,10,50,0,20,1,0.327155004808321,0.708495778742346,0.240052557634294,0.467502807414089,2.25697207653849,1,1,1
high_D_CCM,24,0.6,7.5,10,50,50,20,1,0.436836910752758,1.03621106556955,0.877344325498539,1.35926734184199,4.70292704003454,0.9,0.45,1
high_D_CCM,24,0.6,7.5,10,50,100,20,1,0.584142248516211,1.7502381188011,1.78301625572162,2.37059844787468,17.0954072719482,0.75,0,1
high_D_CCM,24,0.6,7.5,10,50,150,20,0.95,0.807323217336208,3.06958357173458,2.56161594915433,3.4733591394758,30.7228461054814,0.85,0,1
high_D_CCM,24,0.6,7.5,10,50,200,20,1,0.457359394609323,1.37536542216767,3.25608334613122,4.50207730901604,44.5665255636562,0.95,0,1
high_D_CCM,24,0.6,7.5,10,50,250,20,0.5,0.554149910350118,1.32550881220627,4.0198749498448,5.50527631402906,65.3707137822952,0.85,0,0
high_D_CCM,24,0.6,7.5,10,50,300,20,0.5,0.454934784044125,1.23698293148224,4.96561317192245,6.51254304702218,98.6142599526568,0.9,0,0
high_D_CCM,24,0.6,7.5,10,50,400,20,0,0.290859306760022,0.724133838169932,7.96268982406705,9.21962153939989,185.705649834638,1,0,0
high_D_CCM,24,0.6,7.5,10,50,500,20,0,0.719299035352906,1.7548383418205,16.8276011206877,24.5852014876894,337.063527286179,0.75,0,0
low_CCM_margin,24,0.4,35,10,0,0,20,1,0.918986295244049,2.04401878545477,0.629155390543308,1.92593147700858,0.698030861813888,1,1,1
low_CCM_margin,24,0.4,35,10,0,50,20,1,0.944466776961353,2.60808746338377,1.20441386080879,2.88778190702462,0.76306268110357,1,1,1
low_CCM_margin,24,0.4,35,10,0,100,20,1,1.55865903242814,2.70944228100658,2.23574763783258,3.35006838297883,2.41841765347106,1,1,1
low_CCM_margin,24,0.4,35,10,0,150,20,0.5,2.94991620331979,6.537363726652,3.64712356229998,5.7670769614108,6.79208300094691,0.75,0.85,0
low_CCM_margin,24,0.4,35,10,0,200,20,0.15,4.62538566105155,11.0383613712664,4.63691488008328,6.89928330756396,13.1026190998858,0.5,0.55,0
low_CCM_margin,24,0.4,35,10,0,250,20,0,7.00748982081044,15.0994623100379,5.26917578641025,7.43264220151269,23.4689076805464,0.5,0.4,0
low_CCM_margin,24,0.4,35,10,0,300,20,0,7.52110505597485,15.5972612862387,6.3913764038905,8.85756035357864,27.7462669359395,0.5,0.15,0
low_CCM_margin,24,0.4,35,10,0,400,20,0,6.15549718359933,12.6613196520996,11.2318006118349,12.4751655635095,44.1905796010378,0.5,0,0
low_CCM_margin,24,0.4,35,10,0,500,20,0,8.10707856489597,16.4930685632312,23.3236483946448,33.845970827228,121.790965164123,0.5,0,0
low_CCM_margin,24,0.4,35,10,20,0,20,1,1.03316319628708,2.14100466018731,0.707388539427293,1.79117501288149,0.761057800463152,1,1,1
low_CCM_margin,24,0.4,35,10,20,50,20,1,0.995727134162885,2.60253094081251,1.16580003826305,2.72318697703449,0.738912725075771,1,1,1
low_CCM_margin,24,0.4,35,10,20,100,20,0.95,1.71727463353556,2.90415567848067,2.18187388924479,3.28187919460698,2.57484081347165,1,1,1
low_CCM_margin,24,0.4,35,10,20,150,20,0.45,3.00850422473372,6.71623032470091,3.6257719169145,5.75493736444449,6.85181811574961,0.7,0.85,0
low_CCM_margin,24,0.4,35,10,20,200,20,0.15,4.49001539828136,11.2476225100924,4.63682814578279,6.96687142387417,12.7662954164225,0.5,0.45,0
low_CCM_margin,24,0.4,35,10,20,250,20,0,6.7161280660304,14.3104339852804,5.2414740010939,7.33921950172822,22.0431078348996,0.5,0.45,0
low_CCM_margin,24,0.4,35,10,20,300,20,0,6.85440259786564,14.5752425680901,6.38787808124049,8.4856888825333,24.526028588754,0.5,0.2,0
low_CCM_margin,24,0.4,35,10,20,400,20,0,5.81286381087557,12.3708178388824,11.3788972788547,13.088178523252,42.7910925108006,0.5,0,0
low_CCM_margin,24,0.4,35,10,20,500,20,0,7.9114519684313,15.9217324933763,22.8282234863989,33.6391282755974,116.198451226175,0.5,0,0
low_CCM_margin,24,0.4,35,10,50,0,20,1,0.906916828789397,2.32753865665076,0.6886828505129,1.69855228819524,0.687170134889195,1,1,1
low_CCM_margin,24,0.4,35,10,50,50,20,0.95,1.16804236991201,2.93500339885864,1.17260064725755,2.7712695118347,0.883554326685343,1,1,1
low_CCM_margin,24,0.4,35,10,50,100,20,0.85,1.97197580608338,3.25730594514754,2.16643830865896,3.47956331420425,2.71117873697692,1,1,0
low_CCM_margin,24,0.4,35,10,50,150,20,0.4,3.04352289084285,7.22188191146691,3.53153633543059,5.19107698510964,6.86230999940549,0.7,0.85,0
low_CCM_margin,24,0.4,35,10,50,200,20,0.15,4.25536623533204,10.0632486631366,4.50416461360822,6.68467841458637,11.7400224733589,0.5,0.5,0
low_CCM_margin,24,0.4,35,10,50,250,20,0,6.0480773073429,13.351637124962,5.32554105244017,7.20428707907868,19.0239038279566,0.5,0.35,0
low_CCM_margin,24,0.4,35,10,50,300,20,0,5.54839516927906,11.7276680294941,6.5635488665374,8.40108508626047,19.6739102345563,0.5,0.15,0
low_CCM_margin,24,0.4,35,10,50,400,20,0,2.78887412617838,7.25040506639957,11.6085389940291,13.9605553642887,26.4990929757396,0.6,0,0
low_CCM_margin,24,0.4,35,10,50,500,20,0,7.23177274373539,15.3675751432344,21.0384634056019,32.5348295152366,103.310871277785,0.5,0,0
nominal,24,0.4,10,20,0,0,20,1,0.439820847626219,1.14346082931454,0.380722184227865,0.92098005907808,1.59564639358592,1,1,1
nominal,24,0.4,10,20,0,50,20,1,0.41461610711866,0.952769493963451,1.00390217093706,1.56885746035809,2.96314861319383,1,0.65,1
nominal,24,0.4,10,20,0,100,20,1,1.07619427690363,1.93912031786583,1.90391686455657,2.69225955638029,11.0092837127233,0.9,0.15,1
nominal,24,0.4,10,20,0,150,20,0.55,1.91214895509003,3.91013836406735,2.72427758908311,3.91582660773652,24.5494515663195,0.5,0,0
nominal,24,0.4,10,20,0,200,20,0.4,3.46311265547467,8.03430843022636,3.46785741267196,5.25457769880673,50.3686853604459,0.5,0,0
nominal,24,0.4,10,20,0,250,20,0,5.19929895976448,11.5369405248299,4.10871639721138,5.94237372964883,80.5017909102107,0.5,0,0
nominal,24,0.4,10,20,0,300,20,0,5.42799990167496,11.7704697607653,4.99739422910217,7.19393142853949,103.89708797292,0.5,0,0
nominal,24,0.4,10,20,0,400,20,0,4.22532939004203,9.71822626845252,9.30266976375297,9.91594023931301,194.529626761684,0.5,0,0
nominal,24,0.4,10,20,0,500,20,0,2.99240955645169,6.05386524164568,20.7730394206674,30.5797287117417,320.513845130086,0.5,0,0
nominal,24,0.4,10,20,20,0,20,1,0.474215972255263,1.18466439764395,0.405840155867475,0.972541780770586,1.78538834600845,1,1,1
nominal,24,0.4,10,20,20,50,20,1,0.420509257214531,0.920058230031395,1.00591311889664,1.63268488553795,3.47297536053396,1,0.7,1
nominal,24,0.4,10,20,20,100,20,1,1.09539300214582,1.92141703875146,1.9109447537881,2.83219864820055,11.0581614496956,0.9,0.15,1
nominal,24,0.4,10,20,20,150,20,0.55,2.00949111491692,4.49267727498369,2.71108608392095,3.97997542238869,24.8461100935524,0.5,0,0
nominal,24,0.4,10,20,20,200,20,0.4,3.37958543151388,7.63783285496754,3.43044406173318,5.29103158400507,48.9452019270109,0.5,0,0
nominal,24,0.4,10,20,20,250,20,0,5.10217685268501,11.4714503628819,4.20857432769182,5.98915335610208,80.7035817589812,0.5,0,0
nominal,24,0.4,10,20,20,300,20,0,4.81574588097836,10.2805099437686,5.09213036106702,7.11779590776158,94.3082554522174,0.5,0,0
nominal,24,0.4,10,20,20,400,20,0,1.63662925272876,4.37537021016063,9.13703579293289,9.76947519832043,145.163250254724,0.55,0,0
nominal,24,0.4,10,20,20,500,20,0,2.69184006632821,5.43856328853878,20.0225497303721,30.2801116550179,308.886440495901,0.5,0,0
nominal,24,0.4,10,20,50,0,20,1,0.574191467697659,1.14222594441019,0.463488037280673,1.18135028269385,1.79893927550642,1,1,1
nominal,24,0.4,10,20,50,50,20,1,0.596543618156341,1.32722156439272,0.925619762506355,1.74080380961885,3.2365648150126,1,0.75,1
nominal,24,0.4,10,20,50,100,20,1,1.20845394682995,2.39890685552503,1.8845612481545,2.93978204514083,11.1133097536206,0.75,0.2,1
nominal,24,0.4,10,20,50,150,20,0.55,2.16539471727777,5.36153241638744,2.69326479204263,4.10301821506476,25.4983131441097,0.5,0,0
nominal,24,0.4,10,20,50,200,20,0.4,3.39071114060613,7.3810711047242,3.42679115079925,5.14783843063213,46.2190659572661,0.5,0,0
nominal,24,0.4,10,20,50,250,20,0,4.78394618072379,10.8310218144391,4.25834998175925,5.93199062011294,75.2477830060678,0.5,0,0
nominal,24,0.4,10,20,50,300,20,0,4.00521879521094,9.27336607544438,5.28100213389742,7.17950995961837,83.3733690019291,0.5,0,0
nominal,24,0.4,10,20,50,400,20,0,0.613090049497128,1.99615936417467,8.66742510828728,10.0291923617583,126.727011154247,0.95,0,0
nominal,24,0.4,10,20,50,500,20,0,2.31119431279097,5.33061671491629,18.3833559606241,28.1235699260547,267.537464007444,0.5,0,0
high_load,24,0.4,5,20,0,0,20,1,0.328352629368753,0.620638346054841,0.30149613233748,0.528267410659111,3.21861336197732,1,1,1
high_load,24,0.4,5,20,0,50,20,1,0.412853329095999,0.631872574282499,0.976221394052645,1.46262142990722,6.34821898306845,1,0.45,1
high_load,24,0.4,5,20,0,100,20,1,0.865109835724033,1.52538777885449,1.85573189300135,2.60402926743729,18.8154821065786,0.65,0,1
high_load,24,0.4,5,20,0,150,20,0.5,1.77075808141077,3.59085683474701,2.6815949075708,3.75317881164714,39.6374526064743,0.5,0,0
high_load,24,0.4,5,20,0,200,20,0.9,1.05517229446092,6.80587532198209,3.32697528737455,4.75649854022158,57.5392907052297,0.9,0,0
high_load,24,0.4,5,20,0,250,20,0.5,0.438727517142211,1.10637726449488,4.04235468505399,5.84643757356237,70.4104272529307,1,0,0
high_load,24,0.4,5,20,0,300,20,0.5,0.375410190463409,0.991816258635358,4.89071410337831,6.80781788290984,99.3841496452189,1,0,0
high_load,24,0.4,5,20,0,400,20,0,0.270206442184486,0.639890696693113,9.03382943501113,9.44574757747985,226.866980099274,1,0,0
high_load,24,0.4,5,20,0,500,20,0,2.02430649298559,4.22494052762871,20.5077656086966,30.2246034494222,416.91730668736,0.5,0,0
high_load,24,0.4,5,20,20,0,20,1,0.291960485332313,0.587833237802765,0.328280514376872,0.513384378435033,3.22781488040704,1,1,1
high_load,24,0.4,5,20,20,50,20,1,0.395891448740299,0.998998286926744,0.95291377684315,1.44591115670433,7.24772727326077,1,0.5,1
high_load,24,0.4,5,20,20,100,20,1,0.913811958043737,1.74437669203621,1.87379980561728,2.64160148539406,18.1428982654826,0.5,0,1
high_load,24,0.4,5,20,20,150,20,0.5,1.82054666417464,3.75713744112456,2.64513248618663,3.74855135386214,39.693395036651,0.5,0,0
high_load,24,0.4,5,20,20,200,20,0.8,1.58604462175711,8.24369087893623,3.32028729219112,4.63319637157478,60.4799775107732,0.8,0,0
high_load,24,0.4,5,20,20,250,20,0.5,0.445888693631343,1.21505800980093,4.07297074693172,5.90687755725304,70.7722697426164,1,0,0
high_load,24,0.4,5,20,20,300,20,0.45,1.01989534719878,7.16911989723132,5.02115443278924,6.78221353289002,112.595309525909,0.95,0,0
high_load,24,0.4,5,20,20,400,20,0,0.426246913303472,1.28781159456832,8.76674231095657,9.53709418376907,211.435199127038,1,0,0
high_load,24,0.4,5,20,20,500,20,0,1.97462084418941,4.04403071393154,19.6962181556361,29.5010032882268,393.674663357091,0.5,0,0
high_load,24,0.4,5,20,50,0,20,1,0.26531283739597,0.913161417239827,0.393033973069924,0.598515343351469,2.5558958559939,1,1,1
high_load,24,0.4,5,20,50,50,20,1,0.538521058339555,1.20852772841279,0.957906229598764,1.61425656419625,8.30288951817407,0.95,0.5,1
high_load,24,0.4,5,20,50,100,20,1,1.18421267168228,2.43913899877585,1.81280622111813,2.68683001191968,15.8436818207294,0.55,0.05,1
high_load,24,0.4,5,20,50,150,20,0.55,1.92816626613526,4.11835742332095,2.6730096050291,3.79869734545563,34.4793354251702,0.5,0,0
high_load,24,0.4,5,20,50,200,20,0.55,3.36029169022357,8.77586611501194,3.32308460832992,4.78839842690921,74.3587397795469,0.55,0,0
high_load,24,0.4,5,20,50,250,20,0.35,2.24743667568373,11.796596569297,4.16263240897648,5.93507507607119,87.5048440623417,0.8,0,0
high_load,24,0.4,5,20,50,300,20,0.35,1.61235904465424,8.6297103803393,5.1703790731675,6.96543919141147,104.022273983478,0.8,0,0
high_load,24,0.4,5,20,50,400,20,0,0.535157799088432,1.44131524855078,8.20093513909927,8.95988206995101,177.037572557205,0.95,0,0
high_load,24,0.4,5,20,50,500,20,0,2.32584459108587,9.37202987989884,17.8322210035524,27.7554263262538,338.24210905936,0.55,0,0
high_D_CCM,24,0.6,7.5,20,0,0,20,1,0.264824520006371,0.437679468417324,0.110785879520373,0.21404099317387,0.892324088544421,1,1,1
high_D_CCM,24,0.6,7.5,20,0,50,20,1,0.238697793153734,0.495159698251857,0.969847765851075,1.24083657209374,5.49644022328427,1,0,1
high_D_CCM,24,0.6,7.5,20,0,100,20,1,0.624810933526581,1.28207649404496,1.81905348728084,2.28089395209122,19.6235043328669,0.6,0,1
high_D_CCM,24,0.6,7.5,20,0,150,20,1,0.143147154184748,0.357423809574425,2.54987574650505,3.2577919555559,34.9170206119536,1,0,1
high_D_CCM,24,0.6,7.5,20,0,200,20,1,0.180946566058197,0.387919964971128,3.19970773276141,4.37362911855057,54.7268251127225,1,0,1
high_D_CCM,24,0.6,7.5,20,0,250,20,0.5,0.190056287683798,0.492207005917245,3.84143728531294,5.42165171446189,80.9730012922705,1,0,0
high_D_CCM,24,0.6,7.5,20,0,300,20,0.5,0.216356956563678,0.55258104338648,4.65832709871486,6.4067649509452,116.323146958853,1,0,0
high_D_CCM,24,0.6,7.5,20,0,400,20,0,0.131252408459495,0.285383739301603,8.76599434742568,9.24082300394076,259.425543788589,1,0,0
high_D_CCM,24,0.6,7.5,20,0,500,20,0,0.631434652136808,1.38492811099261,20.1096199347992,29.8705648392447,440.686929947177,0.55,0,0
high_D_CCM,24,0.6,7.5,20,20,0,20,1,0.217685089530062,0.445097986868753,0.153854825011838,0.287790451668724,1.21460965172812,1,1,1
high_D_CCM,24,0.6,7.5,20,20,50,20,1,0.235459200683655,0.572312870457559,0.971533546254565,1.28673951684581,5.42047362965714,1,0.05,1
high_D_CCM,24,0.6,7.5,20,20,100,20,1,0.719288069895212,2.1805690925723,1.78843939372489,2.29643354919582,17.6792664396623,0.65,0,1
high_D_CCM,24,0.6,7.5,20,20,150,20,1,0.20758230317842,0.421536813219436,2.53166096769487,3.25591726504012,31.4566209598343,1,0,1
high_D_CCM,24,0.6,7.5,20,20,200,20,1,0.163859434261774,0.385817308590908,3.22705635203656,4.43373595148924,52.6079152351018,1,0,1
high_D_CCM,24,0.6,7.5,20,20,250,20,0.5,0.277925443652567,0.754146011169154,3.88075123059149,5.44849592125838,78.3278695569183,1,0,0
high_D_CCM,24,0.6,7.5,20,20,300,20,0.5,0.245011644565916,0.582079977296968,4.8136831190493,6.48627136595041,117.924698886538,1,0,0
high_D_CCM,24,0.6,7.5,20,20,400,20,0,0.149220698477383,0.331040300192054,8.46477793612838,9.25762718816693,237.317634601389,1,0,0
high_D_CCM,24,0.6,7.5,20,20,500,20,0,0.64209764312233,1.43774122860005,19.0760465672428,28.8632709430706,420.2845172665,0.55,0,0
high_D_CCM,24,0.6,7.5,20,50,0,20,1,0.3674857018325,0.786790905137985,0.228218522823795,0.477385961949817,1.54264342774573,1,1,1
high_D_CCM,24,0.6,7.5,20,50,50,20,1,0.411646836477061,1.21272899232607,0.921510419837105,1.43213774419649,5.87174761051447,0.9,0.5,1
high_D_CCM,24,0.6,7.5,20,50,100,20,1,0.839363903185663,2.32110405702397,1.74024784309405,2.39234206126584,16.4516860625001,0.7,0,1
high_D_CCM,24,0.6,7.5,20,50,150,20,1,0.572082832156972,1.65345585103943,2.54103415362794,3.43812923053923,26.5016249029262,0.8,0,1
high_D_CCM,24,0.6,7.5,20,50,200,20,1,0.4440260307318,0.843117797000192,3.24257737127601,4.40974467914917,44.4229715324967,1,0,1
high_D_CCM,24,0.6,7.5,20,50,250,20,0.5,0.571375757904774,1.34320221377908,4.01493840373995,5.52106982485872,68.8241507649324,0.85,0,0
high_D_CCM,24,0.6,7.5,20,50,300,20,0.5,0.559970607375347,1.21675652620759,4.91030746261304,6.49902257064283,102.832316899754,0.85,0,0
high_D_CCM,24,0.6,7.5,20,50,400,20,0,0.362446242812499,0.927780299794151,8.11324376894353,9.10241824001288,183.970008274697,0.95,0,0
high_D_CCM,24,0.6,7.5,20,50,500,20,0,0.699429280155387,1.71844498016041,17.0112770807579,26.8099215290702,335.564470767256,0.75,0,0
low_CCM_margin,24,0.4,35,20,0,0,20,1,0.906570452113407,2.35355933356535,0.871808794041155,2.05047698129478,0.602277078552411,1,1,1
low_CCM_margin,24,0.4,35,20,0,50,20,1,0.656809998169775,2.1382608098493,1.1066378123589,2.73499755185569,0.860239666308928,1,1,1
low_CCM_margin,24,0.4,35,20,0,100,20,0.8,1.93055279769924,3.76752790132583,2.36364185017909,4.34576232583278,2.6352063680972,0.95,1,0
low_CCM_margin,24,0.4,35,20,0,150,20,0.35,2.90315178130473,6.11452089179849,3.51023315541172,5.40090881653592,6.17370816606014,0.6,0.85,0
low_CCM_margin,24,0.4,35,20,0,200,20,0.3,4.75686710857824,10.7043640839739,4.149666842408,6.74635706301349,12.571244186118,0.5,0.6,0
low_CCM_margin,24,0.4,35,20,0,250,20,0,6.52574526250845,13.524100808133,4.98350745030994,7.15924738526663,21.4675105683006,0.5,0.45,0
low_CCM_margin,24,0.4,35,20,0,300,20,0,7.48509577542034,15.0897393053439,6.50229171470543,10.1044041281053,29.6542045298788,0.5,0.2,0
low_CCM_margin,24,0.4,35,20,0,400,20,0,5.91316363885805,12.3338354436201,10.9377822338493,13.1804186241685,44.6162124278651,0.5,0,0
low_CCM_margin,24,0.4,35,20,0,500,20,0,8.09227351527921,16.3966881965932,23.6207283065047,35.3514241196117,124.358779166198,0.5,0,0
low_CCM_margin,24,0.4,35,20,20,0,20,1,0.788270705709799,2.21202168357572,0.858775875909678,2.06310392660115,0.533546478258321,1,1,1
low_CCM_margin,24,0.4,35,20,20,50,20,1,0.660935234832341,2.26467130227924,1.18155723343076,3.08195124230453,0.880953233471761,1,1,1
low_CCM_margin,24,0.4,35,20,20,100,20,0.8,2.02653564443245,4.31607837708575,2.38948630268875,4.19146454508533,2.86447887142432,0.95,1,0
low_CCM_margin,24,0.4,35,20,20,150,20,0.35,2.93732606169899,6.19454733198793,3.53118411785178,5.59865108134872,6.16802414129717,0.55,0.85,0
low_CCM_margin,24,0.4,35,20,20,200,20,0.3,4.54503078397526,9.98548965062092,4.22371645615426,6.90639338565395,11.7565781384889,0.5,0.6,0
low_CCM_margin,24,0.4,35,20,20,250,20,0,6.307315788303,13.1251643975775,5.01655100900178,7.34814400676816,20.2861836537575,0.5,0.4,0
low_CCM_margin,24,0.4,35,20,20,300,20,0,6.76289736863705,13.8638477393723,6.56313725061977,10.1373557534708,25.7857779469773,0.5,0.15,0
low_CCM_margin,24,0.4,35,20,20,400,20,0,5.73699279183733,11.8765193351057,11.227190503917,13.2804997177488,43.011948844805,0.5,0,0
low_CCM_margin,24,0.4,35,20,20,500,20,0,7.90676389940198,15.9705495353473,23.1137734288858,34.2721685830381,119.03630548349,0.5,0,0
low_CCM_margin,24,0.4,35,20,50,0,20,1,0.779624967025627,2.00484779954663,0.89031840648888,1.92644738940773,0.538357437813245,1,1,1
low_CCM_margin,24,0.4,35,20,50,50,20,1,0.720704522677419,1.77096760655368,1.19958220901757,2.66796472092555,0.810183830739101,1,1,1
low_CCM_margin,24,0.4,35,20,50,100,20,0.7,2.19988461442607,4.80760523518209,2.27125443649386,4.20860527023426,2.99467176612321,0.9,1,0
low_CCM_margin,24,0.4,35,20,50,150,20,0.35,3.0962211487518,6.45558501313681,3.42440640800817,5.77355217728361,6.73437883522557,0.55,0.8,0
low_CCM_margin,24,0.4,35,20,50,200,20,0.3,4.34884736405203,9.43142291624435,4.1541571556868,6.89793710902011,10.7802220804479,0.5,0.7,0
low_CCM_margin,24,0.4,35,20,50,250,20,0,5.44725490722386,11.5465466949503,5.15914338182259,7.0685855229033,17.1493824275056,0.5,0.4,0
low_CCM_margin,24,0.4,35,20,50,300,20,0,5.37760516671378,11.5641652674614,6.71422291479815,9.59062536814989,19.7148027566293,0.5,0.1,0
low_CCM_margin,24,0.4,35,20,50,400,20,0,2.76538237928666,7.50594661064725,11.3294546439726,13.6404479563327,25.88680355141,0.6,0,0
low_CCM_margin,24,0.4,35,20,50,500,20,0,7.85298956082335,17.5137056275243,21.4441759399138,31.5706079048986,111.442685000837,0.5,0,0
