method,mode,case_id,source_model,trajectory_type,trajectory_duration_s,parameter,threshold,true_crossing_s,detected_crossing_s,detection_delay_ms,alarm_class,failure_flag
M1 TS-D-RLS,Native,RAMP-001,TRACE_DERIVED_OBSERVATION,C_ramp,0.1,C/C0,0.95,0.025,0.02912,4.12,late_or_on_time,0
M1 TS-D-RLS,Native,RAMP-001,TRACE_DERIVED_OBSERVATION,C_ramp,0.1,C/C0,0.9,0.05,0.05788,7.88,late_or_on_time,0
M1 TS-D-RLS,Native,RAMP-001,TRACE_DERIVED_OBSERVATION,C_ramp,0.1,C/C0,0.85,0.075,0.08292,7.92,late_or_on_time,0
M1 TS-D-RLS,Equal-Report,RAMP-001,TRACE_DERIVED_OBSERVATION,C_ramp,0.1,C/C0,0.95,0.04096,0.06144,20.48,late_or_on_time,0
M1 TS-D-RLS,Equal-Report,RAMP-001,TRACE_DERIVED_OBSERVATION,C_ramp,0.1,C/C0,0.9,0.06144,0.08192,20.48,late_or_on_time,0
M1 TS-D-RLS,Equal-Report,RAMP-001,TRACE_DERIVED_OBSERVATION,C_ramp,0.1,C/C0,0.85,0.08192,Inf,Inf,missed,1
M2 TS-SLTVKE,Native,RAMP-001,TRACE_DERIVED_OBSERVATION,C_ramp,0.1,C/C0,0.95,0.025,0.04324,18.24,late_or_on_time,0
M2 TS-SLTVKE,Native,RAMP-001,TRACE_DERIVED_OBSERVATION,C_ramp,0.1,C/C0,0.9,0.05,0.0816,31.6,late_or_on_time,0
M2 TS-SLTVKE,Native,RAMP-001,TRACE_DERIVED_OBSERVATION,C_ramp,0.1,C/C0,0.85,0.075,Inf,Inf,missed,1
M2 TS-SLTVKE,Equal-Report,RAMP-001,TRACE_DERIVED_OBSERVATION,C_ramp,0.1,C/C0,0.95,0.04096,0.08192,40.96,late_or_on_time,0
M2 TS-SLTVKE,Equal-Report,RAMP-001,TRACE_DERIVED_OBSERVATION,C_ramp,0.1,C/C0,0.9,0.06144,0.1,38.56,late_or_on_time,0
M2 TS-SLTVKE,Equal-Report,RAMP-001,TRACE_DERIVED_OBSERVATION,C_ramp,0.1,C/C0,0.85,0.08192,Inf,Inf,missed,1
M3 Dual EKF,Native,RAMP-001,TRACE_DERIVED_OBSERVATION,C_ramp,0.1,C/C0,0.95,0.025,0.045,20,late_or_on_time,0
M3 Dual EKF,Native,RAMP-001,TRACE_DERIVED_OBSERVATION,C_ramp,0.1,C/C0,0.9,0.05,0.09212,42.12,late_or_on_time,0
M3 Dual EKF,Native,RAMP-001,TRACE_DERIVED_OBSERVATION,C_ramp,0.1,C/C0,0.85,0.075,Inf,Inf,missed,1
M3 Dual EKF,Equal-Report,RAMP-001,TRACE_DERIVED_OBSERVATION,C_ramp,0.1,C/C0,0.95,0.04096,0.08192,40.96,late_or_on_time,0
M3 Dual EKF,Equal-Report,RAMP-001,TRACE_DERIVED_OBSERVATION,C_ramp,0.1,C/C0,0.9,0.06144,Inf,Inf,missed,1
M3 Dual EKF,Equal-Report,RAMP-001,TRACE_DERIVED_OBSERVATION,C_ramp,0.1,C/C0,0.85,0.08192,Inf,Inf,missed,1
M1 TS-D-RLS,Native,RAMP-003,TRACE_DERIVED_OBSERVATION,C_ramp,1,C/C0,0.95,0.25,0.243,-7.00000000000001,early,0
M1 TS-D-RLS,Native,RAMP-003,TRACE_DERIVED_OBSERVATION,C_ramp,1,C/C0,0.9,0.5,0.46852,-31.48,early,0
M1 TS-D-RLS,Native,RAMP-003,TRACE_DERIVED_OBSERVATION,C_ramp,1,C/C0,0.85,0.75,0.73208,-17.92,early,0
M1 TS-D-RLS,Equal-Report,RAMP-003,TRACE_DERIVED_OBSERVATION,C_ramp,1,C/C0,0.95,0.26624,0.3072,40.96,late_or_on_time,0
M1 TS-D-RLS,Equal-Report,RAMP-003,TRACE_DERIVED_OBSERVATION,C_ramp,1,C/C0,0.9,0.512,0.53248,20.4799999999999,late_or_on_time,0
M1 TS-D-RLS,Equal-Report,RAMP-003,TRACE_DERIVED_OBSERVATION,C_ramp,1,C/C0,0.85,0.75776,0.77824,20.4800000000001,late_or_on_time,0
M2 TS-SLTVKE,Native,RAMP-003,TRACE_DERIVED_OBSERVATION,C_ramp,1,C/C0,0.95,0.25,0.28884,38.84,late_or_on_time,0
M2 TS-SLTVKE,Native,RAMP-003,TRACE_DERIVED_OBSERVATION,C_ramp,1,C/C0,0.9,0.5,0.53384,33.84,late_or_on_time,0
M2 TS-SLTVKE,Native,RAMP-003,TRACE_DERIVED_OBSERVATION,C_ramp,1,C/C0,0.85,0.75,0.7848,34.8000000000001,late_or_on_time,0
M2 TS-SLTVKE,Equal-Report,RAMP-003,TRACE_DERIVED_OBSERVATION,C_ramp,1,C/C0,0.95,0.26624,0.32768,61.44,late_or_on_time,0
M2 TS-SLTVKE,Equal-Report,RAMP-003,TRACE_DERIVED_OBSERVATION,C_ramp,1,C/C0,0.9,0.512,0.57344,61.4399999999999,late_or_on_time,0
M2 TS-SLTVKE,Equal-Report,RAMP-003,TRACE_DERIVED_OBSERVATION,C_ramp,1,C/C0,0.85,0.75776,0.8192,61.44,late_or_on_time,0
M3 Dual EKF,Native,RAMP-003,TRACE_DERIVED_OBSERVATION,C_ramp,1,C/C0,0.95,0.25,0.3654,115.4,late_or_on_time,0
M3 Dual EKF,Native,RAMP-003,TRACE_DERIVED_OBSERVATION,C_ramp,1,C/C0,0.9,0.5,0.62916,129.16,late_or_on_time,0
M3 Dual EKF,Native,RAMP-003,TRACE_DERIVED_OBSERVATION,C_ramp,1,C/C0,0.85,0.75,0.87988,129.88,late_or_on_time,0
M3 Dual EKF,Equal-Report,RAMP-003,TRACE_DERIVED_OBSERVATION,C_ramp,1,C/C0,0.95,0.26624,0.38912,122.88,late_or_on_time,0
M3 Dual EKF,Equal-Report,RAMP-003,TRACE_DERIVED_OBSERVATION,C_ramp,1,C/C0,0.9,0.512,0.65536,143.36,late_or_on_time,0
M3 Dual EKF,Equal-Report,RAMP-003,TRACE_DERIVED_OBSERVATION,C_ramp,1,C/C0,0.85,0.75776,0.90112,143.36,late_or_on_time,0
M1 TS-D-RLS,Native,RAMP-005,TRACE_DERIVED_OBSERVATION,C_ramp,10,C/C0,0.95,2.50012,2.18568,-314.44,early,0
M1 TS-D-RLS,Native,RAMP-005,TRACE_DERIVED_OBSERVATION,C_ramp,10,C/C0,0.9,5.00024,4.79192,-208.32,early,0
M1 TS-D-RLS,Native,RAMP-005,TRACE_DERIVED_OBSERVATION,C_ramp,10,C/C0,0.85,7.50008,7.25116,-248.92,early,0
M1 TS-D-RLS,Equal-Report,RAMP-005,TRACE_DERIVED_OBSERVATION,C_ramp,10,C/C0,0.95,2.51916,2.56004,40.88,late_or_on_time,0
M1 TS-D-RLS,Equal-Report,RAMP-005,TRACE_DERIVED_OBSERVATION,C_ramp,10,C/C0,0.9,5.0176,5.03832,20.7199999999998,late_or_on_time,0
M1 TS-D-RLS,Equal-Report,RAMP-005,TRACE_DERIVED_OBSERVATION,C_ramp,10,C/C0,0.85,7.51632,7.45472,-61.6000000000003,early,0
M2 TS-SLTVKE,Native,RAMP-005,TRACE_DERIVED_OBSERVATION,C_ramp,10,C/C0,0.95,2.50012,2.4304,-69.7199999999998,early,0
M2 TS-SLTVKE,Native,RAMP-005,TRACE_DERIVED_OBSERVATION,C_ramp,10,C/C0,0.9,5.00024,4.85716,-143.079999999999,early,0
M2 TS-SLTVKE,Native,RAMP-005,TRACE_DERIVED_OBSERVATION,C_ramp,10,C/C0,0.85,7.50008,7.45528,-44.7999999999995,early,0
M2 TS-SLTVKE,Equal-Report,RAMP-005,TRACE_DERIVED_OBSERVATION,C_ramp,10,C/C0,0.95,2.51916,2.56004,40.88,late_or_on_time,0
M2 TS-SLTVKE,Equal-Report,RAMP-005,TRACE_DERIVED_OBSERVATION,C_ramp,10,C/C0,0.9,5.0176,5.03832,20.7199999999998,late_or_on_time,0
M2 TS-SLTVKE,Equal-Report,RAMP-005,TRACE_DERIVED_OBSERVATION,C_ramp,10,C/C0,0.85,7.51632,7.51632,0,late_or_on_time,0
M3 Dual EKF,Native,RAMP-005,TRACE_DERIVED_OBSERVATION,C_ramp,10,C/C0,0.95,2.50012,2.61016,110.04,late_or_on_time,0
M3 Dual EKF,Native,RAMP-005,TRACE_DERIVED_OBSERVATION,C_ramp,10,C/C0,0.9,5.00024,5.08508,84.8399999999998,late_or_on_time,0
M3 Dual EKF,Native,RAMP-005,TRACE_DERIVED_OBSERVATION,C_ramp,10,C/C0,0.85,7.50008,7.58296,82.8800000000003,late_or_on_time,0
M3 Dual EKF,Equal-Report,RAMP-005,TRACE_DERIVED_OBSERVATION,C_ramp,10,C/C0,0.95,2.51916,2.64208,122.92,late_or_on_time,0
M3 Dual EKF,Equal-Report,RAMP-005,TRACE_DERIVED_OBSERVATION,C_ramp,10,C/C0,0.9,5.0176,5.12008,102.48,late_or_on_time,0
M3 Dual EKF,Equal-Report,RAMP-005,TRACE_DERIVED_OBSERVATION,C_ramp,10,C/C0,0.85,7.51632,7.6188,102.48,late_or_on_time,0
M1 TS-D-RLS,Native,RAMP-007,TRACE_DERIVED_OBSERVATION,C_ramp,100,C/C0,0.95,25.00092,19.77444,-5226.48,early,0
M1 TS-D-RLS,Native,RAMP-007,TRACE_DERIVED_OBSERVATION,C_ramp,100,C/C0,0.9,50.00184,46.16136,-3840.48,early,0
M1 TS-D-RLS,Native,RAMP-007,TRACE_DERIVED_OBSERVATION,C_ramp,100,C/C0,0.85,75.00024,71.52264,-3477.60000000001,early,0
M1 TS-D-RLS,Equal-Report,RAMP-007,TRACE_DERIVED_OBSERVATION,C_ramp,100,C/C0,0.95,25.00848,22.87656,-2131.92,early,0
M1 TS-D-RLS,Equal-Report,RAMP-007,TRACE_DERIVED_OBSERVATION,C_ramp,100,C/C0,0.9,50.01444,46.67544,-3339,early,0
M1 TS-D-RLS,Equal-Report,RAMP-007,TRACE_DERIVED_OBSERVATION,C_ramp,100,C/C0,0.85,75.00024,73.75032,-1249.92,early,0
M2 TS-SLTVKE,Native,RAMP-007,TRACE_DERIVED_OBSERVATION,C_ramp,100,C/C0,0.95,25.00092,22.9068,-2094.12,early,0
M2 TS-SLTVKE,Native,RAMP-007,TRACE_DERIVED_OBSERVATION,C_ramp,100,C/C0,0.9,50.00184,48.28824,-1713.6,early,0
M2 TS-SLTVKE,Native,RAMP-007,TRACE_DERIVED_OBSERVATION,C_ramp,100,C/C0,0.85,75.00024,73.12032,-1879.92,early,0
M2 TS-SLTVKE,Equal-Report,RAMP-007,TRACE_DERIVED_OBSERVATION,C_ramp,100,C/C0,0.95,25.00848,23.49144,-1517.04,early,0
M2 TS-SLTVKE,Equal-Report,RAMP-007,TRACE_DERIVED_OBSERVATION,C_ramp,100,C/C0,0.9,50.01444,48.70152,-1312.92,early,0
M2 TS-SLTVKE,Equal-Report,RAMP-007,TRACE_DERIVED_OBSERVATION,C_ramp,100,C/C0,0.85,75.00024,74.28204,-718.20000000001,early,0
M3 Dual EKF,Native,RAMP-007,TRACE_DERIVED_OBSERVATION,C_ramp,100,C/C0,0.95,25.00092,24.66576,-335.160000000002,early,0
M3 Dual EKF,Native,RAMP-007,TRACE_DERIVED_OBSERVATION,C_ramp,100,C/C0,0.9,50.00184,49.47516,-526.679999999999,early,0
M3 Dual EKF,Native,RAMP-007,TRACE_DERIVED_OBSERVATION,C_ramp,100,C/C0,0.85,75.00024,74.77344,-226.800000000011,early,0
M3 Dual EKF,Equal-Report,RAMP-007,TRACE_DERIVED_OBSERVATION,C_ramp,100,C/C0,0.95,25.00848,24.68088,-327.6,early,0
M3 Dual EKF,Equal-Report,RAMP-007,TRACE_DERIVED_OBSERVATION,C_ramp,100,C/C0,0.9,50.01444,49.50036,-514.08,early,0
M3 Dual EKF,Equal-Report,RAMP-007,TRACE_DERIVED_OBSERVATION,C_ramp,100,C/C0,0.85,75.00024,74.83392,-166.319999999999,early,0
M1 TS-D-RLS,Native,RAMP-009,TRACE_DERIVED_OBSERVATION,ESR_ramp,0.1,ESR/ESR0,1.25,0.025,0.03208,7.08,late_or_on_time,0
M1 TS-D-RLS,Native,RAMP-009,TRACE_DERIVED_OBSERVATION,ESR_ramp,0.1,ESR/ESR0,1.5,0.05,0.05772,7.72,late_or_on_time,0
M1 TS-D-RLS,Native,RAMP-009,TRACE_DERIVED_OBSERVATION,ESR_ramp,0.1,ESR/ESR0,1.75,0.075,0.0824,7.4,late_or_on_time,0
M1 TS-D-RLS,Equal-Report,RAMP-009,TRACE_DERIVED_OBSERVATION,ESR_ramp,0.1,ESR/ESR0,1.25,0.04096,0.06144,20.48,late_or_on_time,0
M1 TS-D-RLS,Equal-Report,RAMP-009,TRACE_DERIVED_OBSERVATION,ESR_ramp,0.1,ESR/ESR0,1.5,0.06144,0.08192,20.48,late_or_on_time,0
M1 TS-D-RLS,Equal-Report,RAMP-009,TRACE_DERIVED_OBSERVATION,ESR_ramp,0.1,ESR/ESR0,1.75,0.08192,Inf,Inf,missed,1
M2 TS-SLTVKE,Native,RAMP-009,TRACE_DERIVED_OBSERVATION,ESR_ramp,0.1,ESR/ESR0,1.25,0.025,0.02392,-1.08,early,0
M2 TS-SLTVKE,Native,RAMP-009,TRACE_DERIVED_OBSERVATION,ESR_ramp,0.1,ESR/ESR0,1.5,0.05,0.05208,2.08,late_or_on_time,0
M2 TS-SLTVKE,Native,RAMP-009,TRACE_DERIVED_OBSERVATION,ESR_ramp,0.1,ESR/ESR0,1.75,0.075,0.07364,-1.36,early,0
M2 TS-SLTVKE,Equal-Report,RAMP-009,TRACE_DERIVED_OBSERVATION,ESR_ramp,0.1,ESR/ESR0,1.25,0.04096,0.06144,20.48,late_or_on_time,0
M2 TS-SLTVKE,Equal-Report,RAMP-009,TRACE_DERIVED_OBSERVATION,ESR_ramp,0.1,ESR/ESR0,1.5,0.06144,0.08192,20.48,late_or_on_time,0
M2 TS-SLTVKE,Equal-Report,RAMP-009,TRACE_DERIVED_OBSERVATION,ESR_ramp,0.1,ESR/ESR0,1.75,0.08192,0.1,18.08,late_or_on_time,0
M3 Dual EKF,Native,RAMP-009,TRACE_DERIVED_OBSERVATION,ESR_ramp,0.1,ESR/ESR0,1.25,0.025,0.0224,-2.6,early,0
M3 Dual EKF,Native,RAMP-009,TRACE_DERIVED_OBSERVATION,ESR_ramp,0.1,ESR/ESR0,1.5,0.05,0.04536,-4.64000000000001,early,0
M3 Dual EKF,Native,RAMP-009,TRACE_DERIVED_OBSERVATION,ESR_ramp,0.1,ESR/ESR0,1.75,0.075,0.07048,-4.52,early,0
M3 Dual EKF,Equal-Report,RAMP-009,TRACE_DERIVED_OBSERVATION,ESR_ramp,0.1,ESR/ESR0,1.25,0.04096,0.06144,20.48,late_or_on_time,0
M3 Dual EKF,Equal-Report,RAMP-009,TRACE_DERIVED_OBSERVATION,ESR_ramp,0.1,ESR/ESR0,1.5,0.06144,0.08192,20.48,late_or_on_time,0
M3 Dual EKF,Equal-Report,RAMP-009,TRACE_DERIVED_OBSERVATION,ESR_ramp,0.1,ESR/ESR0,1.75,0.08192,0.1,18.08,late_or_on_time,0
M1 TS-D-RLS,Native,RAMP-011,TRACE_DERIVED_OBSERVATION,ESR_ramp,1,ESR/ESR0,1.25,0.25,0.25328,3.28000000000001,late_or_on_time,0
M1 TS-D-RLS,Native,RAMP-011,TRACE_DERIVED_OBSERVATION,ESR_ramp,1,ESR/ESR0,1.5,0.5,0.50264,2.63999999999998,late_or_on_time,0
M1 TS-D-RLS,Native,RAMP-011,TRACE_DERIVED_OBSERVATION,ESR_ramp,1,ESR/ESR0,1.75,0.75,0.75432,4.31999999999999,late_or_on_time,0
M1 TS-D-RLS,Equal-Report,RAMP-011,TRACE_DERIVED_OBSERVATION,ESR_ramp,1,ESR/ESR0,1.25,0.26624,0.28672,20.48,late_or_on_time,0
M1 TS-D-RLS,Equal-Report,RAMP-011,TRACE_DERIVED_OBSERVATION,ESR_ramp,1,ESR/ESR0,1.5,0.512,0.53248,20.4799999999999,late_or_on_time,0
M1 TS-D-RLS,Equal-Report,RAMP-011,TRACE_DERIVED_OBSERVATION,ESR_ramp,1,ESR/ESR0,1.75,0.75776,0.77824,20.4800000000001,late_or_on_time,0
M2 TS-SLTVKE,Native,RAMP-011,TRACE_DERIVED_OBSERVATION,ESR_ramp,1,ESR/ESR0,1.25,0.25,0.22964,-20.36,early,0
M2 TS-SLTVKE,Native,RAMP-011,TRACE_DERIVED_OBSERVATION,ESR_ramp,1,ESR/ESR0,1.5,0.5,0.4752,-24.8,early,0
M2 TS-SLTVKE,Native,RAMP-011,TRACE_DERIVED_OBSERVATION,ESR_ramp,1,ESR/ESR0,1.75,0.75,0.72168,-28.32,early,0
M2 TS-SLTVKE,Equal-Report,RAMP-011,TRACE_DERIVED_OBSERVATION,ESR_ramp,1,ESR/ESR0,1.25,0.26624,0.3072,40.96,late_or_on_time,0
M2 TS-SLTVKE,Equal-Report,RAMP-011,TRACE_DERIVED_OBSERVATION,ESR_ramp,1,ESR/ESR0,1.5,0.512,0.512,0,late_or_on_time,0
M2 TS-SLTVKE,Equal-Report,RAMP-011,TRACE_DERIVED_OBSERVATION,ESR_ramp,1,ESR/ESR0,1.75,0.75776,0.79872,40.96,late_or_on_time,0
M3 Dual EKF,Native,RAMP-011,TRACE_DERIVED_OBSERVATION,ESR_ramp,1,ESR/ESR0,1.25,0.25,0.2,-50,early,0
M3 Dual EKF,Native,RAMP-011,TRACE_DERIVED_OBSERVATION,ESR_ramp,1,ESR/ESR0,1.5,0.5,0.45384,-46.16,early,0
M3 Dual EKF,Native,RAMP-011,TRACE_DERIVED_OBSERVATION,ESR_ramp,1,ESR/ESR0,1.75,0.75,0.70388,-46.12,early,0
M3 Dual EKF,Equal-Report,RAMP-011,TRACE_DERIVED_OBSERVATION,ESR_ramp,1,ESR/ESR0,1.25,0.26624,0.3072,40.96,late_or_on_time,0
M3 Dual EKF,Equal-Report,RAMP-011,TRACE_DERIVED_OBSERVATION,ESR_ramp,1,ESR/ESR0,1.5,0.512,0.55296,40.96,late_or_on_time,0
M3 Dual EKF,Equal-Report,RAMP-011,TRACE_DERIVED_OBSERVATION,ESR_ramp,1,ESR/ESR0,1.75,0.75776,0.8192,61.44,late_or_on_time,0
M1 TS-D-RLS,Native,RAMP-013,TRACE_DERIVED_OBSERVATION,ESR_ramp,10,ESR/ESR0,1.25,2.50012,2.4668,-33.3199999999998,early,0
M1 TS-D-RLS,Native,RAMP-013,TRACE_DERIVED_OBSERVATION,ESR_ramp,10,ESR/ESR0,1.5,5.00024,4.9658,-34.44,early,0
M1 TS-D-RLS,Native,RAMP-013,TRACE_DERIVED_OBSERVATION,ESR_ramp,10,ESR/ESR0,1.75,7.50008,7.46704,-33.0399999999997,early,0
M1 TS-D-RLS,Equal-Report,RAMP-013,TRACE_DERIVED_OBSERVATION,ESR_ramp,10,ESR/ESR0,1.25,2.51916,2.49872,-20.4399999999998,early,0
M1 TS-D-RLS,Equal-Report,RAMP-013,TRACE_DERIVED_OBSERVATION,ESR_ramp,10,ESR/ESR0,1.5,5.0176,5.03832,20.7199999999998,late_or_on_time,0
M1 TS-D-RLS,Equal-Report,RAMP-013,TRACE_DERIVED_OBSERVATION,ESR_ramp,10,ESR/ESR0,1.75,7.51632,7.51632,0,late_or_on_time,0
M2 TS-SLTVKE,Native,RAMP-013,TRACE_DERIVED_OBSERVATION,ESR_ramp,10,ESR/ESR0,1.25,2.50012,1.90232,-597.8,early,0
M2 TS-SLTVKE,Native,RAMP-013,TRACE_DERIVED_OBSERVATION,ESR_ramp,10,ESR/ESR0,1.5,5.00024,4.41756,-582.68,early,0
M2 TS-SLTVKE,Native,RAMP-013,TRACE_DERIVED_OBSERVATION,ESR_ramp,10,ESR/ESR0,1.75,7.50008,6.88772,-612.36,early,0
M2 TS-SLTVKE,Equal-Report,RAMP-013,TRACE_DERIVED_OBSERVATION,ESR_ramp,10,ESR/ESR0,1.25,2.51916,2.02776,-491.4,early,0
M2 TS-SLTVKE,Equal-Report,RAMP-013,TRACE_DERIVED_OBSERVATION,ESR_ramp,10,ESR/ESR0,1.5,5.0176,4.58752,-430.08,early,0
M2 TS-SLTVKE,Equal-Report,RAMP-013,TRACE_DERIVED_OBSERVATION,ESR_ramp,10,ESR/ESR0,1.75,7.51632,7.02464,-491.680000000001,early,0
M3 Dual EKF,Native,RAMP-013,TRACE_DERIVED_OBSERVATION,ESR_ramp,10,ESR/ESR0,1.25,2.50012,2.26772,-232.4,early,0
M3 Dual EKF,Native,RAMP-013,TRACE_DERIVED_OBSERVATION,ESR_ramp,10,ESR/ESR0,1.5,5.00024,4.85996,-140.28,early,0
M3 Dual EKF,Native,RAMP-013,TRACE_DERIVED_OBSERVATION,ESR_ramp,10,ESR/ESR0,1.75,7.50008,7.336,-164.079999999999,early,0
M3 Dual EKF,Equal-Report,RAMP-013,TRACE_DERIVED_OBSERVATION,ESR_ramp,10,ESR/ESR0,1.25,2.51916,2.45784,-61.3199999999998,early,0
M3 Dual EKF,Equal-Report,RAMP-013,TRACE_DERIVED_OBSERVATION,ESR_ramp,10,ESR/ESR0,1.5,5.0176,4.60824,-409.36,early,0
M3 Dual EKF,Equal-Report,RAMP-013,TRACE_DERIVED_OBSERVATION,ESR_ramp,10,ESR/ESR0,1.75,7.51632,7.33208,-184.24,early,0
M1 TS-D-RLS,Native,RAMP-015,TRACE_DERIVED_OBSERVATION,ESR_ramp,100,ESR/ESR0,1.25,25.00092,24.62796,-372.959999999999,early,0
M1 TS-D-RLS,Native,RAMP-015,TRACE_DERIVED_OBSERVATION,ESR_ramp,100,ESR/ESR0,1.5,50.00184,49.4424,-559.440000000002,early,0
M1 TS-D-RLS,Native,RAMP-015,TRACE_DERIVED_OBSERVATION,ESR_ramp,100,ESR/ESR0,1.75,75.00024,74.54916,-451.080000000005,early,0
M1 TS-D-RLS,Equal-Report,RAMP-015,TRACE_DERIVED_OBSERVATION,ESR_ramp,100,ESR/ESR0,1.25,25.00848,24.2298,-778.679999999998,early,0
M1 TS-D-RLS,Equal-Report,RAMP-015,TRACE_DERIVED_OBSERVATION,ESR_ramp,100,ESR/ESR0,1.5,50.01444,48.84516,-1169.28,early,0
M1 TS-D-RLS,Equal-Report,RAMP-015,TRACE_DERIVED_OBSERVATION,ESR_ramp,100,ESR/ESR0,1.75,75.00024,74.40552,-594.720000000009,early,0
M2 TS-SLTVKE,Native,RAMP-015,TRACE_DERIVED_OBSERVATION,ESR_ramp,100,ESR/ESR0,1.25,25.00092,18.49428,-6506.64,early,0
M2 TS-SLTVKE,Native,RAMP-015,TRACE_DERIVED_OBSERVATION,ESR_ramp,100,ESR/ESR0,1.5,50.00184,43.47,-6531.84,early,0
M2 TS-SLTVKE,Native,RAMP-015,TRACE_DERIVED_OBSERVATION,ESR_ramp,100,ESR/ESR0,1.75,75.00024,68.71284,-6287.40000000001,early,0
M2 TS-SLTVKE,Equal-Report,RAMP-015,TRACE_DERIVED_OBSERVATION,ESR_ramp,100,ESR/ESR0,1.25,25.00848,20.29608,-4712.4,early,0
M2 TS-SLTVKE,Equal-Report,RAMP-015,TRACE_DERIVED_OBSERVATION,ESR_ramp,100,ESR/ESR0,1.5,50.01444,46.67544,-3339,early,0
M2 TS-SLTVKE,Equal-Report,RAMP-015,TRACE_DERIVED_OBSERVATION,ESR_ramp,100,ESR/ESR0,1.75,75.00024,69.89976,-5100.48000000001,early,0
M3 Dual EKF,Native,RAMP-015,TRACE_DERIVED_OBSERVATION,ESR_ramp,100,ESR/ESR0,1.25,25.00092,23.21676,-1784.16,early,0
M3 Dual EKF,Native,RAMP-015,TRACE_DERIVED_OBSERVATION,ESR_ramp,100,ESR/ESR0,1.5,50.00184,48.20508,-1796.76,early,0
M3 Dual EKF,Native,RAMP-015,TRACE_DERIVED_OBSERVATION,ESR_ramp,100,ESR/ESR0,1.75,75.00024,73.48572,-1514.52,early,0
M3 Dual EKF,Equal-Report,RAMP-015,TRACE_DERIVED_OBSERVATION,ESR_ramp,100,ESR/ESR0,1.25,25.00848,20.76732,-4241.16,early,0
M3 Dual EKF,Equal-Report,RAMP-015,TRACE_DERIVED_OBSERVATION,ESR_ramp,100,ESR/ESR0,1.5,50.01444,46.40832,-3606.12,early,0
M3 Dual EKF,Equal-Report,RAMP-015,TRACE_DERIVED_OBSERVATION,ESR_ramp,100,ESR/ESR0,1.75,75.00024,71.21016,-3790.08,early,0
M1 TS-D-RLS,Native,RAMP-017,TRACE_DERIVED_OBSERVATION,joint_ramp,0.1,C/C0,0.95,0.025,0.03268,7.68,late_or_on_time,0
M1 TS-D-RLS,Native,RAMP-017,TRACE_DERIVED_OBSERVATION,joint_ramp,0.1,C/C0,0.9,0.05,0.0586,8.6,late_or_on_time,0
M1 TS-D-RLS,Native,RAMP-017,TRACE_DERIVED_OBSERVATION,joint_ramp,0.1,C/C0,0.85,0.075,0.08176,6.76,late_or_on_time,0
M1 TS-D-RLS,Native,RAMP-017,TRACE_DERIVED_OBSERVATION,joint_ramp,0.1,ESR/ESR0,1.25,0.025,0.032,7,late_or_on_time,0
M1 TS-D-RLS,Native,RAMP-017,TRACE_DERIVED_OBSERVATION,joint_ramp,0.1,ESR/ESR0,1.5,0.05,0.05768,7.68,late_or_on_time,0
M1 TS-D-RLS,Native,RAMP-017,TRACE_DERIVED_OBSERVATION,joint_ramp,0.1,ESR/ESR0,1.75,0.075,0.08284,7.84,late_or_on_time,0
M1 TS-D-RLS,Equal-Report,RAMP-017,TRACE_DERIVED_OBSERVATION,joint_ramp,0.1,C/C0,0.95,0.04096,0.06144,20.48,late_or_on_time,0
M1 TS-D-RLS,Equal-Report,RAMP-017,TRACE_DERIVED_OBSERVATION,joint_ramp,0.1,C/C0,0.9,0.06144,0.08192,20.48,late_or_on_time,0
M1 TS-D-RLS,Equal-Report,RAMP-017,TRACE_DERIVED_OBSERVATION,joint_ramp,0.1,C/C0,0.85,0.08192,0.1,18.08,late_or_on_time,0
M1 TS-D-RLS,Equal-Report,RAMP-017,TRACE_DERIVED_OBSERVATION,joint_ramp,0.1,ESR/ESR0,1.25,0.04096,0.06144,20.48,late_or_on_time,0
M1 TS-D-RLS,Equal-Report,RAMP-017,TRACE_DERIVED_OBSERVATION,joint_ramp,0.1,ESR/ESR0,1.5,0.06144,0.08192,20.48,late_or_on_time,0
M1 TS-D-RLS,Equal-Report,RAMP-017,TRACE_DERIVED_OBSERVATION,joint_ramp,0.1,ESR/ESR0,1.75,0.08192,Inf,Inf,missed,1
M2 TS-SLTVKE,Native,RAMP-017,TRACE_DERIVED_OBSERVATION,joint_ramp,0.1,C/C0,0.95,0.025,0.0476,22.6,late_or_on_time,0
M2 TS-SLTVKE,Native,RAMP-017,TRACE_DERIVED_OBSERVATION,joint_ramp,0.1,C/C0,0.9,0.05,0.08248,32.48,late_or_on_time,0
M2 TS-SLTVKE,Native,RAMP-017,TRACE_DERIVED_OBSERVATION,joint_ramp,0.1,C/C0,0.85,0.075,Inf,Inf,missed,1
M2 TS-SLTVKE,Native,RAMP-017,TRACE_DERIVED_OBSERVATION,joint_ramp,0.1,ESR/ESR0,1.25,0.025,0.02452,-0.480000000000001,early,0
M2 TS-SLTVKE,Native,RAMP-017,TRACE_DERIVED_OBSERVATION,joint_ramp,0.1,ESR/ESR0,1.5,0.05,0.05064,0.639999999999995,late_or_on_time,0
M2 TS-SLTVKE,Native,RAMP-017,TRACE_DERIVED_OBSERVATION,joint_ramp,0.1,ESR/ESR0,1.75,0.075,0.07348,-1.51999999999999,early,0
M2 TS-SLTVKE,Equal-Report,RAMP-017,TRACE_DERIVED_OBSERVATION,joint_ramp,0.1,C/C0,0.95,0.04096,0.08192,40.96,late_or_on_time,0
M2 TS-SLTVKE,Equal-Report,RAMP-017,TRACE_DERIVED_OBSERVATION,joint_ramp,0.1,C/C0,0.9,0.06144,Inf,Inf,missed,1
M2 TS-SLTVKE,Equal-Report,RAMP-017,TRACE_DERIVED_OBSERVATION,joint_ramp,0.1,C/C0,0.85,0.08192,Inf,Inf,missed,1
M2 TS-SLTVKE,Equal-Report,RAMP-017,TRACE_DERIVED_OBSERVATION,joint_ramp,0.1,ESR/ESR0,1.25,0.04096,0.06144,20.48,late_or_on_time,0
M2 TS-SLTVKE,Equal-Report,RAMP-017,TRACE_DERIVED_OBSERVATION,joint_ramp,0.1,ESR/ESR0,1.5,0.06144,0.08192,20.48,late_or_on_time,0
M2 TS-SLTVKE,Equal-Report,RAMP-017,TRACE_DERIVED_OBSERVATION,joint_ramp,0.1,ESR/ESR0,1.75,0.08192,0.1,18.08,late_or_on_time,0
M3 Dual EKF,Native,RAMP-017,TRACE_DERIVED_OBSERVATION,joint_ramp,0.1,C/C0,0.95,0.025,0.049,24,late_or_on_time,0
M3 Dual EKF,Native,RAMP-017,TRACE_DERIVED_OBSERVATION,joint_ramp,0.1,C/C0,0.9,0.05,0.09268,42.68,late_or_on_time,0
M3 Dual EKF,Native,RAMP-017,TRACE_DERIVED_OBSERVATION,joint_ramp,0.1,C/C0,0.85,0.075,Inf,Inf,missed,1
M3 Dual EKF,Native,RAMP-017,TRACE_DERIVED_OBSERVATION,joint_ramp,0.1,ESR/ESR0,1.25,0.025,0.02168,-3.32,early,0
M3 Dual EKF,Native,RAMP-017,TRACE_DERIVED_OBSERVATION,joint_ramp,0.1,ESR/ESR0,1.5,0.05,0.0468,-3.2,early,0
M3 Dual EKF,Native,RAMP-017,TRACE_DERIVED_OBSERVATION,joint_ramp,0.1,ESR/ESR0,1.75,0.075,0.07192,-3.08,early,0
M3 Dual EKF,Equal-Report,RAMP-017,TRACE_DERIVED_OBSERVATION,joint_ramp,0.1,C/C0,0.95,0.04096,0.08192,40.96,late_or_on_time,0
M3 Dual EKF,Equal-Report,RAMP-017,TRACE_DERIVED_OBSERVATION,joint_ramp,0.1,C/C0,0.9,0.06144,Inf,Inf,missed,1
M3 Dual EKF,Equal-Report,RAMP-017,TRACE_DERIVED_OBSERVATION,joint_ramp,0.1,C/C0,0.85,0.08192,Inf,Inf,missed,1
M3 Dual EKF,Equal-Report,RAMP-017,TRACE_DERIVED_OBSERVATION,joint_ramp,0.1,ESR/ESR0,1.25,0.04096,0.06144,20.48,late_or_on_time,0
M3 Dual EKF,Equal-Report,RAMP-017,TRACE_DERIVED_OBSERVATION,joint_ramp,0.1,ESR/ESR0,1.5,0.06144,0.08192,20.48,late_or_on_time,0
M3 Dual EKF,Equal-Report,RAMP-017,TRACE_DERIVED_OBSERVATION,joint_ramp,0.1,ESR/ESR0,1.75,0.08192,0.1,18.08,late_or_on_time,0
M1 TS-D-RLS,Native,RAMP-019,TRACE_DERIVED_OBSERVATION,joint_ramp,1,C/C0,0.95,0.25,0.24072,-9.28000000000001,early,0
M1 TS-D-RLS,Native,RAMP-019,TRACE_DERIVED_OBSERVATION,joint_ramp,1,C/C0,0.9,0.5,0.49336,-6.63999999999998,early,0
M1 TS-D-RLS,Native,RAMP-019,TRACE_DERIVED_OBSERVATION,joint_ramp,1,C/C0,0.85,0.75,0.74768,-2.31999999999999,early,0
M1 TS-D-RLS,Native,RAMP-019,TRACE_DERIVED_OBSERVATION,joint_ramp,1,ESR/ESR0,1.25,0.25,0.25548,5.47999999999998,late_or_on_time,0
M1 TS-D-RLS,Native,RAMP-019,TRACE_DERIVED_OBSERVATION,joint_ramp,1,ESR/ESR0,1.5,0.5,0.50412,4.12000000000001,late_or_on_time,0
M1 TS-D-RLS,Native,RAMP-019,TRACE_DERIVED_OBSERVATION,joint_ramp,1,ESR/ESR0,1.75,0.75,0.75432,4.31999999999999,late_or_on_time,0
M1 TS-D-RLS,Equal-Report,RAMP-019,TRACE_DERIVED_OBSERVATION,joint_ramp,1,C/C0,0.95,0.26624,0.26624,0,late_or_on_time,0
M1 TS-D-RLS,Equal-Report,RAMP-019,TRACE_DERIVED_OBSERVATION,joint_ramp,1,C/C0,0.9,0.512,0.55296,40.96,late_or_on_time,0
M1 TS-D-RLS,Equal-Report,RAMP-019,TRACE_DERIVED_OBSERVATION,joint_ramp,1,C/C0,0.85,0.75776,0.77824,20.4800000000001,late_or_on_time,0
M1 TS-D-RLS,Equal-Report,RAMP-019,TRACE_DERIVED_OBSERVATION,joint_ramp,1,ESR/ESR0,1.25,0.26624,0.28672,20.48,late_or_on_time,0
M1 TS-D-RLS,Equal-Report,RAMP-019,TRACE_DERIVED_OBSERVATION,joint_ramp,1,ESR/ESR0,1.5,0.512,0.53248,20.4799999999999,late_or_on_time,0
M1 TS-D-RLS,Equal-Report,RAMP-019,TRACE_DERIVED_OBSERVATION,joint_ramp,1,ESR/ESR0,1.75,0.75776,0.77824,20.4800000000001,late_or_on_time,0
M2 TS-SLTVKE,Native,RAMP-019,TRACE_DERIVED_OBSERVATION,joint_ramp,1,C/C0,0.95,0.25,0.288,38,late_or_on_time,0
M2 TS-SLTVKE,Native,RAMP-019,TRACE_DERIVED_OBSERVATION,joint_ramp,1,C/C0,0.9,0.5,0.54736,47.36,late_or_on_time,0
M2 TS-SLTVKE,Native,RAMP-019,TRACE_DERIVED_OBSERVATION,joint_ramp,1,C/C0,0.85,0.75,0.7884,38.4,late_or_on_time,0
M2 TS-SLTVKE,Native,RAMP-019,TRACE_DERIVED_OBSERVATION,joint_ramp,1,ESR/ESR0,1.25,0.25,0.21708,-32.92,early,0
M2 TS-SLTVKE,Native,RAMP-019,TRACE_DERIVED_OBSERVATION,joint_ramp,1,ESR/ESR0,1.5,0.5,0.47596,-24.04,early,0
M2 TS-SLTVKE,Native,RAMP-019,TRACE_DERIVED_OBSERVATION,joint_ramp,1,ESR/ESR0,1.75,0.75,0.7188,-31.2,early,0
M2 TS-SLTVKE,Equal-Report,RAMP-019,TRACE_DERIVED_OBSERVATION,joint_ramp,1,C/C0,0.95,0.26624,0.32768,61.44,late_or_on_time,0
M2 TS-SLTVKE,Equal-Report,RAMP-019,TRACE_DERIVED_OBSERVATION,joint_ramp,1,C/C0,0.9,0.512,0.57344,61.4399999999999,late_or_on_time,0
M2 TS-SLTVKE,Equal-Report,RAMP-019,TRACE_DERIVED_OBSERVATION,joint_ramp,1,C/C0,0.85,0.75776,0.8192,61.44,late_or_on_time,0
M2 TS-SLTVKE,Equal-Report,RAMP-019,TRACE_DERIVED_OBSERVATION,joint_ramp,1,ESR/ESR0,1.25,0.26624,0.26624,0,late_or_on_time,0
M2 TS-SLTVKE,Equal-Report,RAMP-019,TRACE_DERIVED_OBSERVATION,joint_ramp,1,ESR/ESR0,1.5,0.512,0.53248,20.4799999999999,late_or_on_time,0
M2 TS-SLTVKE,Equal-Report,RAMP-019,TRACE_DERIVED_OBSERVATION,joint_ramp,1,ESR/ESR0,1.75,0.75776,0.79872,40.96,late_or_on_time,0
M3 Dual EKF,Native,RAMP-019,TRACE_DERIVED_OBSERVATION,joint_ramp,1,C/C0,0.95,0.25,0.37168,121.68,late_or_on_time,0
M3 Dual EKF,Native,RAMP-019,TRACE_DERIVED_OBSERVATION,joint_ramp,1,C/C0,0.9,0.5,0.63128,131.28,late_or_on_time,0
M3 Dual EKF,Native,RAMP-019,TRACE_DERIVED_OBSERVATION,joint_ramp,1,C/C0,0.85,0.75,0.88088,130.88,late_or_on_time,0
M3 Dual EKF,Native,RAMP-019,TRACE_DERIVED_OBSERVATION,joint_ramp,1,ESR/ESR0,1.25,0.25,0.19336,-56.64,early,0
M3 Dual EKF,Native,RAMP-019,TRACE_DERIVED_OBSERVATION,joint_ramp,1,ESR/ESR0,1.5,0.5,0.45308,-46.92,early,0
M3 Dual EKF,Native,RAMP-019,TRACE_DERIVED_OBSERVATION,joint_ramp,1,ESR/ESR0,1.75,0.75,0.70316,-46.84,early,0
M3 Dual EKF,Equal-Report,RAMP-019,TRACE_DERIVED_OBSERVATION,joint_ramp,1,C/C0,0.95,0.26624,0.4096,143.36,late_or_on_time,0
M3 Dual EKF,Equal-Report,RAMP-019,TRACE_DERIVED_OBSERVATION,joint_ramp,1,C/C0,0.9,0.512,0.65536,143.36,late_or_on_time,0
M3 Dual EKF,Equal-Report,RAMP-019,TRACE_DERIVED_OBSERVATION,joint_ramp,1,C/C0,0.85,0.75776,0.9216,163.84,late_or_on_time,0
M3 Dual EKF,Equal-Report,RAMP-019,TRACE_DERIVED_OBSERVATION,joint_ramp,1,ESR/ESR0,1.25,0.26624,0.3072,40.96,late_or_on_time,0
M3 Dual EKF,Equal-Report,RAMP-019,TRACE_DERIVED_OBSERVATION,joint_ramp,1,ESR/ESR0,1.5,0.512,0.55296,40.96,late_or_on_time,0
M3 Dual EKF,Equal-Report,RAMP-019,TRACE_DERIVED_OBSERVATION,joint_ramp,1,ESR/ESR0,1.75,0.75776,0.75776,0,late_or_on_time,0
M1 TS-D-RLS,Native,RAMP-021,TRACE_DERIVED_OBSERVATION,joint_ramp,10,C/C0,0.95,2.50012,2.04372,-456.4,early,0
M1 TS-D-RLS,Native,RAMP-021,TRACE_DERIVED_OBSERVATION,joint_ramp,10,C/C0,0.9,5.00024,4.71744,-282.8,early,0
M1 TS-D-RLS,Native,RAMP-021,TRACE_DERIVED_OBSERVATION,joint_ramp,10,C/C0,0.85,7.50008,7.28952,-210.559999999999,early,0
M1 TS-D-RLS,Native,RAMP-021,TRACE_DERIVED_OBSERVATION,joint_ramp,10,ESR/ESR0,1.25,2.50012,2.4528,-47.32,early,0
M1 TS-D-RLS,Native,RAMP-021,TRACE_DERIVED_OBSERVATION,joint_ramp,10,ESR/ESR0,1.5,5.00024,4.9532,-47.04,early,0
M1 TS-D-RLS,Native,RAMP-021,TRACE_DERIVED_OBSERVATION,joint_ramp,10,ESR/ESR0,1.75,7.50008,7.48328,-16.7999999999999,early,0
M1 TS-D-RLS,Equal-Report,RAMP-021,TRACE_DERIVED_OBSERVATION,joint_ramp,10,C/C0,0.95,2.51916,2.43712,-82.0399999999997,early,0
M1 TS-D-RLS,Equal-Report,RAMP-021,TRACE_DERIVED_OBSERVATION,joint_ramp,10,C/C0,0.9,5.0176,5.0176,0,late_or_on_time,0
M1 TS-D-RLS,Equal-Report,RAMP-021,TRACE_DERIVED_OBSERVATION,joint_ramp,10,C/C0,0.85,7.51632,7.5572,40.8799999999996,late_or_on_time,0
M1 TS-D-RLS,Equal-Report,RAMP-021,TRACE_DERIVED_OBSERVATION,joint_ramp,10,ESR/ESR0,1.25,2.51916,2.47828,-40.88,early,0
M1 TS-D-RLS,Equal-Report,RAMP-021,TRACE_DERIVED_OBSERVATION,joint_ramp,10,ESR/ESR0,1.5,5.0176,4.99716,-20.4399999999998,early,0
M1 TS-D-RLS,Equal-Report,RAMP-021,TRACE_DERIVED_OBSERVATION,joint_ramp,10,ESR/ESR0,1.75,7.51632,7.51632,0,late_or_on_time,0
M2 TS-SLTVKE,Native,RAMP-021,TRACE_DERIVED_OBSERVATION,joint_ramp,10,C/C0,0.95,2.50012,2.41752,-82.5999999999998,early,0
M2 TS-SLTVKE,Native,RAMP-021,TRACE_DERIVED_OBSERVATION,joint_ramp,10,C/C0,0.9,5.00024,4.95432,-45.9199999999997,early,0
M2 TS-SLTVKE,Native,RAMP-021,TRACE_DERIVED_OBSERVATION,joint_ramp,10,C/C0,0.85,7.50008,7.50344,3.3600000000007,late_or_on_time,0
M2 TS-SLTVKE,Native,RAMP-021,TRACE_DERIVED_OBSERVATION,joint_ramp,10,ESR/ESR0,1.25,2.50012,1.90232,-597.8,early,0
M2 TS-SLTVKE,Native,RAMP-021,TRACE_DERIVED_OBSERVATION,joint_ramp,10,ESR/ESR0,1.5,5.00024,4.37836,-621.88,early,0
M2 TS-SLTVKE,Native,RAMP-021,TRACE_DERIVED_OBSERVATION,joint_ramp,10,ESR/ESR0,1.75,7.50008,6.9062,-593.88,early,0
M2 TS-SLTVKE,Equal-Report,RAMP-021,TRACE_DERIVED_OBSERVATION,joint_ramp,10,C/C0,0.95,2.51916,2.45784,-61.3199999999998,early,0
M2 TS-SLTVKE,Equal-Report,RAMP-021,TRACE_DERIVED_OBSERVATION,joint_ramp,10,C/C0,0.9,5.0176,4.97672,-40.8799999999996,early,0
M2 TS-SLTVKE,Equal-Report,RAMP-021,TRACE_DERIVED_OBSERVATION,joint_ramp,10,C/C0,0.85,7.51632,7.5572,40.8799999999996,late_or_on_time,0
M2 TS-SLTVKE,Equal-Report,RAMP-021,TRACE_DERIVED_OBSERVATION,joint_ramp,10,ESR/ESR0,1.25,2.51916,2.02776,-491.4,early,0
M2 TS-SLTVKE,Equal-Report,RAMP-021,TRACE_DERIVED_OBSERVATION,joint_ramp,10,ESR/ESR0,1.5,5.0176,4.56708,-450.52,early,0
M2 TS-SLTVKE,Equal-Report,RAMP-021,TRACE_DERIVED_OBSERVATION,joint_ramp,10,ESR/ESR0,1.75,7.51632,7.04536,-470.960000000001,early,0
M3 Dual EKF,Native,RAMP-021,TRACE_DERIVED_OBSERVATION,joint_ramp,10,C/C0,0.95,2.50012,2.6166,116.48,late_or_on_time,0
M3 Dual EKF,Native,RAMP-021,TRACE_DERIVED_OBSERVATION,joint_ramp,10,C/C0,0.9,5.00024,5.12232,122.08,late_or_on_time,0
M3 Dual EKF,Native,RAMP-021,TRACE_DERIVED_OBSERVATION,joint_ramp,10,C/C0,0.85,7.50008,7.62188,121.8,late_or_on_time,0
M3 Dual EKF,Native,RAMP-021,TRACE_DERIVED_OBSERVATION,joint_ramp,10,ESR/ESR0,1.25,2.50012,2.338,-162.12,early,0
M3 Dual EKF,Native,RAMP-021,TRACE_DERIVED_OBSERVATION,joint_ramp,10,ESR/ESR0,1.5,5.00024,4.8496,-150.64,early,0
M3 Dual EKF,Native,RAMP-021,TRACE_DERIVED_OBSERVATION,joint_ramp,10,ESR/ESR0,1.75,7.50008,7.33376,-166.32,early,0
M3 Dual EKF,Equal-Report,RAMP-021,TRACE_DERIVED_OBSERVATION,joint_ramp,10,C/C0,0.95,2.51916,2.64208,122.92,late_or_on_time,0
M3 Dual EKF,Equal-Report,RAMP-021,TRACE_DERIVED_OBSERVATION,joint_ramp,10,C/C0,0.9,5.0176,5.16096,143.36,late_or_on_time,0
M3 Dual EKF,Equal-Report,RAMP-021,TRACE_DERIVED_OBSERVATION,joint_ramp,10,C/C0,0.85,7.51632,7.70056,184.24,late_or_on_time,0
M3 Dual EKF,Equal-Report,RAMP-021,TRACE_DERIVED_OBSERVATION,joint_ramp,10,ESR/ESR0,1.25,2.51916,2.45784,-61.3199999999998,early,0
M3 Dual EKF,Equal-Report,RAMP-021,TRACE_DERIVED_OBSERVATION,joint_ramp,10,ESR/ESR0,1.5,5.0176,4.60824,-409.36,early,0
M3 Dual EKF,Equal-Report,RAMP-021,TRACE_DERIVED_OBSERVATION,joint_ramp,10,ESR/ESR0,1.75,7.51632,7.33208,-184.24,early,0
M1 TS-D-RLS,Native,RAMP-023,TRACE_DERIVED_OBSERVATION,joint_ramp,100,C/C0,0.95,25.00092,21.483,-3517.92,early,0
M1 TS-D-RLS,Native,RAMP-023,TRACE_DERIVED_OBSERVATION,joint_ramp,100,C/C0,0.9,50.00184,45.91944,-4082.4,early,0
M1 TS-D-RLS,Native,RAMP-023,TRACE_DERIVED_OBSERVATION,joint_ramp,100,C/C0,0.85,75.00024,71.11944,-3880.80000000001,early,0
M1 TS-D-RLS,Native,RAMP-023,TRACE_DERIVED_OBSERVATION,joint_ramp,100,ESR/ESR0,1.25,25.00092,24.2802,-720.72,early,0
M1 TS-D-RLS,Native,RAMP-023,TRACE_DERIVED_OBSERVATION,joint_ramp,100,ESR/ESR0,1.5,50.00184,49.34916,-652.680000000004,early,0
M1 TS-D-RLS,Native,RAMP-023,TRACE_DERIVED_OBSERVATION,joint_ramp,100,ESR/ESR0,1.75,75.00024,74.33748,-662.760000000006,early,0
M1 TS-D-RLS,Equal-Report,RAMP-023,TRACE_DERIVED_OBSERVATION,joint_ramp,100,C/C0,0.95,25.00848,22.28436,-2724.12,early,0
M1 TS-D-RLS,Equal-Report,RAMP-023,TRACE_DERIVED_OBSERVATION,joint_ramp,100,C/C0,0.9,50.01444,47.65824,-2356.2,early,0
M1 TS-D-RLS,Equal-Report,RAMP-023,TRACE_DERIVED_OBSERVATION,joint_ramp,100,C/C0,0.85,75.00024,73.58652,-1413.72000000001,early,0
M1 TS-D-RLS,Equal-Report,RAMP-023,TRACE_DERIVED_OBSERVATION,joint_ramp,100,ESR/ESR0,1.25,25.00848,24.2298,-778.679999999998,early,0
M1 TS-D-RLS,Equal-Report,RAMP-023,TRACE_DERIVED_OBSERVATION,joint_ramp,100,ESR/ESR0,1.5,50.01444,49.11228,-902.160000000002,early,0
M1 TS-D-RLS,Equal-Report,RAMP-023,TRACE_DERIVED_OBSERVATION,joint_ramp,100,ESR/ESR0,1.75,75.00024,74.40552,-594.720000000009,early,0
M2 TS-SLTVKE,Native,RAMP-023,TRACE_DERIVED_OBSERVATION,joint_ramp,100,C/C0,0.95,25.00092,23.47884,-1522.08,early,0
M2 TS-SLTVKE,Native,RAMP-023,TRACE_DERIVED_OBSERVATION,joint_ramp,100,C/C0,0.9,50.00184,48.0816,-1920.24,early,0
M2 TS-SLTVKE,Native,RAMP-023,TRACE_DERIVED_OBSERVATION,joint_ramp,100,C/C0,0.85,75.00024,73.58652,-1413.72000000001,early,0
M2 TS-SLTVKE,Native,RAMP-023,TRACE_DERIVED_OBSERVATION,joint_ramp,100,ESR/ESR0,1.25,25.00092,18.64296,-6357.96,early,0
M2 TS-SLTVKE,Native,RAMP-023,TRACE_DERIVED_OBSERVATION,joint_ramp,100,ESR/ESR0,1.5,50.00184,43.64388,-6357.96,early,0
M2 TS-SLTVKE,Native,RAMP-023,TRACE_DERIVED_OBSERVATION,joint_ramp,100,ESR/ESR0,1.75,75.00024,68.25924,-6741,early,0
M2 TS-SLTVKE,Equal-Report,RAMP-023,TRACE_DERIVED_OBSERVATION,joint_ramp,100,C/C0,0.95,25.00848,23.5116,-1496.88,early,0
M2 TS-SLTVKE,Equal-Report,RAMP-023,TRACE_DERIVED_OBSERVATION,joint_ramp,100,C/C0,0.9,50.01444,49.2156,-798.839999999998,early,0
M2 TS-SLTVKE,Equal-Report,RAMP-023,TRACE_DERIVED_OBSERVATION,joint_ramp,100,C/C0,0.85,75.00024,74.07792,-922.319999999999,early,0
M2 TS-SLTVKE,Equal-Report,RAMP-023,TRACE_DERIVED_OBSERVATION,joint_ramp,100,ESR/ESR0,1.25,25.00848,20.81016,-4198.32,early,0
M2 TS-SLTVKE,Equal-Report,RAMP-023,TRACE_DERIVED_OBSERVATION,joint_ramp,100,ESR/ESR0,1.5,50.01444,45.36504,-4649.4,early,0
M2 TS-SLTVKE,Equal-Report,RAMP-023,TRACE_DERIVED_OBSERVATION,joint_ramp,100,ESR/ESR0,1.75,75.00024,69.89976,-5100.48000000001,early,0
M3 Dual EKF,Native,RAMP-023,TRACE_DERIVED_OBSERVATION,joint_ramp,100,C/C0,0.95,25.00092,24.47928,-521.640000000001,early,0
M3 Dual EKF,Native,RAMP-023,TRACE_DERIVED_OBSERVATION,joint_ramp,100,C/C0,0.9,50.00184,49.69944,-302.399999999999,early,0
M3 Dual EKF,Native,RAMP-023,TRACE_DERIVED_OBSERVATION,joint_ramp,100,C/C0,0.85,75.00024,74.40048,-599.760000000003,early,0
M3 Dual EKF,Native,RAMP-023,TRACE_DERIVED_OBSERVATION,joint_ramp,100,ESR/ESR0,1.25,25.00092,23.40324,-1597.68,early,0
M3 Dual EKF,Native,RAMP-023,TRACE_DERIVED_OBSERVATION,joint_ramp,100,ESR/ESR0,1.5,50.00184,48.31092,-1690.92,early,0
M3 Dual EKF,Native,RAMP-023,TRACE_DERIVED_OBSERVATION,joint_ramp,100,ESR/ESR0,1.75,75.00024,73.29924,-1701.00000000001,early,0
M3 Dual EKF,Equal-Report,RAMP-023,TRACE_DERIVED_OBSERVATION,joint_ramp,100,C/C0,0.95,25.00848,24.51456,-493.919999999999,early,0
M3 Dual EKF,Equal-Report,RAMP-023,TRACE_DERIVED_OBSERVATION,joint_ramp,100,C/C0,0.9,50.01444,49.72716,-287.280000000003,early,0
M3 Dual EKF,Equal-Report,RAMP-023,TRACE_DERIVED_OBSERVATION,joint_ramp,100,C/C0,0.85,75.00024,74.42568,-574.560000000005,early,0
M3 Dual EKF,Equal-Report,RAMP-023,TRACE_DERIVED_OBSERVATION,joint_ramp,100,ESR/ESR0,1.25,25.00848,21.03444,-3974.04,early,0
M3 Dual EKF,Equal-Report,RAMP-023,TRACE_DERIVED_OBSERVATION,joint_ramp,100,ESR/ESR0,1.5,50.01444,46.40832,-3606.12,early,0
M3 Dual EKF,Equal-Report,RAMP-023,TRACE_DERIVED_OBSERVATION,joint_ramp,100,ESR/ESR0,1.75,75.00024,71.21016,-3790.08,early,0
M1 TS-D-RLS,Native,XCHK-001,FULL_SWITCHING_MODEL_A_EQUATIONS,C_ramp,0.1,C/C0,0.95,0.025,0.03116,6.16,late_or_on_time,0
M1 TS-D-RLS,Native,XCHK-001,FULL_SWITCHING_MODEL_A_EQUATIONS,C_ramp,0.1,C/C0,0.9,0.05,0.05732,7.32,late_or_on_time,0
M1 TS-D-RLS,Native,XCHK-001,FULL_SWITCHING_MODEL_A_EQUATIONS,C_ramp,0.1,C/C0,0.85,0.075,0.08204,7.04,late_or_on_time,0
M1 TS-D-RLS,Equal-Report,XCHK-001,FULL_SWITCHING_MODEL_A_EQUATIONS,C_ramp,0.1,C/C0,0.95,0.04096,0.06144,20.48,late_or_on_time,0
M1 TS-D-RLS,Equal-Report,XCHK-001,FULL_SWITCHING_MODEL_A_EQUATIONS,C_ramp,0.1,C/C0,0.9,0.06144,0.08192,20.48,late_or_on_time,0
M1 TS-D-RLS,Equal-Report,XCHK-001,FULL_SWITCHING_MODEL_A_EQUATIONS,C_ramp,0.1,C/C0,0.85,0.08192,Inf,Inf,missed,1
M2 TS-SLTVKE,Native,XCHK-001,FULL_SWITCHING_MODEL_A_EQUATIONS,C_ramp,0.1,C/C0,0.95,0.025,0.04692,21.92,late_or_on_time,0
M2 TS-SLTVKE,Native,XCHK-001,FULL_SWITCHING_MODEL_A_EQUATIONS,C_ramp,0.1,C/C0,0.9,0.05,0.084,34,late_or_on_time,0
M2 TS-SLTVKE,Native,XCHK-001,FULL_SWITCHING_MODEL_A_EQUATIONS,C_ramp,0.1,C/C0,0.85,0.075,Inf,Inf,missed,1
M2 TS-SLTVKE,Equal-Report,XCHK-001,FULL_SWITCHING_MODEL_A_EQUATIONS,C_ramp,0.1,C/C0,0.95,0.04096,0.08192,40.96,late_or_on_time,0
M2 TS-SLTVKE,Equal-Report,XCHK-001,FULL_SWITCHING_MODEL_A_EQUATIONS,C_ramp,0.1,C/C0,0.9,0.06144,Inf,Inf,missed,1
M2 TS-SLTVKE,Equal-Report,XCHK-001,FULL_SWITCHING_MODEL_A_EQUATIONS,C_ramp,0.1,C/C0,0.85,0.08192,Inf,Inf,missed,1
M3 Dual EKF,Native,XCHK-001,FULL_SWITCHING_MODEL_A_EQUATIONS,C_ramp,0.1,C/C0,0.95,0.025,0.0484,23.4,late_or_on_time,0
M3 Dual EKF,Native,XCHK-001,FULL_SWITCHING_MODEL_A_EQUATIONS,C_ramp,0.1,C/C0,0.9,0.05,0.09372,43.72,late_or_on_time,0
M3 Dual EKF,Native,XCHK-001,FULL_SWITCHING_MODEL_A_EQUATIONS,C_ramp,0.1,C/C0,0.85,0.075,Inf,Inf,missed,1
M3 Dual EKF,Equal-Report,XCHK-001,FULL_SWITCHING_MODEL_A_EQUATIONS,C_ramp,0.1,C/C0,0.95,0.04096,0.08192,40.96,late_or_on_time,0
M3 Dual EKF,Equal-Report,XCHK-001,FULL_SWITCHING_MODEL_A_EQUATIONS,C_ramp,0.1,C/C0,0.9,0.06144,Inf,Inf,missed,1
M3 Dual EKF,Equal-Report,XCHK-001,FULL_SWITCHING_MODEL_A_EQUATIONS,C_ramp,0.1,C/C0,0.85,0.08192,Inf,Inf,missed,1
M1 TS-D-RLS,Native,XCHK-002,FULL_SWITCHING_MODEL_A_EQUATIONS,ESR_ramp,0.1,ESR/ESR0,1.25,0.025,0.032,7,late_or_on_time,0
M1 TS-D-RLS,Native,XCHK-002,FULL_SWITCHING_MODEL_A_EQUATIONS,ESR_ramp,0.1,ESR/ESR0,1.5,0.05,0.05772,7.72,late_or_on_time,0
M1 TS-D-RLS,Native,XCHK-002,FULL_SWITCHING_MODEL_A_EQUATIONS,ESR_ramp,0.1,ESR/ESR0,1.75,0.075,0.08248,7.48,late_or_on_time,0
M1 TS-D-RLS,Equal-Report,XCHK-002,FULL_SWITCHING_MODEL_A_EQUATIONS,ESR_ramp,0.1,ESR/ESR0,1.25,0.04096,0.06144,20.48,late_or_on_time,0
M1 TS-D-RLS,Equal-Report,XCHK-002,FULL_SWITCHING_MODEL_A_EQUATIONS,ESR_ramp,0.1,ESR/ESR0,1.5,0.06144,0.08192,20.48,late_or_on_time,0
M1 TS-D-RLS,Equal-Report,XCHK-002,FULL_SWITCHING_MODEL_A_EQUATIONS,ESR_ramp,0.1,ESR/ESR0,1.75,0.08192,Inf,Inf,missed,1
M2 TS-SLTVKE,Native,XCHK-002,FULL_SWITCHING_MODEL_A_EQUATIONS,ESR_ramp,0.1,ESR/ESR0,1.25,0.025,0.02616,1.16,late_or_on_time,0
M2 TS-SLTVKE,Native,XCHK-002,FULL_SWITCHING_MODEL_A_EQUATIONS,ESR_ramp,0.1,ESR/ESR0,1.5,0.05,0.04984,-0.16,early,0
M2 TS-SLTVKE,Native,XCHK-002,FULL_SWITCHING_MODEL_A_EQUATIONS,ESR_ramp,0.1,ESR/ESR0,1.75,0.075,0.07356,-1.44,early,0
M2 TS-SLTVKE,Equal-Report,XCHK-002,FULL_SWITCHING_MODEL_A_EQUATIONS,ESR_ramp,0.1,ESR/ESR0,1.25,0.04096,0.06144,20.48,late_or_on_time,0
M2 TS-SLTVKE,Equal-Report,XCHK-002,FULL_SWITCHING_MODEL_A_EQUATIONS,ESR_ramp,0.1,ESR/ESR0,1.5,0.06144,0.08192,20.48,late_or_on_time,0
M2 TS-SLTVKE,Equal-Report,XCHK-002,FULL_SWITCHING_MODEL_A_EQUATIONS,ESR_ramp,0.1,ESR/ESR0,1.75,0.08192,0.1,18.08,late_or_on_time,0
M3 Dual EKF,Native,XCHK-002,FULL_SWITCHING_MODEL_A_EQUATIONS,ESR_ramp,0.1,ESR/ESR0,1.25,0.025,0.02168,-3.32,early,0
M3 Dual EKF,Native,XCHK-002,FULL_SWITCHING_MODEL_A_EQUATIONS,ESR_ramp,0.1,ESR/ESR0,1.5,0.05,0.04604,-3.96000000000001,early,0
M3 Dual EKF,Native,XCHK-002,FULL_SWITCHING_MODEL_A_EQUATIONS,ESR_ramp,0.1,ESR/ESR0,1.75,0.075,0.0712,-3.8,early,0
M3 Dual EKF,Equal-Report,XCHK-002,FULL_SWITCHING_MODEL_A_EQUATIONS,ESR_ramp,0.1,ESR/ESR0,1.25,0.04096,0.06144,20.48,late_or_on_time,0
M3 Dual EKF,Equal-Report,XCHK-002,FULL_SWITCHING_MODEL_A_EQUATIONS,ESR_ramp,0.1,ESR/ESR0,1.5,0.06144,0.08192,20.48,late_or_on_time,0
M3 Dual EKF,Equal-Report,XCHK-002,FULL_SWITCHING_MODEL_A_EQUATIONS,ESR_ramp,0.1,ESR/ESR0,1.75,0.08192,0.1,18.08,late_or_on_time,0
M1 TS-D-RLS,Native,XCHK-003,FULL_SWITCHING_MODEL_A_EQUATIONS,joint_ramp,0.1,C/C0,0.95,0.025,0.0322,7.2,late_or_on_time,0
M1 TS-D-RLS,Native,XCHK-003,FULL_SWITCHING_MODEL_A_EQUATIONS,joint_ramp,0.1,C/C0,0.9,0.05,0.05832,8.31999999999999,late_or_on_time,0
M1 TS-D-RLS,Native,XCHK-003,FULL_SWITCHING_MODEL_A_EQUATIONS,joint_ramp,0.1,C/C0,0.85,0.075,0.0828,7.8,late_or_on_time,0
M1 TS-D-RLS,Native,XCHK-003,FULL_SWITCHING_MODEL_A_EQUATIONS,joint_ramp,0.1,ESR/ESR0,1.25,0.025,0.03208,7.08,late_or_on_time,0
M1 TS-D-RLS,Native,XCHK-003,FULL_SWITCHING_MODEL_A_EQUATIONS,joint_ramp,0.1,ESR/ESR0,1.5,0.05,0.0578,7.79999999999999,late_or_on_time,0
M1 TS-D-RLS,Native,XCHK-003,FULL_SWITCHING_MODEL_A_EQUATIONS,joint_ramp,0.1,ESR/ESR0,1.75,0.075,0.08272,7.72,late_or_on_time,0
M1 TS-D-RLS,Equal-Report,XCHK-003,FULL_SWITCHING_MODEL_A_EQUATIONS,joint_ramp,0.1,C/C0,0.95,0.04096,0.06144,20.48,late_or_on_time,0
M1 TS-D-RLS,Equal-Report,XCHK-003,FULL_SWITCHING_MODEL_A_EQUATIONS,joint_ramp,0.1,C/C0,0.9,0.06144,0.08192,20.48,late_or_on_time,0
M1 TS-D-RLS,Equal-Report,XCHK-003,FULL_SWITCHING_MODEL_A_EQUATIONS,joint_ramp,0.1,C/C0,0.85,0.08192,Inf,Inf,missed,1
M1 TS-D-RLS,Equal-Report,XCHK-003,FULL_SWITCHING_MODEL_A_EQUATIONS,joint_ramp,0.1,ESR/ESR0,1.25,0.04096,0.06144,20.48,late_or_on_time,0
M1 TS-D-RLS,Equal-Report,XCHK-003,FULL_SWITCHING_MODEL_A_EQUATIONS,joint_ramp,0.1,ESR/ESR0,1.5,0.06144,0.08192,20.48,late_or_on_time,0
M1 TS-D-RLS,Equal-Report,XCHK-003,FULL_SWITCHING_MODEL_A_EQUATIONS,joint_ramp,0.1,ESR/ESR0,1.75,0.08192,Inf,Inf,missed,1
M2 TS-SLTVKE,Native,XCHK-003,FULL_SWITCHING_MODEL_A_EQUATIONS,joint_ramp,0.1,C/C0,0.95,0.025,0.04636,21.36,late_or_on_time,0
M2 TS-SLTVKE,Native,XCHK-003,FULL_SWITCHING_MODEL_A_EQUATIONS,joint_ramp,0.1,C/C0,0.9,0.05,0.08328,33.28,late_or_on_time,0
M2 TS-SLTVKE,Native,XCHK-003,FULL_SWITCHING_MODEL_A_EQUATIONS,joint_ramp,0.1,C/C0,0.85,0.075,Inf,Inf,missed,1
M2 TS-SLTVKE,Native,XCHK-003,FULL_SWITCHING_MODEL_A_EQUATIONS,joint_ramp,0.1,ESR/ESR0,1.25,0.025,0.0246,-0.400000000000001,early,0
M2 TS-SLTVKE,Native,XCHK-003,FULL_SWITCHING_MODEL_A_EQUATIONS,joint_ramp,0.1,ESR/ESR0,1.5,0.05,0.05052,0.52,late_or_on_time,0
M2 TS-SLTVKE,Native,XCHK-003,FULL_SWITCHING_MODEL_A_EQUATIONS,joint_ramp,0.1,ESR/ESR0,1.75,0.075,0.07412,-0.879999999999992,early,0
M2 TS-SLTVKE,Equal-Report,XCHK-003,FULL_SWITCHING_MODEL_A_EQUATIONS,joint_ramp,0.1,C/C0,0.95,0.04096,0.08192,40.96,late_or_on_time,0
M2 TS-SLTVKE,Equal-Report,XCHK-003,FULL_SWITCHING_MODEL_A_EQUATIONS,joint_ramp,0.1,C/C0,0.9,0.06144,Inf,Inf,missed,1
M2 TS-SLTVKE,Equal-Report,XCHK-003,FULL_SWITCHING_MODEL_A_EQUATIONS,joint_ramp,0.1,C/C0,0.85,0.08192,Inf,Inf,missed,1
M2 TS-SLTVKE,Equal-Report,XCHK-003,FULL_SWITCHING_MODEL_A_EQUATIONS,joint_ramp,0.1,ESR/ESR0,1.25,0.04096,0.06144,20.48,late_or_on_time,0
M2 TS-SLTVKE,Equal-Report,XCHK-003,FULL_SWITCHING_MODEL_A_EQUATIONS,joint_ramp,0.1,ESR/ESR0,1.5,0.06144,0.08192,20.48,late_or_on_time,0
M2 TS-SLTVKE,Equal-Report,XCHK-003,FULL_SWITCHING_MODEL_A_EQUATIONS,joint_ramp,0.1,ESR/ESR0,1.75,0.08192,0.1,18.08,late_or_on_time,0
M3 Dual EKF,Native,XCHK-003,FULL_SWITCHING_MODEL_A_EQUATIONS,joint_ramp,0.1,C/C0,0.95,0.025,0.04828,23.28,late_or_on_time,0
M3 Dual EKF,Native,XCHK-003,FULL_SWITCHING_MODEL_A_EQUATIONS,joint_ramp,0.1,C/C0,0.9,0.05,0.09388,43.88,late_or_on_time,0
M3 Dual EKF,Native,XCHK-003,FULL_SWITCHING_MODEL_A_EQUATIONS,joint_ramp,0.1,C/C0,0.85,0.075,Inf,Inf,missed,1
M3 Dual EKF,Native,XCHK-003,FULL_SWITCHING_MODEL_A_EQUATIONS,joint_ramp,0.1,ESR/ESR0,1.25,0.025,0.02088,-4.12,early,0
M3 Dual EKF,Native,XCHK-003,FULL_SWITCHING_MODEL_A_EQUATIONS,joint_ramp,0.1,ESR/ESR0,1.5,0.05,0.04528,-4.72,early,0
M3 Dual EKF,Native,XCHK-003,FULL_SWITCHING_MODEL_A_EQUATIONS,joint_ramp,0.1,ESR/ESR0,1.75,0.075,0.07196,-3.04,early,0
M3 Dual EKF,Equal-Report,XCHK-003,FULL_SWITCHING_MODEL_A_EQUATIONS,joint_ramp,0.1,C/C0,0.95,0.04096,0.08192,40.96,late_or_on_time,0
M3 Dual EKF,Equal-Report,XCHK-003,FULL_SWITCHING_MODEL_A_EQUATIONS,joint_ramp,0.1,C/C0,0.9,0.06144,Inf,Inf,missed,1
M3 Dual EKF,Equal-Report,XCHK-003,FULL_SWITCHING_MODEL_A_EQUATIONS,joint_ramp,0.1,C/C0,0.85,0.08192,Inf,Inf,missed,1
M3 Dual EKF,Equal-Report,XCHK-003,FULL_SWITCHING_MODEL_A_EQUATIONS,joint_ramp,0.1,ESR/ESR0,1.25,0.04096,0.06144,20.48,late_or_on_time,0
M3 Dual EKF,Equal-Report,XCHK-003,FULL_SWITCHING_MODEL_A_EQUATIONS,joint_ramp,0.1,ESR/ESR0,1.5,0.06144,0.08192,20.48,late_or_on_time,0
M3 Dual EKF,Equal-Report,XCHK-003,FULL_SWITCHING_MODEL_A_EQUATIONS,joint_ramp,0.1,ESR/ESR0,1.75,0.08192,0.1,18.08,late_or_on_time,0
