adc_bits,voltage_LSB_V,current_LSB_A,samples_per_cycle,sample_phase_fraction,method,pre_projection_C_F,pre_projection_ESR_Ohm,C_est_F,C_MAPE_percent,ESR_est_Ohm,ESR_MAPE_percent,status,edge_window_us,edge_points_per_side
12,0.0244200244200244,0.00244200244200244,8,0,old_TS_LTVKF,0.00015,0.0476363045279565,0.00015,50,0.0476363045279565,4.72739094408703,FAIL,6,3
12,0.0244200244200244,0.00244200244200244,8,0,TR_TS_LTVKF,0.000109535175474555,0.05,0.00010529002430429,5.29002430428995,0.05,0,FAIL,6,3
12,0.0244200244200244,0.00244200244200244,8,0.0625,old_TS_LTVKF,0.00015,0.0529133422182623,0.00015,50,0.0529133422182623,5.82668443652452,FAIL,6,3
12,0.0244200244200244,0.00244200244200244,8,0.0625,TR_TS_LTVKF,0.000111417217536852,0.05,0.000111348558332462,11.3485583324618,0.05,0,FAIL,6,3
12,0.0244200244200244,0.00244200244200244,8,0.125,old_TS_LTVKF,0.00015,0.0542567013591853,0.00015,50,0.0542567013591853,8.51340271837062,FAIL,6,3
12,0.0244200244200244,0.00244200244200244,8,0.125,TR_TS_LTVKF,0.000111574587412286,0.05,0.000111574587412286,11.5745874122863,0.05,0,FAIL,6,3
12,0.0244200244200244,0.00244200244200244,8,0.1875,old_TS_LTVKF,0.00015,0.0488935773452182,0.00015,50,0.0488935773452182,2.21284530956352,FAIL,6,3
12,0.0244200244200244,0.00244200244200244,8,0.1875,TR_TS_LTVKF,0.000110782560671778,0.05,0.000110782560671778,10.7825606717784,0.05,0,FAIL,6,3
12,0.0244200244200244,0.00244200244200244,8,0.25,old_TS_LTVKF,0.00015,0.043165793194292,0.00015,50,0.043165793194292,13.6684136114161,FAIL,6,3
12,0.0244200244200244,0.00244200244200244,8,0.25,TR_TS_LTVKF,0.000105823845681411,0.05,0.000102242178000416,2.24217800041639,0.05,0,PASS,6,3
12,0.0244200244200244,0.00244200244200244,8,0.3125,old_TS_LTVKF,0.00015,0.0444801735420655,0.00015,50,0.0444801735420655,11.039652915869,FAIL,6,3
12,0.0244200244200244,0.00244200244200244,8,0.3125,TR_TS_LTVKF,0.000105793575557962,0.05,0.000101950608706302,1.95060870630177,0.05,0,PASS,6,3
12,0.0244200244200244,0.00244200244200244,8,0.375,old_TS_LTVKF,0.00015,0.0451304942064755,0.00015,50,0.0451304942064755,9.73901158704894,FAIL,6,3
12,0.0244200244200244,0.00244200244200244,8,0.375,TR_TS_LTVKF,0.000105357012094389,0.05,0.000101851674947726,1.85167494772633,0.05,0,PASS,6,3
12,0.0244200244200244,0.00244200244200244,8,0.4375,old_TS_LTVKF,0.00015,0.0467383504454048,0.00015,50,0.0467383504454048,6.52329910919032,FAIL,6,3
12,0.0244200244200244,0.00244200244200244,8,0.4375,TR_TS_LTVKF,7.97231284523139e-05,0.0397698251014219,8.48162849031716e-05,15.1837150968285,0.0520573020516103,4.1146041032206,FAIL,6,3
12,0.0244200244200244,0.00244200244200244,8,0.5,old_TS_LTVKF,0.00015,0.0468317931204337,0.00015,50,0.0468317931204337,6.33641375913253,FAIL,6,3
12,0.0244200244200244,0.00244200244200244,8,0.5,TR_TS_LTVKF,0.000103522558397962,0.0515410598911222,0.000101679173695337,1.67917369533712,0.0511645164621304,2.32903292426088,PASS,6,3
12,0.0244200244200244,0.00244200244200244,8,0.5625,old_TS_LTVKF,0.00015,0.0477670580615023,0.00015,50,0.0477670580615023,4.46588387699532,FAIL,6,3
12,0.0244200244200244,0.00244200244200244,8,0.5625,TR_TS_LTVKF,0.000107631922444133,0.0485476988893309,0.000104041510201252,4.04151020125234,0.0504483885228199,0.896777045639707,FAIL,6,3
12,0.0244200244200244,0.00244200244200244,8,0.625,old_TS_LTVKF,0.00015,0.0507865032059491,0.00015,50,0.0507865032059491,1.57300641189826,FAIL,6,3
12,0.0244200244200244,0.00244200244200244,8,0.625,TR_TS_LTVKF,0.000108215874893834,0.05,0.000104260585227974,4.26058522797412,0.05,0,FAIL,6,3
12,0.0244200244200244,0.00244200244200244,8,0.6875,old_TS_LTVKF,0.00015,0.0531185112237112,0.00015,50,0.0531185112237112,6.23702244742246,FAIL,6,3
12,0.0244200244200244,0.00244200244200244,8,0.6875,TR_TS_LTVKF,0.000108580568882216,0.05,0.000104268766207958,4.26876620795822,0.05,0,FAIL,6,3
12,0.0244200244200244,0.00244200244200244,8,0.75,old_TS_LTVKF,0.00015,0.0544669334791644,0.00015,50,0.0544669334791644,8.93386695832879,FAIL,6,3
12,0.0244200244200244,0.00244200244200244,8,0.75,TR_TS_LTVKF,0.000107562602626716,0.05,0.000104157036080579,4.15703608057936,0.05,0,FAIL,6,3
12,0.0244200244200244,0.00244200244200244,8,0.8125,old_TS_LTVKF,0.00015,0.0569469746155945,0.00015,50,0.0569469746155945,13.8939492311889,FAIL,6,3
12,0.0244200244200244,0.00244200244200244,8,0.8125,TR_TS_LTVKF,0.000109469808497717,0.05,0.00010355992560891,3.55992560890983,0.05,0,FAIL,6,3
12,0.0244200244200244,0.00244200244200244,8,0.875,old_TS_LTVKF,0.00015,0.0599827692221923,0.00015,50,0.0599827692221923,19.9655384443846,FAIL,6,3
12,0.0244200244200244,0.00244200244200244,8,0.875,TR_TS_LTVKF,8.2768137634552e-05,0.05,8.75993621839082e-05,12.4006378160918,0.05,0,FAIL,6,3
12,0.0244200244200244,0.00244200244200244,8,0.9375,old_TS_LTVKF,0.00015,0.0610371939558428,0.00015,50,0.0610371939558428,22.0743879116856,FAIL,6,3
12,0.0244200244200244,0.00244200244200244,8,0.9375,TR_TS_LTVKF,8.30954725194161e-05,0.05,8.66654644535035e-05,13.3345355464965,0.05,0,FAIL,6,3
12,0.0244200244200244,0.00244200244200244,12,0,old_TS_LTVKF,0.000119715989901471,0.0434953329879388,0.000119715989901471,19.7159899014708,0.0434953329879388,13.0093340241223,FAIL,5,3
12,0.0244200244200244,0.00244200244200244,12,0,TR_TS_LTVKF,0.000105226789206605,0.0518556560953814,9.92167130221819e-05,0.78328697781811,0.0511108241868882,2.22164837377641,PASS,5,3
12,0.0244200244200244,0.00244200244200244,12,0.0625,old_TS_LTVKF,0.000145243340120371,0.0445354725653414,0.000145243340120371,45.2433401203713,0.0445354725653414,10.9290548693173,FAIL,5,3
12,0.0244200244200244,0.00244200244200244,12,0.0625,TR_TS_LTVKF,9.05548971988875e-05,0.0627351371795993,9.06897436435356e-05,9.3102563564644,0.058506833696789,17.0136673935781,FAIL,5,3
12,0.0244200244200244,0.00244200244200244,12,0.125,old_TS_LTVKF,0.00015,0.0454579838153353,0.00015,50,0.0454579838153353,9.08403236932943,FAIL,5,3
12,0.0244200244200244,0.00244200244200244,12,0.125,TR_TS_LTVKF,0.000108384686475158,0.0442219733982049,0.00010528791687264,5.28791687264021,0.0493681470134063,1.26370597318745,FAIL,5,3
12,0.0244200244200244,0.00244200244200244,12,0.1875,old_TS_LTVKF,6.28407703535057e-05,0.0481867379320856,6.28407703535057e-05,37.1592296464944,0.0481867379320856,3.62652413582881,FAIL,5,3
12,0.0244200244200244,0.00244200244200244,12,0.1875,TR_TS_LTVKF,0.000108032261500709,0.0431755908809502,0.000105523052639841,5.52305263984079,0.049263592522758,1.47281495448393,FAIL,5,3
12,0.0244200244200244,0.00244200244200244,12,0.25,old_TS_LTVKF,6.05045249554998e-05,0.0427947542792225,6.05045249554998e-05,39.4954750445002,0.0427947542792225,14.410491441555,FAIL,5,3
12,0.0244200244200244,0.00244200244200244,12,0.25,TR_TS_LTVKF,0.000108669497299681,0.0448716054629874,0.000105408297316359,5.40829731635852,0.0512766782484751,2.5533564969501,FAIL,5,3
12,0.0244200244200244,0.00244200244200244,12,0.3125,old_TS_LTVKF,6.23334704009967e-05,0.0470689339257949,6.23334704009967e-05,37.6665295990033,0.0470689339257949,5.8621321484101,FAIL,5,3
12,0.0244200244200244,0.00244200244200244,12,0.3125,TR_TS_LTVKF,8.97622171292361e-05,0.0584860563313313,9.10835834771525e-05,8.91641652284751,0.055826376508361,11.652753016722,FAIL,5,3
12,0.0244200244200244,0.00244200244200244,12,0.375,old_TS_LTVKF,7.18521436921515e-05,0.0470205685264227,7.18521436921515e-05,28.1478563078485,0.0470205685264227,5.95886294715459,FAIL,5,3
12,0.0244200244200244,0.00244200244200244,12,0.375,TR_TS_LTVKF,8.97732573390754e-05,0.0577881948620903,9.08257523921451e-05,9.17424760785488,0.0557912548353204,11.5825096706409,FAIL,5,3
12,0.0244200244200244,0.00244200244200244,12,0.4375,old_TS_LTVKF,0.000132041249610908,0.0503518094108284,0.000132041249610908,32.0412496109078,0.0503518094108284,0.703618821656748,FAIL,5,3
12,0.0244200244200244,0.00244200244200244,12,0.4375,TR_TS_LTVKF,8.96570350544827e-05,0.0428953569303676,9.05803418285289e-05,9.41965817147112,0.0546812250124949,9.36245002498974,FAIL,5,3
12,0.0244200244200244,0.00244200244200244,12,0.5,old_TS_LTVKF,0.00015,0.0621447395950222,0.00015,50,0.0621447395950222,24.2894791900445,FAIL,5,3
12,0.0244200244200244,0.00244200244200244,12,0.5,TR_TS_LTVKF,9.04451094416873e-05,0.054158541257365,9.14561162818395e-05,8.54388371816052,0.0508384473214615,1.67689464292295,FAIL,5,3
12,0.0244200244200244,0.00244200244200244,12,0.5625,old_TS_LTVKF,0.00015,0.0528559064310459,0.00015,50,0.0528559064310459,5.71181286209181,FAIL,5,3
12,0.0244200244200244,0.00244200244200244,12,0.5625,TR_TS_LTVKF,0.000106623804661284,0.0527505890940716,0.000103455586911559,3.45558691155938,0.0507996633041481,1.59932660829611,FAIL,5,3
12,0.0244200244200244,0.00244200244200244,12,0.625,old_TS_LTVKF,0.00015,0.0536030648546523,0.00015,50,0.0536030648546523,7.20612970930454,FAIL,5,3
12,0.0244200244200244,0.00244200244200244,12,0.625,TR_TS_LTVKF,7.97887534811169e-05,0.0513944999968313,8.46709556145177e-05,15.3290443854823,0.0508119306244458,1.62386124889153,FAIL,5,3
12,0.0244200244200244,0.00244200244200244,12,0.6875,old_TS_LTVKF,0.00015,0.0544496943751181,0.00015,50,0.0544496943751181,8.89938875023615,FAIL,5,3
12,0.0244200244200244,0.00244200244200244,12,0.6875,TR_TS_LTVKF,7.9416248606047e-05,0.0474148726223756,8.4354906226958e-05,15.645093773042,0.0507752256561129,1.55045131222589,FAIL,5,3
12,0.0244200244200244,0.00244200244200244,12,0.75,old_TS_LTVKF,0.00015,0.0554636270152561,0.00015,50,0.0554636270152561,10.9272540305123,FAIL,5,3
12,0.0244200244200244,0.00244200244200244,12,0.75,TR_TS_LTVKF,9.57927754690363e-05,0.0521895753168052,9.58426149118947e-05,4.1573850881053,0.0504231821085053,0.846364217010676,FAIL,5,3
12,0.0244200244200244,0.00244200244200244,12,0.8125,old_TS_LTVKF,0.00015,0.0502026474625913,0.00015,50,0.0502026474625913,0.405294925182575,FAIL,5,3
12,0.0244200244200244,0.00244200244200244,12,0.8125,TR_TS_LTVKF,9.58072059897079e-05,0.0484758889339496,9.58580444378116e-05,4.14195556218843,0.0503031318360985,0.606263672197049,FAIL,5,3
12,0.0244200244200244,0.00244200244200244,12,0.875,old_TS_LTVKF,0.00015,0.0492262810279902,0.00015,50,0.0492262810279902,1.54743794401958,FAIL,5,3
12,0.0244200244200244,0.00244200244200244,12,0.875,TR_TS_LTVKF,9.58235131737085e-05,0.0476337634525827,9.58467242383865e-05,4.15327576161346,0.0504597349245987,0.91946984919733,FAIL,5,3
12,0.0244200244200244,0.00244200244200244,12,0.9375,old_TS_LTVKF,0.00015,0.0519253909232534,0.00015,50,0.0519253909232534,3.85078184650673,FAIL,5,3
12,0.0244200244200244,0.00244200244200244,12,0.9375,TR_TS_LTVKF,0.000103937323410105,0.0445163319038473,9.86186414832707e-05,1.38135851672926,0.0503909843598554,0.781968719710835,PASS,5,3
12,0.0244200244200244,0.00244200244200244,16,0,old_TS_LTVKF,0.00015,0.0478382021539985,0.00015,50,0.0478382021539985,4.32359569200294,FAIL,3.75,3
12,0.0244200244200244,0.00244200244200244,16,0,TR_TS_LTVKF,0.000108552970138722,0.0519199193600868,0.000106138065816027,6.13806581602716,0.0509200450111672,1.84009002233445,FAIL,3.75,3
12,0.0244200244200244,0.00244200244200244,16,0.0625,old_TS_LTVKF,0.00015,0.0531309192941007,0.00015,50,0.0531309192941007,6.26183858820131,FAIL,3.75,3
12,0.0244200244200244,0.00244200244200244,16,0.0625,TR_TS_LTVKF,0.000103917219449783,0.0528512952568599,0.000102196939045332,2.19693904533202,0.0517182651151082,3.43653023021635,PASS,3.75,3
12,0.0244200244200244,0.00244200244200244,16,0.125,old_TS_LTVKF,0.00015,0.05115130246604,0.00015,50,0.05115130246604,2.30260493208003,FAIL,3.75,3
12,0.0244200244200244,0.00244200244200244,16,0.125,TR_TS_LTVKF,0.00010760266276512,0.0487327261939055,0.000104004631500933,4.00463150093275,0.0503899313245767,0.77986264915344,FAIL,3.75,3
12,0.0244200244200244,0.00244200244200244,16,0.1875,old_TS_LTVKF,0.00015,0.0516793412663816,0.00015,50,0.0516793412663816,3.3586825327633,FAIL,3.75,3
12,0.0244200244200244,0.00244200244200244,16,0.1875,TR_TS_LTVKF,0.000109190363174751,0.0478914193556981,0.000104509097000007,4.50909700000695,0.0499102020635319,0.179595872936156,FAIL,3.75,3
12,0.0244200244200244,0.00244200244200244,16,0.25,old_TS_LTVKF,0.00015,0.0533573221978833,0.00015,50,0.0533573221978833,6.71464439576659,FAIL,3.75,3
12,0.0244200244200244,0.00244200244200244,16,0.25,TR_TS_LTVKF,0.000108174483693824,0.0515371805071137,0.00010433523541929,4.33523541929037,0.0495153581345358,0.969283730928383,FAIL,3.75,3
12,0.0244200244200244,0.00244200244200244,16,0.3125,old_TS_LTVKF,0.00015,0.054033595437156,0.00015,50,0.054033595437156,8.06719087431194,FAIL,3.75,3
12,0.0244200244200244,0.00244200244200244,16,0.3125,TR_TS_LTVKF,0.000107993086070037,0.0536625140000648,0.000105043146101712,5.04314610171186,0.04958126029488,0.837479410239972,FAIL,3.75,3
12,0.0244200244200244,0.00244200244200244,16,0.375,old_TS_LTVKF,0.00015,0.0517258698466443,0.00015,50,0.0517258698466443,3.45173969328862,FAIL,3.75,3
12,0.0244200244200244,0.00244200244200244,16,0.375,TR_TS_LTVKF,0.000108527180580275,0.0528600628396788,0.000104297850569552,4.29785056955239,0.0496805932125737,0.638813574852681,FAIL,3.75,3
12,0.0244200244200244,0.00244200244200244,16,0.4375,old_TS_LTVKF,0.00015,0.0479957717336987,0.00015,50,0.0479957717336987,4.00845653260258,FAIL,3.75,3
12,0.0244200244200244,0.00244200244200244,16,0.4375,TR_TS_LTVKF,0.000106081421045441,0.0520403487436819,0.000104968462469473,4.96846246947342,0.0503427919129017,0.68558382580346,FAIL,3.75,3
12,0.0244200244200244,0.00244200244200244,16,0.5,old_TS_LTVKF,0.00015,0.0478886598800302,0.00015,50,0.0478886598800302,4.22268023993956,FAIL,3.75,3
12,0.0244200244200244,0.00244200244200244,16,0.5,TR_TS_LTVKF,0.00010603456602814,0.0519384157779129,0.000105096870352344,5.09687035234374,0.0516808285909497,3.36165718189934,FAIL,3.75,3
12,0.0244200244200244,0.00244200244200244,16,0.5625,old_TS_LTVKF,0.00015,0.049219321221912,0.00015,50,0.049219321221912,1.5613575561761,FAIL,3.75,3
12,0.0244200244200244,0.00244200244200244,16,0.5625,TR_TS_LTVKF,0.000106023714123316,0.0513001347405643,0.000104924993798218,4.92499379821802,0.0509623984512256,1.92479690245129,FAIL,3.75,3
12,0.0244200244200244,0.00244200244200244,16,0.625,old_TS_LTVKF,0.00015,0.049839353755476,0.00015,50,0.049839353755476,0.321292489047986,FAIL,3.75,3
12,0.0244200244200244,0.00244200244200244,16,0.625,TR_TS_LTVKF,0.000103287079231981,0.04802360605339,9.79845773034796e-05,2.01542269652044,0.051473305690952,2.94661138190391,PASS,3.75,3
12,0.0244200244200244,0.00244200244200244,16,0.6875,old_TS_LTVKF,0.00015,0.0521328554798118,0.00015,50,0.0521328554798118,4.26571095962354,FAIL,3.75,3
12,0.0244200244200244,0.00244200244200244,16,0.6875,TR_TS_LTVKF,0.000103264390211478,0.0471787914671612,9.82579840490877e-05,1.74201595091235,0.0519408916970363,3.88178339407259,PASS,3.75,3
12,0.0244200244200244,0.00244200244200244,16,0.75,old_TS_LTVKF,0.00015,0.0544465873216035,0.00015,50,0.0544465873216035,8.89317464320703,FAIL,3.75,3
12,0.0244200244200244,0.00244200244200244,16,0.75,TR_TS_LTVKF,8.38459010684766e-05,0.0464993666892503,8.87773959989319e-05,11.2226040010681,0.0514863168029665,2.97263360593296,FAIL,3.75,3
12,0.0244200244200244,0.00244200244200244,16,0.8125,old_TS_LTVKF,0.00015,0.0542421103678603,0.00015,50,0.0542421103678603,8.48422073572055,FAIL,3.75,3
12,0.0244200244200244,0.00244200244200244,16,0.8125,TR_TS_LTVKF,8.39682435176996e-05,0.0456863481508234,8.64815435463212e-05,13.5184564536788,0.0513779296163695,2.75585923273896,FAIL,3.75,3
12,0.0244200244200244,0.00244200244200244,16,0.875,old_TS_LTVKF,0.00015,0.056286226669969,0.00015,50,0.056286226669969,12.5724533399379,FAIL,3.75,3
12,0.0244200244200244,0.00244200244200244,16,0.875,TR_TS_LTVKF,8.40582083403553e-05,0.0448557128521612,8.62513924651948e-05,13.7486075348052,0.0511027169455375,2.2054338910749,FAIL,3.75,3
12,0.0244200244200244,0.00244200244200244,16,0.9375,old_TS_LTVKF,0.00015,0.0582960711940952,0.00015,50,0.0582960711940952,16.5921423881903,FAIL,3.75,3
12,0.0244200244200244,0.00244200244200244,16,0.9375,TR_TS_LTVKF,0.00010714004618068,0.0513809484808198,0.000106200412563294,6.20041256329404,0.0511640298068015,2.32805961360292,FAIL,3.75,3
12,0.0244200244200244,0.00244200244200244,24,0,old_TS_LTVKF,0.00015,0.0476167882690722,0.00015,50,0.0476167882690722,4.76642346185552,FAIL,2.5,3
12,0.0244200244200244,0.00244200244200244,24,0,TR_TS_LTVKF,0.000112265564829454,0.0537394851204848,0.000107100125353242,7.10012535324163,0.0497688564741336,0.462287051732857,FAIL,2.5,3
12,0.0244200244200244,0.00244200244200244,24,0.0625,old_TS_LTVKF,0.00015,0.0480055999283461,0.00015,50,0.0480055999283461,3.98880014330781,FAIL,2.5,3
12,0.0244200244200244,0.00244200244200244,24,0.0625,TR_TS_LTVKF,9.22150299075909e-05,0.0537596036655405,9.37757591872642e-05,6.22424081273581,0.0500693232840903,0.138646568180523,FAIL,2.5,3
12,0.0244200244200244,0.00244200244200244,24,0.125,old_TS_LTVKF,0.00015,0.0486101852632181,0.00015,50,0.0486101852632181,2.77962947356388,FAIL,2.5,3
12,0.0244200244200244,0.00244200244200244,24,0.125,TR_TS_LTVKF,9.10457027515625e-05,0.0473234949535354,9.11796774473519e-05,8.82032255264815,0.0503927333085179,0.785466617035868,FAIL,2.5,3
12,0.0244200244200244,0.00244200244200244,24,0.1875,old_TS_LTVKF,0.00015,0.048960384746659,0.00015,50,0.048960384746659,2.07923050668204,FAIL,2.5,3
12,0.0244200244200244,0.00244200244200244,24,0.1875,TR_TS_LTVKF,9.16798641053759e-05,0.0465077461662164,9.18388941447202e-05,8.16110585527982,0.0503977916144457,0.795583228891372,FAIL,2.5,3
12,0.0244200244200244,0.00244200244200244,24,0.25,old_TS_LTVKF,0.00015,0.0495151459947631,0.00015,50,0.0495151459947631,0.969708010473846,FAIL,2.5,3
12,0.0244200244200244,0.00244200244200244,24,0.25,TR_TS_LTVKF,9.51545989813757e-05,0.045687882926782,9.6734453533711e-05,3.26554646628903,0.0505816773882396,1.1633547764792,FAIL,2.5,3
12,0.0244200244200244,0.00244200244200244,24,0.3125,old_TS_LTVKF,0.00015,0.0499967486255458,0.00015,50,0.0499967486255458,0.00650274890842129,FAIL,2.5,3
12,0.0244200244200244,0.00244200244200244,24,0.3125,TR_TS_LTVKF,9.50767115962165e-05,0.0448243737302662,9.66848569499846e-05,3.31514305001539,0.0500075854201198,0.0151708402394979,FAIL,2.5,3
12,0.0244200244200244,0.00244200244200244,24,0.375,old_TS_LTVKF,0.00015,0.0504048088268166,0.00015,50,0.0504048088268166,0.809617653633099,FAIL,2.5,3
12,0.0244200244200244,0.00244200244200244,24,0.375,TR_TS_LTVKF,9.50261575931286e-05,0.0439974128162142,9.65643765978393e-05,3.43562340216068,0.0497015279692674,0.596944061465277,FAIL,2.5,3
12,0.0244200244200244,0.00244200244200244,24,0.4375,old_TS_LTVKF,0.00015,0.0507783587340152,0.00015,50,0.0507783587340152,1.55671746803037,FAIL,2.5,3
12,0.0244200244200244,0.00244200244200244,24,0.4375,TR_TS_LTVKF,0.000123199332336004,0.0471474952349165,0.000108415526467903,8.41552646790329,0.0487041171557885,2.591765688423,FAIL,2.5,3
12,0.0244200244200244,0.00244200244200244,24,0.5,old_TS_LTVKF,0.00015,0.051446945396253,0.00015,50,0.051446945396253,2.89389079250606,FAIL,2.5,3
12,0.0244200244200244,0.00244200244200244,24,0.5,TR_TS_LTVKF,0.000123252224816688,0.0467352131497591,0.000108917102633687,8.91710263368672,0.0493109487167182,1.37810256656352,FAIL,2.5,3
12,0.0244200244200244,0.00244200244200244,24,0.5625,old_TS_LTVKF,0.00015,0.0506179285915903,0.00015,50,0.0506179285915903,1.23585718318051,FAIL,2.5,3
12,0.0244200244200244,0.00244200244200244,24,0.5625,TR_TS_LTVKF,0.000123321821916524,0.0461513543923645,0.000108529897280432,8.52989728043172,0.049939814787411,0.120370425178062,FAIL,2.5,3
12,0.0244200244200244,0.00244200244200244,24,0.625,old_TS_LTVKF,0.00015,0.0473302614250023,0.00015,50,0.0473302614250023,5.33947714999544,FAIL,2.5,3
12,0.0244200244200244,0.00244200244200244,24,0.625,TR_TS_LTVKF,8.97059083192783e-05,0.0447431716781498,9.06397643799568e-05,9.36023562004318,0.0474938604566635,5.01227908667302,FAIL,2.5,3
12,0.0244200244200244,0.00244200244200244,24,0.6875,old_TS_LTVKF,0.00015,0.0471065300479219,0.00015,50,0.0471065300479219,5.78693990415621,FAIL,2.5,3
12,0.0244200244200244,0.00244200244200244,24,0.6875,TR_TS_LTVKF,8.97657080045538e-05,0.0444524537775559,9.02816988664617e-05,9.7183011335383,0.0481637647008028,3.67247059839434,FAIL,2.5,3
12,0.0244200244200244,0.00244200244200244,24,0.75,old_TS_LTVKF,0.00015,0.0478485106913425,0.00015,50,0.0478485106913425,4.30297861731492,FAIL,2.5,3
12,0.0244200244200244,0.00244200244200244,24,0.75,TR_TS_LTVKF,8.98342078004747e-05,0.0442028781946067,9.07662216143251e-05,9.23377838567494,0.0486071096916937,2.78578061661251,FAIL,2.5,3
12,0.0244200244200244,0.00244200244200244,24,0.8125,old_TS_LTVKF,0.00015,0.0483516583162741,0.00015,50,0.0483516583162741,3.29668336745189,FAIL,2.5,3
12,0.0244200244200244,0.00244200244200244,24,0.8125,TR_TS_LTVKF,8.97268502328988e-05,0.0439548365190862,9.04419840680499e-05,9.55801593195011,0.048655648837714,2.68870232457201,FAIL,2.5,3
12,0.0244200244200244,0.00244200244200244,24,0.875,old_TS_LTVKF,0.00015,0.0488254433565306,0.00015,50,0.0488254433565306,2.34911328693888,FAIL,2.5,3
12,0.0244200244200244,0.00244200244200244,24,0.875,TR_TS_LTVKF,8.99577664778902e-05,0.038382434199196,9.11370619724745e-05,8.86293802752552,0.0428720235851421,14.2559528297157,FAIL,2.5,3
12,0.0244200244200244,0.00244200244200244,24,0.9375,old_TS_LTVKF,0.00015,0.0494054060599721,0.00015,50,0.0494054060599721,1.18918788005589,FAIL,2.5,3
12,0.0244200244200244,0.00244200244200244,24,0.9375,TR_TS_LTVKF,8.8740167967547e-05,0.0372823698390986,9.11652443122753e-05,8.83475568772468,0.0406517421879097,18.6965156241806,FAIL,2.5,3
12,0.0244200244200244,0.00244200244200244,32,0,old_TS_LTVKF,9.9210559914747e-05,0.0475528674471362,9.9210559914747e-05,0.789440085252979,0.0475528674471362,4.89426510572751,PASS,1.875,3
12,0.0244200244200244,0.00244200244200244,32,0,TR_TS_LTVKF,9.30683409877382e-05,0.0431068320824569,9.41387525758671e-05,5.86124742413286,0.0525792309851684,5.15846197033689,FAIL,1.875,3
12,0.0244200244200244,0.00244200244200244,32,0.0625,old_TS_LTVKF,0.00010051538345454,0.0478806870144506,0.00010051538345454,0.515383454540252,0.0478806870144506,4.23862597109883,PASS,1.875,3
12,0.0244200244200244,0.00244200244200244,32,0.0625,TR_TS_LTVKF,0.000104704206454625,0.0542265303594837,0.000102064820649192,2.06482064919231,0.0514690254223312,2.93805084466241,PASS,1.875,3
12,0.0244200244200244,0.00244200244200244,32,0.125,old_TS_LTVKF,0.000101847765791214,0.0482168142982503,0.000101847765791214,1.84776579121426,0.0482168142982503,3.56637140349935,PASS,1.875,3
12,0.0244200244200244,0.00244200244200244,32,0.125,TR_TS_LTVKF,0.000104661133358329,0.0548830185294489,0.000104507244920872,4.50724492087247,0.0528468049353335,5.69360987066694,FAIL,1.875,3
12,0.0244200244200244,0.00244200244200244,32,0.1875,old_TS_LTVKF,0.000103358046142665,0.0486550206579661,0.000103358046142665,3.35804614266466,0.0486550206579661,2.68995868406781,FAIL,1.875,3
12,0.0244200244200244,0.00244200244200244,32,0.1875,TR_TS_LTVKF,0.000104609554965492,0.0531371435630337,0.000101904438776471,1.90443877647142,0.048270974327465,3.45805134507005,PASS,1.875,3
12,0.0244200244200244,0.00244200244200244,32,0.25,old_TS_LTVKF,0.000105184608682325,0.0489482864379353,0.000105184608682325,5.18460868232453,0.0489482864379353,2.10342712412941,FAIL,1.875,3
12,0.0244200244200244,0.00244200244200244,32,0.25,TR_TS_LTVKF,0.000103461320380424,0.0421463187479263,0.000103461320380424,3.46132038042393,0.0476820861478932,4.63582770421357,FAIL,1.875,3
12,0.0244200244200244,0.00244200244200244,32,0.3125,old_TS_LTVKF,0.000107233663039348,0.0493364907696013,0.000107233663039348,7.23366303934807,0.0493364907696013,1.32701846079744,FAIL,1.875,3
12,0.0244200244200244,0.00244200244200244,32,0.3125,TR_TS_LTVKF,0.00010510591712481,0.0420022318117321,0.000104753880093724,4.75388009372446,0.0506146076737089,1.22921534741778,FAIL,1.875,3
12,0.0244200244200244,0.00244200244200244,32,0.375,old_TS_LTVKF,0.000109578180588461,0.049826598343766,0.000109578180588461,9.57818058846058,0.049826598343766,0.346803312468102,FAIL,1.875,3
12,0.0244200244200244,0.00244200244200244,32,0.375,TR_TS_LTVKF,0.000103355618732517,0.0417085408587589,0.000103355618732517,3.35561873251724,0.0477718933607728,4.45621327845446,FAIL,1.875,3
12,0.0244200244200244,0.00244200244200244,32,0.4375,old_TS_LTVKF,0.000112128224605911,0.0500967403518825,0.000112128224605911,12.1282246059113,0.0500967403518825,0.193480703765081,FAIL,1.875,3
12,0.0244200244200244,0.00244200244200244,32,0.4375,TR_TS_LTVKF,0.000103365721951946,0.0414803819581414,0.000103365721951946,3.36572195194622,0.0472179218309725,5.56415633805508,FAIL,1.875,3
12,0.0244200244200244,0.00244200244200244,32,0.5,old_TS_LTVKF,0.000114848169008304,0.0505544303017209,0.000114848169008304,14.8481690083044,0.0505544303017209,1.10886060344177,FAIL,1.875,3
12,0.0244200244200244,0.00244200244200244,32,0.5,TR_TS_LTVKF,8.31173785411948e-05,0.0411815014448256,8.59914562012429e-05,14.0085437987571,0.0463667651541066,7.26646969178674,FAIL,1.875,3
12,0.0244200244200244,0.00244200244200244,32,0.5625,old_TS_LTVKF,0.000117844444782704,0.0508462411452595,0.000117844444782704,17.844444782704,0.0508462411452595,1.6924822905189,FAIL,1.875,3
12,0.0244200244200244,0.00244200244200244,32,0.5625,TR_TS_LTVKF,8.31895069003108e-05,0.040954657372472,8.60585226840228e-05,13.9414773159772,0.0460671668220806,7.86566635583886,FAIL,1.875,3
12,0.0244200244200244,0.00244200244200244,32,0.625,old_TS_LTVKF,0.000121163595648427,0.0513702242232038,0.000121163595648427,21.1635956484268,0.0513702242232038,2.74044844640762,FAIL,1.875,3
12,0.0244200244200244,0.00244200244200244,32,0.625,TR_TS_LTVKF,8.40852591907725e-05,0.0549792450852919,8.72749100002334e-05,12.7250899997666,0.0461947869182431,7.61042616351371,FAIL,1.875,3
12,0.0244200244200244,0.00244200244200244,32,0.6875,old_TS_LTVKF,0.000124560898101012,0.0517846914513834,0.000124560898101012,24.5608981010121,0.0517846914513834,3.56938290276672,FAIL,1.875,3
12,0.0244200244200244,0.00244200244200244,32,0.6875,TR_TS_LTVKF,8.39056449879374e-05,0.0544825125859149,8.72535149955839e-05,12.7464850044161,0.0463139309189169,7.37213816216625,FAIL,1.875,3
12,0.0244200244200244,0.00244200244200244,32,0.75,old_TS_LTVKF,0.000130862760055842,0.0511287517409686,0.000130862760055842,30.8627600558421,0.0511287517409686,2.2575034819373,FAIL,1.875,3
12,0.0244200244200244,0.00244200244200244,32,0.75,TR_TS_LTVKF,8.47358894325773e-05,0.055293933948234,8.80512962155833e-05,11.9487037844167,0.0540010504722462,8.00210094449232,FAIL,1.875,3
12,0.0244200244200244,0.00244200244200244,32,0.8125,old_TS_LTVKF,0.00015,0.0483938544450015,0.00015,50,0.0483938544450015,3.21229110999707,FAIL,1.875,3
12,0.0244200244200244,0.00244200244200244,32,0.8125,TR_TS_LTVKF,9.43290486649672e-05,0.0549186617526245,9.46065750622169e-05,5.3934249377831,0.0492847817425955,1.43043651480903,FAIL,1.875,3
12,0.0244200244200244,0.00244200244200244,32,0.875,old_TS_LTVKF,0.00015,0.0480792470079473,0.00015,50,0.0480792470079473,3.84150598410545,FAIL,1.875,3
12,0.0244200244200244,0.00244200244200244,32,0.875,TR_TS_LTVKF,9.38228587480515e-05,0.0558850532364278,9.42582980946334e-05,5.74170190536658,0.0511073082410315,2.21461648206291,FAIL,1.875,3
12,0.0244200244200244,0.00244200244200244,32,0.9375,old_TS_LTVKF,0.00015,0.048263003521419,0.00015,50,0.048263003521419,3.47399295716205,FAIL,1.875,3
12,0.0244200244200244,0.00244200244200244,32,0.9375,TR_TS_LTVKF,9.42617347833585e-05,0.055322954053048,9.45262254698949e-05,5.47377453010512,0.0496175123313875,0.764975337225082,FAIL,1.875,3
14,0.0061038881767686,0.00061038881767686,8,0,old_TS_LTVKF,0.000102094813502156,0.0587530411009297,0.000102094813502156,2.09481350215617,0.0587530411009297,17.5060822018593,FAIL,6,3
14,0.0061038881767686,0.00061038881767686,8,0,TR_TS_LTVKF,9.86552529487803e-05,0.05,9.96439478613111e-05,0.356052138688856,0.05,0,PASS,6,3
14,0.0061038881767686,0.00061038881767686,8,0.0625,old_TS_LTVKF,9.89928406477715e-05,0.0593780108234451,9.89928406477715e-05,1.00715935222851,0.0593780108234451,18.7560216468901,FAIL,6,3
14,0.0061038881767686,0.00061038881767686,8,0.0625,TR_TS_LTVKF,9.74305442524975e-05,0.05,0.000100016354547975,0.0163545479745952,0.05,0,PASS,6,3
14,0.0061038881767686,0.00061038881767686,8,0.125,old_TS_LTVKF,9.78780404033877e-05,0.0619603185422933,9.78780404033877e-05,2.12195959661227,0.0619603185422933,23.9206370845866,FAIL,6,3
14,0.0061038881767686,0.00061038881767686,8,0.125,TR_TS_LTVKF,0.000103429083115885,0.05,0.00010052361936193,0.523619361930172,0.05,0,PASS,6,3
14,0.0061038881767686,0.00061038881767686,8,0.1875,old_TS_LTVKF,0.00015,0.048401273463103,0.00015,50,0.048401273463103,3.19745307379398,FAIL,6,3
14,0.0061038881767686,0.00061038881767686,8,0.1875,TR_TS_LTVKF,9.66814453673793e-05,0.05,0.000100039146588084,0.0391465880839492,0.05,0,PASS,6,3
14,0.0061038881767686,0.00061038881767686,8,0.25,old_TS_LTVKF,0.00015,0.0445291073029419,0.00015,50,0.0445291073029419,10.9417853941161,FAIL,6,3
14,0.0061038881767686,0.00061038881767686,8,0.25,TR_TS_LTVKF,0.000101625829315823,0.05,9.99866931609602e-05,0.0133068390398283,0.05,0,PASS,6,3
14,0.0061038881767686,0.00061038881767686,8,0.3125,old_TS_LTVKF,0.00015,0.0440540406022042,0.00015,50,0.0440540406022042,11.8919187955917,FAIL,6,3
14,0.0061038881767686,0.00061038881767686,8,0.3125,TR_TS_LTVKF,0.000102273684803084,0.05,9.9855791362195e-05,0.144208637805043,0.05,0,PASS,6,3
14,0.0061038881767686,0.00061038881767686,8,0.375,old_TS_LTVKF,0.00015,0.0463871059616881,0.00015,50,0.0463871059616881,7.22578807662384,FAIL,6,3
14,0.0061038881767686,0.00061038881767686,8,0.375,TR_TS_LTVKF,0.000102527417983638,0.05,0.00010020805598087,0.208055980869881,0.05,0,PASS,6,3
14,0.0061038881767686,0.00061038881767686,8,0.4375,old_TS_LTVKF,0.00015,0.0479172670601603,0.00015,50,0.0479172670601603,4.16546587967938,FAIL,6,3
14,0.0061038881767686,0.00061038881767686,8,0.4375,TR_TS_LTVKF,0.000102947409064899,0.0495723085621441,9.98747720659126e-05,0.125227934087446,0.0498660036402668,0.267992719466426,PASS,6,3
14,0.0061038881767686,0.00061038881767686,8,0.5,old_TS_LTVKF,0.00015,0.0501789295715477,0.00015,50,0.0501789295715477,0.357859143095474,FAIL,6,3
14,0.0061038881767686,0.00061038881767686,8,0.5,TR_TS_LTVKF,9.65841125309787e-05,0.0509751294088495,0.000100281121727725,0.281121727725497,0.0495436424653857,0.912715069228509,PASS,6,3
14,0.0061038881767686,0.00061038881767686,8,0.5625,old_TS_LTVKF,0.00015,0.0519090540777316,0.00015,50,0.0519090540777316,3.81810815546311,FAIL,6,3
14,0.0061038881767686,0.00061038881767686,8,0.5625,TR_TS_LTVKF,0.000103760014192142,0.0510309013346673,0.00010004683906821,0.0468390682096587,0.0494366645564033,1.12667088719339,PASS,6,3
14,0.0061038881767686,0.00061038881767686,8,0.625,old_TS_LTVKF,0.00015,0.0544957176033565,0.00015,50,0.0544957176033565,8.99143520671295,FAIL,6,3
14,0.0061038881767686,0.00061038881767686,8,0.625,TR_TS_LTVKF,9.74082900526608e-05,0.05,9.99254912691862e-05,0.0745087308137937,0.05,0,PASS,6,3
14,0.0061038881767686,0.00061038881767686,8,0.6875,old_TS_LTVKF,0.00015,0.0560679155891633,0.00015,50,0.0560679155891633,12.1358311783265,FAIL,6,3
14,0.0061038881767686,0.00061038881767686,8,0.6875,TR_TS_LTVKF,0.000104662972409659,0.05,9.99501221057108e-05,0.0498778942891631,0.05,0,PASS,6,3
14,0.0061038881767686,0.00061038881767686,8,0.75,old_TS_LTVKF,0.00015,0.0577669846934882,0.00015,50,0.0577669846934882,15.5339693869764,FAIL,6,3
14,0.0061038881767686,0.00061038881767686,8,0.75,TR_TS_LTVKF,9.82092755529311e-05,0.05,0.00010016410770692,0.164107706920413,0.05,0,PASS,6,3
14,0.0061038881767686,0.00061038881767686,8,0.8125,old_TS_LTVKF,0.00015,0.0586518592681745,0.00015,50,0.0586518592681745,17.303718536349,FAIL,6,3
14,0.0061038881767686,0.00061038881767686,8,0.8125,TR_TS_LTVKF,0.000105475432186411,0.05,0.000100001570271321,0.00157027132050569,0.05,0,PASS,6,3
14,0.0061038881767686,0.00061038881767686,8,0.875,old_TS_LTVKF,0.00015,0.0615351870185418,0.00015,50,0.0615351870185418,23.0703740370835,FAIL,6,3
14,0.0061038881767686,0.00061038881767686,8,0.875,TR_TS_LTVKF,0.000102109402342245,0.05,9.98588625682289e-05,0.141137431771121,0.05,0,PASS,6,3
14,0.0061038881767686,0.00061038881767686,8,0.9375,old_TS_LTVKF,0.00015,0.063830174224456,0.00015,50,0.063830174224456,27.6603484489121,FAIL,6,3
14,0.0061038881767686,0.00061038881767686,8,0.9375,TR_TS_LTVKF,0.000106315970253776,0.05,9.996137589943e-05,0.038624100569995,0.05,0,PASS,6,3
14,0.0061038881767686,0.00061038881767686,12,0,old_TS_LTVKF,0.000105744401120605,0.0439309306505248,0.000105744401120605,5.74440112060537,0.0439309306505248,12.1381386989504,FAIL,5,3
14,0.0061038881767686,0.00061038881767686,12,0,TR_TS_LTVKF,0.000104965873149359,0.0511548568680099,9.98602884481802e-05,0.139711551819832,0.049539441697452,0.921116605096084,PASS,5,3
14,0.0061038881767686,0.00061038881767686,12,0.0625,old_TS_LTVKF,0.00011245687246856,0.044512461541418,0.00011245687246856,12.4568724685597,0.044512461541418,10.9750769171641,FAIL,5,3
14,0.0061038881767686,0.00061038881767686,12,0.0625,TR_TS_LTVKF,0.000104395526471235,0.048563293776049,0.000100162030308884,0.162030308883776,0.0492626596164401,1.47468076711975,PASS,5,3
14,0.0061038881767686,0.00061038881767686,12,0.125,old_TS_LTVKF,7.94813247589703e-05,0.0349231675609728,7.94813247589703e-05,20.5186752410297,0.0349231675609728,30.1536648780544,FAIL,5,3
14,0.0061038881767686,0.00061038881767686,12,0.125,TR_TS_LTVKF,9.77580362015643e-05,0.0481306657704102,0.00010002288708683,0.0228870868297371,0.0489424013274969,2.11519734500611,PASS,5,3
14,0.0061038881767686,0.00061038881767686,12,0.1875,old_TS_LTVKF,8.37086487622745e-05,0.0435700477456913,8.37086487622745e-05,16.2913512377255,0.0435700477456913,12.8599045086174,FAIL,5,3
14,0.0061038881767686,0.00061038881767686,12,0.1875,TR_TS_LTVKF,9.73281207586708e-05,0.0477936651477757,0.000100014692959019,0.0146929590191025,0.0487065676151103,2.58686476977936,PASS,5,3
14,0.0061038881767686,0.00061038881767686,12,0.25,old_TS_LTVKF,8.85454889860178e-05,0.0454673750561837,8.85454889860178e-05,11.4545110139822,0.0454673750561837,9.06524988763265,FAIL,5,3
14,0.0061038881767686,0.00061038881767686,12,0.25,TR_TS_LTVKF,0.000101542276940003,0.048797844199678,0.000100254247593098,0.254247593098356,0.0489236977201374,2.15260455972512,PASS,5,3
14,0.0061038881767686,0.00061038881767686,12,0.3125,old_TS_LTVKF,9.64192992401643e-05,0.0505327190789985,9.64192992401643e-05,3.58070075983571,0.0505327190789985,1.06543815799702,FAIL,5,3
14,0.0061038881767686,0.00061038881767686,12,0.3125,TR_TS_LTVKF,0.000100571274443796,0.0516098162529192,9.99585995286598e-05,0.041400471340225,0.0505099548334298,1.01990966685963,PASS,5,3
14,0.0061038881767686,0.00061038881767686,12,0.375,old_TS_LTVKF,0.000104216416625878,0.0504891595371777,0.000104216416625878,4.21641662587795,0.0504891595371777,0.978319074355394,FAIL,5,3
14,0.0061038881767686,0.00061038881767686,12,0.375,TR_TS_LTVKF,0.000100593760541387,0.0485103638975996,0.000100216944735398,0.216944735398039,0.0499592258692152,0.0815482615695751,PASS,5,3
14,0.0061038881767686,0.00061038881767686,12,0.4375,old_TS_LTVKF,0.00010707609594112,0.0518291724885066,0.00010707609594112,7.07609594112018,0.0518291724885066,3.65834497701321,FAIL,5,3
14,0.0061038881767686,0.00061038881767686,12,0.4375,TR_TS_LTVKF,9.53417547468691e-05,0.0481750275506263,9.98389391028096e-05,0.161060897190424,0.0500702132709713,0.140426541942595,PASS,5,3
14,0.0061038881767686,0.00061038881767686,12,0.5,old_TS_LTVKF,0.000112232684845278,0.0545545820859435,0.000112232684845278,12.2326848452783,0.0545545820859435,9.10916417188696,FAIL,5,3
14,0.0061038881767686,0.00061038881767686,12,0.5,TR_TS_LTVKF,0.000101055985856219,0.0503410368045156,9.98234713349605e-05,0.176528665039544,0.0499995546529415,0.00089069411709497,PASS,5,3
14,0.0061038881767686,0.00061038881767686,12,0.5625,old_TS_LTVKF,0.000114322937344609,0.0541071100213852,0.000114322937344609,14.3229373446095,0.0541071100213852,8.21422004277044,FAIL,5,3
14,0.0061038881767686,0.00061038881767686,12,0.5625,TR_TS_LTVKF,0.000102011726452846,0.0481833839240658,0.000100067432798841,0.0674327988410495,0.0499097460915267,0.18050781694664,PASS,5,3
14,0.0061038881767686,0.00061038881767686,12,0.625,old_TS_LTVKF,0.00010628217533777,0.0555434745112338,0.00010628217533777,6.28217533776998,0.0555434745112338,11.0869490224675,FAIL,5,3
14,0.0061038881767686,0.00061038881767686,12,0.625,TR_TS_LTVKF,9.61188819459332e-05,0.0492305425923336,0.000100135528535474,0.135528535474227,0.0498061887507813,0.387622498437501,PASS,5,3
14,0.0061038881767686,0.00061038881767686,12,0.6875,old_TS_LTVKF,0.000121524438829562,0.0575245705806667,0.000121524438829562,21.5244388295618,0.0575245705806667,15.0491411613334,FAIL,5,3
14,0.0061038881767686,0.00061038881767686,12,0.6875,TR_TS_LTVKF,0.000103214975690913,0.0507816512981494,9.98631393832184e-05,0.136860616781587,0.049350341411413,1.29931717717393,PASS,5,3
14,0.0061038881767686,0.00061038881767686,12,0.75,old_TS_LTVKF,0.000123372990915115,0.057396208628318,0.000123372990915115,23.3729909151152,0.057396208628318,14.7924172566359,FAIL,5,3
14,0.0061038881767686,0.00061038881767686,12,0.75,TR_TS_LTVKF,9.61394354817719e-05,0.0481427646413729,0.000100473154521948,0.473154521947916,0.0499114857488533,0.177028502293342,PASS,5,3
14,0.0061038881767686,0.00061038881767686,12,0.8125,old_TS_LTVKF,0.00015,0.0516715157514207,0.00015,50,0.0516715157514207,3.34303150284134,FAIL,5,3
14,0.0061038881767686,0.00061038881767686,12,0.8125,TR_TS_LTVKF,9.63038717723699e-05,0.0477943448087753,0.000100038381066815,0.0383810668154183,0.0497116738141264,0.576652371747144,PASS,5,3
14,0.0061038881767686,0.00061038881767686,12,0.875,old_TS_LTVKF,0.00015,0.0563985017414115,0.00015,50,0.0563985017414115,12.797003482823,FAIL,5,3
14,0.0061038881767686,0.00061038881767686,12,0.875,TR_TS_LTVKF,0.000104289532063976,0.052321825744267,9.99329550217876e-05,0.0670449782123606,0.0499051679010246,0.189664197950867,PASS,5,3
14,0.0061038881767686,0.00061038881767686,12,0.9375,old_TS_LTVKF,0.00015,0.0535976931329953,0.00015,50,0.0535976931329953,7.19538626599068,FAIL,5,3
14,0.0061038881767686,0.00061038881767686,12,0.9375,TR_TS_LTVKF,9.74540922425952e-05,0.0494393371738207,0.000100021503799551,0.0215037995510592,0.0496781775422245,0.643644915550923,PASS,5,3
14,0.0061038881767686,0.00061038881767686,16,0,old_TS_LTVKF,0.000130739919220419,0.0527723397066184,0.000130739919220419,30.7399192204185,0.0527723397066184,5.54467941323682,FAIL,3.75,3
14,0.0061038881767686,0.00061038881767686,16,0,TR_TS_LTVKF,9.76337977098155e-05,0.0481169541749482,0.000100088739027046,0.088739027046425,0.0500538178377271,0.107635675454221,PASS,3.75,3
14,0.0061038881767686,0.00061038881767686,16,0.0625,old_TS_LTVKF,0.000127046818350169,0.0546593122389514,0.000127046818350169,27.0468183501686,0.0546593122389514,9.31862447790286,FAIL,3.75,3
14,0.0061038881767686,0.00061038881767686,16,0.0625,TR_TS_LTVKF,9.66831404866397e-05,0.0495291650978783,9.99384793224839e-05,0.061520677516147,0.0498307491698187,0.338501660362633,PASS,3.75,3
14,0.0061038881767686,0.00061038881767686,16,0.125,old_TS_LTVKF,0.000131544512843308,0.0555468205470019,0.000131544512843308,31.5445128433079,0.0555468205470019,11.0936410940038,FAIL,3.75,3
14,0.0061038881767686,0.00061038881767686,16,0.125,TR_TS_LTVKF,0.00010406216496187,0.0510334571777307,0.000100039774374096,0.039774374095547,0.049718249162045,0.563501675910094,PASS,3.75,3
14,0.0061038881767686,0.00061038881767686,16,0.1875,old_TS_LTVKF,0.000138124234984658,0.0553867282979058,0.000138124234984658,38.1242349846583,0.0553867282979058,10.7734565958117,FAIL,3.75,3
14,0.0061038881767686,0.00061038881767686,16,0.1875,TR_TS_LTVKF,0.000104028282953993,0.04913395554239,0.000100129691551506,0.129691551506395,0.0492559309186115,1.48813816277706,PASS,3.75,3
14,0.0061038881767686,0.00061038881767686,16,0.25,old_TS_LTVKF,0.000140485890680018,0.0559345257751848,0.000140485890680018,40.4858906800184,0.0559345257751848,11.8690515503696,FAIL,3.75,3
14,0.0061038881767686,0.00061038881767686,16,0.25,TR_TS_LTVKF,9.72421492512984e-05,0.0492042092560145,9.99711182066353e-05,0.0288817933647101,0.0496145459301108,0.770908139778437,PASS,3.75,3
14,0.0061038881767686,0.00061038881767686,16,0.3125,old_TS_LTVKF,0.000148320657650664,0.0583973529636599,0.000148320657650664,48.3206576506638,0.0583973529636599,16.7947059273198,FAIL,3.75,3
14,0.0061038881767686,0.00061038881767686,16,0.3125,TR_TS_LTVKF,9.72337330893242e-05,0.0484142943930617,0.000100040776663436,0.0407766634356932,0.0497781721852203,0.44365562955947,PASS,3.75,3
14,0.0061038881767686,0.00061038881767686,16,0.375,old_TS_LTVKF,0.00015,0.0551577140348903,0.00015,50,0.0551577140348903,10.3154280697806,FAIL,3.75,3
14,0.0061038881767686,0.00061038881767686,16,0.375,TR_TS_LTVKF,0.000104627521428767,0.0492060237055407,0.000100000493193229,0.000493193228590094,0.0494878504906025,1.02429901879496,PASS,3.75,3
14,0.0061038881767686,0.00061038881767686,16,0.4375,old_TS_LTVKF,0.00015,0.0535746124343088,0.00015,50,0.0535746124343088,7.14922486861762,FAIL,3.75,3
14,0.0061038881767686,0.00061038881767686,16,0.4375,TR_TS_LTVKF,0.0001028352309632,0.0487734374242741,0.000100278243106415,0.278243106414933,0.0499225265787144,0.154946842571291,PASS,3.75,3
14,0.0061038881767686,0.00061038881767686,16,0.5,old_TS_LTVKF,0.00015,0.0524814752425448,0.00015,50,0.0524814752425448,4.96295048508966,FAIL,3.75,3
14,0.0061038881767686,0.00061038881767686,16,0.5,TR_TS_LTVKF,9.79736901207243e-05,0.0504559825824508,0.000100199594245792,0.199594245791701,0.0499198460782304,0.160307843539176,PASS,3.75,3
14,0.0061038881767686,0.00061038881767686,16,0.5625,old_TS_LTVKF,0.00015,0.0548761342997439,0.00015,50,0.0548761342997439,9.75226859948772,FAIL,3.75,3
14,0.0061038881767686,0.00061038881767686,16,0.5625,TR_TS_LTVKF,9.7967098093187e-05,0.0495209225378515,9.97380022761263e-05,0.261997723873664,0.0497690926268849,0.461814746230138,PASS,3.75,3
14,0.0061038881767686,0.00061038881767686,16,0.625,old_TS_LTVKF,0.00015,0.0572101798660163,0.00015,50,0.0572101798660163,14.4203597320326,FAIL,3.75,3
14,0.0061038881767686,0.00061038881767686,16,0.625,TR_TS_LTVKF,0.000104101543026929,0.0511148392193983,9.97815540849694e-05,0.218445915030652,0.049768058356945,0.463883286109967,PASS,3.75,3
14,0.0061038881767686,0.00061038881767686,16,0.6875,old_TS_LTVKF,0.00015,0.059414362822878,0.00015,50,0.059414362822878,18.828725645756,FAIL,3.75,3
14,0.0061038881767686,0.00061038881767686,16,0.6875,TR_TS_LTVKF,0.000102079656728068,0.0503448870971953,0.000100274264571595,0.274264571595029,0.0502105880317202,0.421176063440321,PASS,3.75,3
14,0.0061038881767686,0.00061038881767686,16,0.75,old_TS_LTVKF,0.00015,0.0596452123257701,0.00015,50,0.0596452123257701,19.2904246515402,FAIL,3.75,3
14,0.0061038881767686,0.00061038881767686,16,0.75,TR_TS_LTVKF,9.85016044307323e-05,0.0492797787097478,9.99026667429413e-05,0.0973332570586627,0.0500635300794209,0.127060158841874,PASS,3.75,3
14,0.0061038881767686,0.00061038881767686,16,0.8125,old_TS_LTVKF,0.00015,0.0630540743382143,0.00015,50,0.0630540743382143,26.1081486764286,FAIL,3.75,3
14,0.0061038881767686,0.00061038881767686,16,0.8125,TR_TS_LTVKF,9.8481625629448e-05,0.0484100764864734,9.99925722424854e-05,0.0074277575146442,0.0499243739107327,0.151252178534567,PASS,3.75,3
14,0.0061038881767686,0.00061038881767686,16,0.875,old_TS_LTVKF,0.00015,0.0634784898541334,0.00015,50,0.0634784898541334,26.9569797082667,FAIL,3.75,3
14,0.0061038881767686,0.00061038881767686,16,0.875,TR_TS_LTVKF,0.000104625239038143,0.0496079848184203,9.98357965847854e-05,0.164203415214648,0.0498492140501845,0.301571899630926,PASS,3.75,3
14,0.0061038881767686,0.00061038881767686,16,0.9375,old_TS_LTVKF,0.00015,0.0640428299105976,0.00015,50,0.0640428299105976,28.0856598211952,FAIL,3.75,3
14,0.0061038881767686,0.00061038881767686,16,0.9375,TR_TS_LTVKF,9.76366793108191e-05,0.0529120559434649,0.000100134853383578,0.134853383578393,0.0498806449663914,0.238710067217163,PASS,3.75,3
14,0.0061038881767686,0.00061038881767686,24,0,old_TS_LTVKF,0.000112560846876901,0.0478258434202972,0.000112560846876901,12.5608468769008,0.0478258434202972,4.3483131594057,FAIL,2.5,3
14,0.0061038881767686,0.00061038881767686,24,0,TR_TS_LTVKF,0.000101417491361019,0.0511549904589864,9.98396459546071e-05,0.160354045392908,0.0509174499319196,1.8348998638392,PASS,2.5,3
14,0.0061038881767686,0.00061038881767686,24,0.0625,old_TS_LTVKF,0.000115588250343284,0.0481396556778566,0.000115588250343284,15.5882503432841,0.0481396556778566,3.72068864428682,FAIL,2.5,3
14,0.0061038881767686,0.00061038881767686,24,0.0625,TR_TS_LTVKF,0.000101275664817809,0.0510935342390811,0.000100065271304251,0.0652713042508468,0.0509739400547995,1.94788010959892,PASS,2.5,3
14,0.0061038881767686,0.00061038881767686,24,0.125,old_TS_LTVKF,0.000117699961326158,0.0486279124021318,0.000117699961326158,17.6999613261584,0.0486279124021318,2.74417519573649,FAIL,2.5,3
14,0.0061038881767686,0.00061038881767686,24,0.125,TR_TS_LTVKF,0.000101278352603061,0.0483675829124144,0.00010012064664705,0.12064664704956,0.050863243792631,1.72648758526208,PASS,2.5,3
14,0.0061038881767686,0.00061038881767686,24,0.1875,old_TS_LTVKF,0.000119631228015614,0.0491071135570114,0.000119631228015614,19.6312280156135,0.0491071135570114,1.78577288597717,FAIL,2.5,3
14,0.0061038881767686,0.00061038881767686,24,0.1875,TR_TS_LTVKF,9.59300279467979e-05,0.0478642628409966,0.000100064015680565,0.0640156805646219,0.0509199164703796,1.83983294075927,PASS,2.5,3
14,0.0061038881767686,0.00061038881767686,24,0.25,old_TS_LTVKF,0.000121812189649952,0.0496093076410999,0.000121812189649952,21.8121896499519,0.0496093076410999,0.78138471780026,FAIL,2.5,3
14,0.0061038881767686,0.00061038881767686,24,0.25,TR_TS_LTVKF,9.5900172582094e-05,0.0479499842070845,0.000100078189526397,0.0781895263968435,0.0507446740248953,1.48934804979064,PASS,2.5,3
14,0.0061038881767686,0.00061038881767686,24,0.3125,old_TS_LTVKF,0.000124078997546567,0.0500819424974748,0.000124078997546567,24.0789975465672,0.0500819424974748,0.163884994949592,FAIL,2.5,3
14,0.0061038881767686,0.00061038881767686,24,0.3125,TR_TS_LTVKF,0.000102445492716862,0.0514148254459314,9.98407596051143e-05,0.15924039488574,0.0506305634173327,1.26112683466544,PASS,2.5,3
14,0.0061038881767686,0.00061038881767686,24,0.375,old_TS_LTVKF,0.000126380028660278,0.0505801959536125,0.000126380028660278,26.3800286602782,0.0505801959536125,1.16039190722508,FAIL,2.5,3
14,0.0061038881767686,0.00061038881767686,24,0.375,TR_TS_LTVKF,0.000102427468081577,0.0481304569819869,9.98549319536691e-05,0.145068046330876,0.0504783824035717,0.95676480714344,PASS,2.5,3
14,0.0061038881767686,0.00061038881767686,24,0.4375,old_TS_LTVKF,0.000129005881738064,0.0510721882634894,0.000129005881738064,29.0058817380639,0.0510721882634894,2.14437652697874,FAIL,2.5,3
14,0.0061038881767686,0.00061038881767686,24,0.4375,TR_TS_LTVKF,0.000102933799263834,0.0521747573819991,0.000100115890826025,0.115890826025278,0.0508227846862278,1.6455693724555,PASS,2.5,3
14,0.0061038881767686,0.00061038881767686,24,0.5,old_TS_LTVKF,0.000131915848604768,0.0515879060765545,0.000131915848604768,31.9158486047682,0.0515879060765545,3.17581215310896,FAIL,2.5,3
14,0.0061038881767686,0.00061038881767686,24,0.5,TR_TS_LTVKF,9.71166727058281e-05,0.0515746386557477,0.000100223628673852,0.223628673852394,0.0511012939613777,2.20258792275543,PASS,2.5,3
14,0.0061038881767686,0.00061038881767686,24,0.5625,old_TS_LTVKF,0.000136712135788967,0.051766002301165,0.000136712135788967,36.7121357889669,0.051766002301165,3.53200460232992,FAIL,2.5,3
14,0.0061038881767686,0.00061038881767686,24,0.5625,TR_TS_LTVKF,9.65777656276415e-05,0.0513356442104347,0.000100031528536886,0.0315285368863494,0.0510429449899169,2.08588997983388,PASS,2.5,3
14,0.0061038881767686,0.00061038881767686,24,0.625,old_TS_LTVKF,0.00015,0.0721484523214945,0.00015,50,0.0721484523214945,44.2969046429891,FAIL,2.5,3
14,0.0061038881767686,0.00061038881767686,24,0.625,TR_TS_LTVKF,0.000100501495590509,0.0511856957919039,9.99697092285506e-05,0.030290771449426,0.0508377713475771,1.67554269515415,PASS,2.5,3
14,0.0061038881767686,0.00061038881767686,24,0.6875,old_TS_LTVKF,0.00015,0.0745203431547126,0.00015,50,0.0745203431547126,49.0406863094252,FAIL,2.5,3
14,0.0061038881767686,0.00061038881767686,24,0.6875,TR_TS_LTVKF,0.000100761582169762,0.051800603102276,9.99887164049732e-05,0.011283595026812,0.0506613236439034,1.32264728780676,PASS,2.5,3
14,0.0061038881767686,0.00061038881767686,24,0.75,old_TS_LTVKF,0.00015,0.0716841759559579,0.00015,50,0.0716841759559579,43.3683519119159,FAIL,2.5,3
14,0.0061038881767686,0.00061038881767686,24,0.75,TR_TS_LTVKF,0.000100713676763281,0.0486038011357263,0.000100222516872999,0.222516872999212,0.0504932381807526,0.986476361505173,PASS,2.5,3
14,0.0061038881767686,0.00061038881767686,24,0.8125,old_TS_LTVKF,0.00015,0.070630228288671,0.00015,50,0.070630228288671,41.2604565773419,FAIL,2.5,3
14,0.0061038881767686,0.00061038881767686,24,0.8125,TR_TS_LTVKF,0.000100520391547476,0.0489508605200321,9.99975180051392e-05,0.00248199486081457,0.050541858869222,1.08371773844391,PASS,2.5,3
14,0.0061038881767686,0.00061038881767686,24,0.875,old_TS_LTVKF,0.00015,0.071003032124287,0.00015,50,0.071003032124287,42.006064248574,FAIL,2.5,3
14,0.0061038881767686,0.00061038881767686,24,0.875,TR_TS_LTVKF,9.54722904601177e-05,0.0473846492916167,9.98437449282374e-05,0.156255071762657,0.0504921663813324,0.984332762664741,PASS,2.5,3
14,0.0061038881767686,0.00061038881767686,24,0.9375,old_TS_LTVKF,0.00015,0.0708300897276779,0.00015,50,0.0708300897276779,41.6601794553557,FAIL,2.5,3
14,0.0061038881767686,0.00061038881767686,24,0.9375,TR_TS_LTVKF,0.000100695364122203,0.050996025522837,9.9953920352238e-05,0.0460796477619541,0.0508756177534693,1.75123550693859,PASS,2.5,3
14,0.0061038881767686,0.00061038881767686,32,0,old_TS_LTVKF,0.000100137442330201,0.0474807662586117,0.000100137442330201,0.13744233020061,0.0474807662586117,5.03846748277661,FAIL,1.875,3
14,0.0061038881767686,0.00061038881767686,32,0,TR_TS_LTVKF,0.000104749762256785,0.051170406376968,0.00010014452357369,0.144523573690081,0.0501688664470383,0.337732894076637,PASS,1.875,3
14,0.0061038881767686,0.00061038881767686,32,0.0625,old_TS_LTVKF,0.000100300756633958,0.0478609109681322,0.000100300756633958,0.3007566339575,0.0478609109681322,4.27817806373559,PASS,1.875,3
14,0.0061038881767686,0.00061038881767686,32,0.0625,TR_TS_LTVKF,9.79641361234132e-05,0.0494400399019918,0.000100042046077497,0.0420460774968268,0.0498909489801399,0.218102039720269,PASS,1.875,3
14,0.0061038881767686,0.00061038881767686,32,0.125,old_TS_LTVKF,0.000100559488254094,0.048297991077303,0.000100559488254094,0.559488254093843,0.048297991077303,3.40401784539404,PASS,1.875,3
14,0.0061038881767686,0.00061038881767686,32,0.125,TR_TS_LTVKF,9.79644326574342e-05,0.04939231100031,9.99000238306711e-05,0.099976169328897,0.0495694615096654,0.861076980669251,PASS,1.875,3
14,0.0061038881767686,0.00061038881767686,32,0.1875,old_TS_LTVKF,0.000100905721249245,0.048695164137448,0.000100905721249245,0.90572124924484,0.048695164137448,2.60967172510407,PASS,1.875,3
14,0.0061038881767686,0.00061038881767686,32,0.1875,TR_TS_LTVKF,0.00010439168101776,0.0524252731397655,9.98650825547292e-05,0.134917445270788,0.0495268740461675,0.946251907664941,PASS,1.875,3
14,0.0061038881767686,0.00061038881767686,32,0.25,old_TS_LTVKF,0.000101202544771555,0.048998225105948,0.000101202544771555,1.20254477155457,0.048998225105948,2.00354978810402,PASS,1.875,3
14,0.0061038881767686,0.00061038881767686,32,0.25,TR_TS_LTVKF,0.000104103149892243,0.0512694088599015,9.9944927842958e-05,0.0550721570420465,0.050090227360276,0.180454720552081,PASS,1.875,3
14,0.0061038881767686,0.00061038881767686,32,0.3125,old_TS_LTVKF,0.000101628923678438,0.0494248278817725,0.000101628923678438,1.62892367843781,0.0494248278817725,1.15034423645505,PASS,1.875,3
14,0.0061038881767686,0.00061038881767686,32,0.3125,TR_TS_LTVKF,0.000104085912011524,0.0506125918939927,0.000100124524730793,0.124524730793207,0.0498329997170044,0.334000565991155,PASS,1.875,3
14,0.0061038881767686,0.00061038881767686,32,0.375,old_TS_LTVKF,0.000102058967778772,0.0498380551975721,0.000102058967778772,2.05896777877193,0.0498380551975721,0.323889604855843,PASS,1.875,3
14,0.0061038881767686,0.00061038881767686,32,0.375,TR_TS_LTVKF,9.85207602055014e-05,0.0504210609646634,0.000100342459488831,0.342459488830693,0.0499089336139583,0.182132772083499,PASS,1.875,3
14,0.0061038881767686,0.00061038881767686,32,0.4375,old_TS_LTVKF,0.000102375545626659,0.050229825098104,0.000102375545626659,2.37554562665894,0.050229825098104,0.459650196207995,PASS,1.875,3
14,0.0061038881767686,0.00061038881767686,32,0.4375,TR_TS_LTVKF,9.85139815603738e-05,0.0495352382624448,0.000100350901254819,0.350901254818647,0.0502960638716585,0.592127743317006,PASS,1.875,3
14,0.0061038881767686,0.00061038881767686,32,0.5,old_TS_LTVKF,0.000102682686277062,0.0505429134379103,0.000102682686277062,2.68268627706203,0.0505429134379103,1.08582687582068,PASS,1.875,3
14,0.0061038881767686,0.00061038881767686,32,0.5,TR_TS_LTVKF,9.82725672650617e-05,0.0492842081247361,9.98147305213496e-05,0.185269478650429,0.0501250050360945,0.250010072189077,PASS,1.875,3
14,0.0061038881767686,0.00061038881767686,32,0.5625,old_TS_LTVKF,0.000103207468885241,0.0509595921552866,0.000103207468885241,3.20746888524057,0.0509595921552866,1.91918431057316,FAIL,1.875,3
14,0.0061038881767686,0.00061038881767686,32,0.5625,TR_TS_LTVKF,9.82647107571224e-05,0.0488457284466382,9.9932938588971e-05,0.067061411028968,0.0499404141995848,0.119171600830437,PASS,1.875,3
14,0.0061038881767686,0.00061038881767686,32,0.625,old_TS_LTVKF,0.000103740804057737,0.0513596196571993,0.000103740804057737,3.740804057737,0.0513596196571993,2.71923931439866,FAIL,1.875,3
14,0.0061038881767686,0.00061038881767686,32,0.625,TR_TS_LTVKF,9.84870980971255e-05,0.0484143592818552,9.99329549109283e-05,0.0670450890716934,0.0500101311538014,0.0202623076027919,PASS,1.875,3
14,0.0061038881767686,0.00061038881767686,32,0.6875,old_TS_LTVKF,0.000104319283028785,0.0517482710166097,0.000104319283028785,4.31928302878546,0.0517482710166097,3.49654203321941,FAIL,1.875,3
14,0.0061038881767686,0.00061038881767686,32,0.6875,TR_TS_LTVKF,9.84770714627948e-05,0.0479904322093208,9.98383364906814e-05,0.161663509318577,0.049843105906262,0.313788187475927,PASS,1.875,3
14,0.0061038881767686,0.00061038881767686,32,0.75,old_TS_LTVKF,0.000105094050570982,0.0520633242848241,0.000105094050570982,5.09405057098244,0.0520633242848241,4.12664856964813,FAIL,1.875,3
14,0.0061038881767686,0.00061038881767686,32,0.75,TR_TS_LTVKF,0.000104631154983259,0.0493326868585792,9.97950228677277e-05,0.204977132272255,0.0494751486704956,1.04970265900872,PASS,1.875,3
14,0.0061038881767686,0.00061038881767686,32,0.8125,old_TS_LTVKF,0.00015,0.2,0.00015,50,0.2,300,FAIL,1.875,3
14,0.0061038881767686,0.00061038881767686,32,0.8125,TR_TS_LTVKF,9.76218480589202e-05,0.0506972665640109,0.000100084539772029,0.0845397720286689,0.0505671119007891,1.13422380157819,PASS,1.875,3
14,0.0061038881767686,0.00061038881767686,32,0.875,old_TS_LTVKF,0.000149998677502012,0.2,0.000149998677502012,49.9986775020123,0.2,300,FAIL,1.875,3
14,0.0061038881767686,0.00061038881767686,32,0.875,TR_TS_LTVKF,9.76457745202262e-05,0.0481384477320022,0.000100214015593856,0.214015593856387,0.050322105087501,0.644210175002025,PASS,1.875,3
14,0.0061038881767686,0.00061038881767686,32,0.9375,old_TS_LTVKF,0.00015,0.0793463082376407,0.00015,50,0.0793463082376407,58.6926164752814,FAIL,1.875,3
14,0.0061038881767686,0.00061038881767686,32,0.9375,TR_TS_LTVKF,9.93116015125879e-05,0.0508988497880766,0.000100006602022917,0.00660202291724588,0.0502841910738186,0.568382147637281,PASS,1.875,3
16,0.00152590218966964,0.000152590218966964,8,0,old_TS_LTVKF,9.92514155927574e-05,0.0585615785099937,9.92514155927574e-05,0.74858440724257,0.0585615785099937,17.1231570199873,FAIL,6,3
16,0.00152590218966964,0.000152590218966964,8,0,TR_TS_LTVKF,9.94833270473602e-05,0.05,0.000100068912482391,0.0689124823906928,0.05,0,PASS,6,3
16,0.00152590218966964,0.000152590218966964,8,0.0625,old_TS_LTVKF,9.92103722407638e-05,0.0601488224853902,9.92103722407638e-05,0.789627759236233,0.0601488224853902,20.2976449707804,FAIL,6,3
16,0.00152590218966964,0.000152590218966964,8,0.0625,TR_TS_LTVKF,0.000100705726698431,0.05,0.000100156307988318,0.156307988318027,0.05,0,PASS,6,3
16,0.00152590218966964,0.000152590218966964,8,0.125,old_TS_LTVKF,9.99562681604122e-05,0.0618517458631273,9.99562681604122e-05,0.043731839587835,0.0618517458631273,23.7034917262547,FAIL,6,3
16,0.00152590218966964,0.000152590218966964,8,0.125,TR_TS_LTVKF,0.00010044847509277,0.05,0.00010001251311793,0.0125131179299354,0.05,0,PASS,6,3
16,0.00152590218966964,0.000152590218966964,8,0.1875,old_TS_LTVKF,0.00015,0.0492885069316869,0.00015,50,0.0492885069316869,1.42298613662611,FAIL,6,3
16,0.00152590218966964,0.000152590218966964,8,0.1875,TR_TS_LTVKF,0.00010136939789637,0.05,0.000100021244477737,0.0212444777365706,0.05,0,PASS,6,3
16,0.00152590218966964,0.000152590218966964,8,0.25,old_TS_LTVKF,0.00015,0.0443481235055011,0.00015,50,0.0443481235055011,11.3037529889978,FAIL,6,3
16,0.00152590218966964,0.000152590218966964,8,0.25,TR_TS_LTVKF,0.00010057552052007,0.05,0.000100024852016319,0.0248520163188992,0.05,0,PASS,6,3
16,0.00152590218966964,0.000152590218966964,8,0.3125,old_TS_LTVKF,0.00015,0.0453954573496399,0.00015,50,0.0453954573496399,9.20908530072018,FAIL,6,3
16,0.00152590218966964,0.000152590218966964,8,0.3125,TR_TS_LTVKF,9.86481303716789e-05,0.05,0.000100066373072891,0.0663730728909684,0.05,0,PASS,6,3
16,0.00152590218966964,0.000152590218966964,8,0.375,old_TS_LTVKF,0.00015,0.0463193950377805,0.00015,50,0.0463193950377805,7.36120992443895,FAIL,6,3
16,0.00152590218966964,0.000152590218966964,8,0.375,TR_TS_LTVKF,9.90515914866709e-05,0.05,9.99635370266956e-05,0.0364629733044297,0.05,0,PASS,6,3
16,0.00152590218966964,0.000152590218966964,8,0.4375,old_TS_LTVKF,0.00015,0.0479240756808736,0.00015,50,0.0479240756808736,4.15184863825271,FAIL,6,3
16,0.00152590218966964,0.000152590218966964,8,0.4375,TR_TS_LTVKF,9.94613336751038e-05,0.0497976378381219,0.000100088412845346,0.0884128453460642,0.0498186399271148,0.362720145770434,PASS,6,3
16,0.00152590218966964,0.000152590218966964,8,0.5,old_TS_LTVKF,0.00015,0.0498613539468231,0.00015,50,0.0498613539468231,0.27729210635381,FAIL,6,3
16,0.00152590218966964,0.000152590218966964,8,0.5,TR_TS_LTVKF,0.000100604936733916,0.0496180906066206,0.000100020294308528,0.0202943085279017,0.0496318255475513,0.736348904897499,PASS,6,3
16,0.00152590218966964,0.000152590218966964,8,0.5625,old_TS_LTVKF,0.00015,0.0508479545059865,0.00015,50,0.0508479545059865,1.69590901197305,FAIL,6,3
16,0.00152590218966964,0.000152590218966964,8,0.5625,TR_TS_LTVKF,0.000100597660023942,0.0494386726446459,0.000100031841218992,0.0318412189923123,0.0494575360770995,1.08492784580104,PASS,6,3
16,0.00152590218966964,0.000152590218966964,8,0.625,old_TS_LTVKF,0.00015,0.0530718459391307,0.00015,50,0.0530718459391307,6.14369187826145,FAIL,6,3
16,0.00152590218966964,0.000152590218966964,8,0.625,TR_TS_LTVKF,0.000100692959217793,0.05,0.000100047913565313,0.0479135653125518,0.05,0,PASS,6,3
16,0.00152590218966964,0.000152590218966964,8,0.6875,old_TS_LTVKF,0.00015,0.0557142149789486,0.00015,50,0.0557142149789486,11.4284299578973,FAIL,6,3
16,0.00152590218966964,0.000152590218966964,8,0.6875,TR_TS_LTVKF,9.94265528493211e-05,0.05,9.99378649554005e-05,0.0621350445995428,0.05,0,PASS,6,3
16,0.00152590218966964,0.000152590218966964,8,0.75,old_TS_LTVKF,0.00015,0.0586247215680715,0.00015,50,0.0586247215680715,17.2494431361429,FAIL,6,3
16,0.00152590218966964,0.000152590218966964,8,0.75,TR_TS_LTVKF,0.000100315661835177,0.05,9.99785300238197e-05,0.0214699761803105,0.05,0,PASS,6,3
16,0.00152590218966964,0.000152590218966964,8,0.8125,old_TS_LTVKF,0.00015,0.060927946224054,0.00015,50,0.060927946224054,21.8558924481081,FAIL,6,3
16,0.00152590218966964,0.000152590218966964,8,0.8125,TR_TS_LTVKF,0.000100436393590804,0.05,0.000100014904922708,0.014904922707859,0.05,0,PASS,6,3
16,0.00152590218966964,0.000152590218966964,8,0.875,old_TS_LTVKF,0.00015,0.0623687943500348,0.00015,50,0.0623687943500348,24.7375887000697,FAIL,6,3
16,0.00152590218966964,0.000152590218966964,8,0.875,TR_TS_LTVKF,0.000100633773725633,0.05,9.99914976610999e-05,0.0085023389001071,0.05,0,PASS,6,3
16,0.00152590218966964,0.000152590218966964,8,0.9375,old_TS_LTVKF,0.00015,0.063052466783534,0.00015,50,0.063052466783534,26.1049335670679,FAIL,6,3
16,0.00152590218966964,0.000152590218966964,8,0.9375,TR_TS_LTVKF,9.93948971014413e-05,0.05,0.000100049553415827,0.0495534158268196,0.05,0,PASS,6,3
16,0.00152590218966964,0.000152590218966964,12,0,old_TS_LTVKF,0.000105581894747864,0.0438155956648059,0.000105581894747864,5.58189474786437,0.0438155956648059,12.3688086703883,FAIL,5,3
16,0.00152590218966964,0.000152590218966964,12,0,TR_TS_LTVKF,0.000101135394819244,0.0495193579668623,0.000100027630697138,0.0276306971379148,0.0495420809938674,0.915838012265258,PASS,5,3
16,0.00152590218966964,0.000152590218966964,12,0.0625,old_TS_LTVKF,0.000112016314764201,0.0444641499671224,0.000112016314764201,12.016314764201,0.0444641499671224,11.0717000657552,FAIL,5,3
16,0.00152590218966964,0.000152590218966964,12,0.0625,TR_TS_LTVKF,0.000101259388285899,0.049325354395821,0.00010001300014312,0.013000143120423,0.0495577185139932,0.884562972013603,PASS,5,3
16,0.00152590218966964,0.000152590218966964,12,0.125,old_TS_LTVKF,8.08034581014373e-05,0.0337340462983055,8.08034581014373e-05,19.1965418985627,0.0337340462983055,32.5319074033889,FAIL,5,3
16,0.00152590218966964,0.000152590218966964,12,0.125,TR_TS_LTVKF,9.96362473236094e-05,0.0491844170696183,0.000100082046428633,0.0820464286327205,0.0493711313553457,1.25773728930857,PASS,5,3
16,0.00152590218966964,0.000152590218966964,12,0.1875,old_TS_LTVKF,8.36468743424302e-05,0.0420161025389029,8.36468743424302e-05,16.3531256575698,0.0420161025389029,15.9677949221941,FAIL,5,3
16,0.00152590218966964,0.000152590218966964,12,0.1875,TR_TS_LTVKF,9.97920185362379e-05,0.0492057280378494,0.000100024409151219,0.0244091512194178,0.0492909104042239,1.41817919155217,PASS,5,3
16,0.00152590218966964,0.000152590218966964,12,0.25,old_TS_LTVKF,8.87620045255881e-05,0.0448549538675526,8.87620045255881e-05,11.2379954744119,0.0448549538675526,10.2900922648947,FAIL,5,3
16,0.00152590218966964,0.000152590218966964,12,0.25,TR_TS_LTVKF,0.000100781593185028,0.0490693533300217,0.000100032052825789,0.0320528257892638,0.0491402923659071,1.71941526818583,PASS,5,3
16,0.00152590218966964,0.000152590218966964,12,0.3125,old_TS_LTVKF,9.75618239742724e-05,0.0507598109061222,9.75618239742724e-05,2.43817602572763,0.0507598109061222,1.51962181224432,PASS,5,3
16,0.00152590218966964,0.000152590218966964,12,0.3125,TR_TS_LTVKF,9.97896818231743e-05,0.0496011489687068,0.000100010157386404,0.0101573864035087,0.0500923437341049,0.184687468209699,PASS,5,3
16,0.00152590218966964,0.000152590218966964,12,0.375,old_TS_LTVKF,0.000101554347730288,0.0510106328525462,0.000101554347730288,1.55434773028813,0.0510106328525462,2.02126570509245,PASS,5,3
16,0.00152590218966964,0.000152590218966964,12,0.375,TR_TS_LTVKF,9.90799535904597e-05,0.0496865120025201,9.99936082636113e-05,0.00639173638873336,0.050078833496751,0.157666993501926,PASS,5,3
16,0.00152590218966964,0.000152590218966964,12,0.4375,old_TS_LTVKF,0.000105875287229103,0.0527259590891995,0.000105875287229103,5.87528722910284,0.0527259590891995,5.45191817839907,FAIL,5,3
16,0.00152590218966964,0.000152590218966964,12,0.4375,TR_TS_LTVKF,0.000100822627759336,0.0504607359477807,0.000100003719712557,0.00371971255705983,0.0498807790136431,0.238441972713899,PASS,5,3
16,0.00152590218966964,0.000152590218966964,12,0.5,old_TS_LTVKF,0.000109503937155688,0.0539914214087595,0.000109503937155688,9.5039371556878,0.0539914214087595,7.982842817519,FAIL,5,3
16,0.00152590218966964,0.000152590218966964,12,0.5,TR_TS_LTVKF,9.95970260589496e-05,0.0495849857173036,9.99561189744781e-05,0.0438810255219302,0.0498499472714142,0.30010545717154,PASS,5,3
16,0.00152590218966964,0.000152590218966964,12,0.5625,old_TS_LTVKF,0.000111158319212574,0.05461624388754,0.000111158319212574,11.1583192125742,0.05461624388754,9.23248777508006,FAIL,5,3
16,0.00152590218966964,0.000152590218966964,12,0.5625,TR_TS_LTVKF,9.89552653313408e-05,0.0496341342792926,0.000100059439773759,0.0594397737587071,0.0496642951419111,0.67140971617784,PASS,5,3
16,0.00152590218966964,0.000152590218966964,12,0.625,old_TS_LTVKF,0.000112902404866486,0.0559918766454395,0.000112902404866486,12.9024048664861,0.0559918766454395,11.983753290879,FAIL,5,3
16,0.00152590218966964,0.000152590218966964,12,0.625,TR_TS_LTVKF,0.000101161846395546,0.0504589909262995,0.000100021386202385,0.0213862023845213,0.0496814672579479,0.637065484104127,PASS,5,3
16,0.00152590218966964,0.000152590218966964,12,0.6875,old_TS_LTVKF,0.000119625474919446,0.0566557247606976,0.000119625474919446,19.6254749194464,0.0566557247606976,13.3114495213953,FAIL,5,3
16,0.00152590218966964,0.000152590218966964,12,0.6875,TR_TS_LTVKF,9.9495559298428e-05,0.0495433611669482,0.000100028345387059,0.0283453870588479,0.0495765176239901,0.846964752019752,PASS,5,3
16,0.00152590218966964,0.000152590218966964,12,0.75,old_TS_LTVKF,0.000116455331534908,0.0581221323800932,0.000116455331534908,16.4553315349079,0.0581221323800932,16.2442647601864,FAIL,5,3
16,0.00152590218966964,0.000152590218966964,12,0.75,TR_TS_LTVKF,9.96647897227898e-05,0.0504278995440842,9.99659407588359e-05,0.0340592411640639,0.0501682535364446,0.336507072889103,PASS,5,3
16,0.00152590218966964,0.000152590218966964,12,0.8125,old_TS_LTVKF,0.00015,0.0528011329435644,0.00015,50,0.0528011329435644,5.60226588712884,FAIL,5,3
16,0.00152590218966964,0.000152590218966964,12,0.8125,TR_TS_LTVKF,9.83292783927393e-05,0.049417454919182,9.99045515601679e-05,0.0954484398321465,0.0501492549257897,0.298509851579487,PASS,5,3
16,0.00152590218966964,0.000152590218966964,12,0.875,old_TS_LTVKF,0.00015,0.0522145308664893,0.00015,50,0.0522145308664893,4.4290617329785,FAIL,5,3
16,0.00152590218966964,0.000152590218966964,12,0.875,TR_TS_LTVKF,0.000100515384492073,0.0494396156728791,0.000100087120192485,0.0871201924847798,0.0498206923747772,0.358615250445526,PASS,5,3
16,0.00152590218966964,0.000152590218966964,12,0.9375,old_TS_LTVKF,0.00015,0.0536305722313954,0.00015,50,0.0536305722313954,7.26114446279083,FAIL,5,3
16,0.00152590218966964,0.000152590218966964,12,0.9375,TR_TS_LTVKF,0.000100614775776004,0.0497109637392566,0.000100010754693313,0.0107546933131308,0.0498260098947865,0.347980210427001,PASS,5,3
16,0.00152590218966964,0.000152590218966964,16,0,old_TS_LTVKF,0.000130504974672815,0.0530321024581084,0.000130504974672815,30.5049746728155,0.0530321024581084,6.06420491621682,FAIL,3.75,3
16,0.00152590218966964,0.000152590218966964,16,0,TR_TS_LTVKF,0.000100952448710254,0.0496778516172345,0.000100013370914389,0.0133709143885774,0.0498147495572704,0.370500885459146,PASS,3.75,3
16,0.00152590218966964,0.000152590218966964,16,0.0625,old_TS_LTVKF,0.00013427300720881,0.0533652648831349,0.00013427300720881,34.2730072088104,0.0533652648831349,6.73052976626975,FAIL,3.75,3
16,0.00152590218966964,0.000152590218966964,16,0.0625,TR_TS_LTVKF,9.9699994045808e-05,0.0496014008271082,9.99990830429298e-05,0.000916957070251634,0.0497547769903744,0.490446019251256,PASS,3.75,3
16,0.00152590218966964,0.000152590218966964,16,0.125,old_TS_LTVKF,0.000130129187110352,0.0545809316132463,0.000130129187110352,30.1291871103518,0.0545809316132463,9.16186322649262,FAIL,3.75,3
16,0.00152590218966964,0.000152590218966964,16,0.125,TR_TS_LTVKF,0.000100573268682711,0.0496184785806429,0.00010001725148898,0.0172514889797082,0.0497023120588283,0.595375882343363,PASS,3.75,3
16,0.00152590218966964,0.000152590218966964,16,0.1875,old_TS_LTVKF,0.000132785526047591,0.0550752044539098,0.000132785526047591,32.7855260475914,0.0550752044539098,10.1504089078196,FAIL,3.75,3
16,0.00152590218966964,0.000152590218966964,16,0.1875,TR_TS_LTVKF,0.000100441063306956,0.0495343973599322,0.000100024221279218,0.0242212792181284,0.0496038848701421,0.792230259715765,PASS,3.75,3
16,0.00152590218966964,0.000152590218966964,16,0.25,old_TS_LTVKF,0.000134864908333948,0.0559337191091951,0.000134864908333948,34.8649083339476,0.0559337191091951,11.8674382183901,FAIL,3.75,3
16,0.00152590218966964,0.000152590218966964,16,0.25,TR_TS_LTVKF,0.000100663295639566,0.0493593950098706,0.000100086909927774,0.0869099277738705,0.0494297614440054,1.14047711198925,PASS,3.75,3
16,0.00152590218966964,0.000152590218966964,16,0.3125,old_TS_LTVKF,0.000133073298409309,0.0564196855328777,0.000133073298409309,33.0732984093095,0.0564196855328777,12.8393710657554,FAIL,3.75,3
16,0.00152590218966964,0.000152590218966964,16,0.3125,TR_TS_LTVKF,9.91295451283191e-05,0.0493421205228825,9.99399578221198e-05,0.0600421778802152,0.0494981995185229,1.00360096295415,PASS,3.75,3
16,0.00152590218966964,0.000152590218966964,16,0.375,old_TS_LTVKF,0.000145095724769284,0.0556905232308745,0.000145095724769284,45.0957247692845,0.0556905232308745,11.3810464617489,FAIL,3.75,3
16,0.00152590218966964,0.000152590218966964,16,0.375,TR_TS_LTVKF,9.93975015054313e-05,0.0492987719726895,9.99860168925864e-05,0.0139831074135954,0.0493647063558289,1.27058728834225,PASS,3.75,3
16,0.00152590218966964,0.000152590218966964,16,0.4375,old_TS_LTVKF,0.00015,0.0519536589263059,0.00015,50,0.0519536589263059,3.9073178526118,FAIL,3.75,3
16,0.00152590218966964,0.000152590218966964,16,0.4375,TR_TS_LTVKF,0.00010039722741745,0.0502043763204165,9.99827933213582e-05,0.0172066786418346,0.0499241800275367,0.151639944926563,PASS,3.75,3
16,0.00152590218966964,0.000152590218966964,16,0.5,old_TS_LTVKF,0.00015,0.0535703953084811,0.00015,50,0.0535703953084811,7.1407906169622,FAIL,3.75,3
16,0.00152590218966964,0.000152590218966964,16,0.5,TR_TS_LTVKF,9.91745772111561e-05,0.0498163740144226,9.9945988041067e-05,0.054011958933009,0.0499052932112423,0.189413577515496,PASS,3.75,3
16,0.00152590218966964,0.000152590218966964,16,0.5625,old_TS_LTVKF,0.00015,0.0562679632612216,0.00015,50,0.0562679632612216,12.5359265224432,FAIL,3.75,3
16,0.00152590218966964,0.000152590218966964,16,0.5625,TR_TS_LTVKF,9.92683256922384e-05,0.0496021698033394,9.99611234917384e-05,0.038876508261565,0.0498418186662985,0.316362667402981,PASS,3.75,3
16,0.00152590218966964,0.000152590218966964,16,0.625,old_TS_LTVKF,0.00015,0.0577316947239459,0.00015,50,0.0577316947239459,15.4633894478919,FAIL,3.75,3
16,0.00152590218966964,0.000152590218966964,16,0.625,TR_TS_LTVKF,9.97069102582152e-05,0.0503751725086464,0.000100039418978365,0.0394189783647469,0.0502802304354565,0.560460870913038,PASS,3.75,3
16,0.00152590218966964,0.000152590218966964,16,0.6875,old_TS_LTVKF,0.00015,0.0592213921306395,0.00015,50,0.0592213921306395,18.442784261279,FAIL,3.75,3
16,0.00152590218966964,0.000152590218966964,16,0.6875,TR_TS_LTVKF,9.95729492984082e-05,0.0496021698033581,0.000100025700240662,0.0257002406624185,0.0501899801877693,0.379960375538602,PASS,3.75,3
16,0.00152590218966964,0.000152590218966964,16,0.75,old_TS_LTVKF,0.00015,0.0594429813546798,0.00015,50,0.0594429813546798,18.8859627093596,FAIL,3.75,3
16,0.00152590218966964,0.000152590218966964,16,0.75,TR_TS_LTVKF,0.000100188646541596,0.0503420570423203,9.99687245792952e-05,0.0312754207047572,0.050130937325039,0.261874650078031,PASS,3.75,3
16,0.00152590218966964,0.000152590218966964,16,0.8125,old_TS_LTVKF,0.00015,0.063487855430949,0.00015,50,0.063487855430949,26.975710861898,FAIL,3.75,3
16,0.00152590218966964,0.000152590218966964,16,0.8125,TR_TS_LTVKF,0.000100292144588327,0.0496021698033421,9.9968837680836e-05,0.0311623191640353,0.0499865646328239,0.0268707343522467,PASS,3.75,3
16,0.00152590218966964,0.000152590218966964,16,0.875,old_TS_LTVKF,0.00015,0.064891529537271,0.00015,50,0.064891529537271,29.7830590745419,FAIL,3.75,3
16,0.00152590218966964,0.000152590218966964,16,0.875,TR_TS_LTVKF,9.90630352781322e-05,0.0497561081228099,0.000100098157202029,0.0981572020290145,0.0498918136562624,0.21637268747523,PASS,3.75,3
16,0.00152590218966964,0.000152590218966964,16,0.9375,old_TS_LTVKF,0.00015,0.0667834912315413,0.00015,50,0.0667834912315413,33.5669824630825,FAIL,3.75,3
16,0.00152590218966964,0.000152590218966964,16,0.9375,TR_TS_LTVKF,9.91854017980071e-05,0.0495973492843096,9.99718185907248e-05,0.0281814092751631,0.0498950126247321,0.209974750535791,PASS,3.75,3
16,0.00152590218966964,0.000152590218966964,24,0,old_TS_LTVKF,0.000112272986230394,0.0476960240415238,0.000112272986230394,12.2729862303936,0.0476960240415238,4.6079519169525,FAIL,2.5,3
16,0.00152590218966964,0.000152590218966964,24,0,TR_TS_LTVKF,0.000100350976435154,0.0495743828682089,9.99457621174544e-05,0.054237882545638,0.0499046410809807,0.190717838038612,PASS,2.5,3
16,0.00152590218966964,0.000152590218966964,24,0.0625,old_TS_LTVKF,0.000115040847513959,0.0481011764133849,0.000115040847513959,15.0408475139586,0.0481011764133849,3.79764717323022,FAIL,2.5,3
16,0.00152590218966964,0.000152590218966964,24,0.0625,TR_TS_LTVKF,9.98407720994134e-05,0.0502718275345514,9.99291166769651e-05,0.0708833230349426,0.0498334315054982,0.333136989003557,PASS,2.5,3
16,0.00152590218966964,0.000152590218966964,24,0.125,old_TS_LTVKF,0.00011692739412122,0.0485804748486513,0.00011692739412122,16.9273941212202,0.0485804748486513,2.83905030269745,FAIL,2.5,3
16,0.00152590218966964,0.000152590218966964,24,0.125,TR_TS_LTVKF,0.000100307965959818,0.0496399184064199,0.000100053802280583,0.0538022805832261,0.0497482752943242,0.503449411351631,PASS,2.5,3
16,0.00152590218966964,0.000152590218966964,24,0.1875,old_TS_LTVKF,0.000118876760510969,0.049107027996376,0.000118876760510969,18.8767605109693,0.049107027996376,1.78594400724796,FAIL,2.5,3
16,0.00152590218966964,0.000152590218966964,24,0.1875,TR_TS_LTVKF,9.95374665659981e-05,0.049560890417979,9.9979799835173e-05,0.020200164827,0.049870824671434,0.258350657131945,PASS,2.5,3
16,0.00152590218966964,0.000152590218966964,24,0.25,old_TS_LTVKF,0.000120978251770083,0.0495783385016411,0.000120978251770083,20.9782517700825,0.0495783385016411,0.843322996717866,FAIL,2.5,3
16,0.00152590218966964,0.000152590218966964,24,0.25,TR_TS_LTVKF,0.000100510835522765,0.0496929566420927,0.000100007188951984,0.00718895198439373,0.0498253646684146,0.349270663170775,PASS,2.5,3
16,0.00152590218966964,0.000152590218966964,24,0.3125,old_TS_LTVKF,0.000123164719246805,0.0500928440042093,0.000123164719246805,23.1647192468054,0.0500928440042093,0.18568800841865,FAIL,2.5,3
16,0.00152590218966964,0.000152590218966964,24,0.3125,TR_TS_LTVKF,9.91407555190282e-05,0.0496011489066891,0.000100027841861754,0.0278418617543963,0.0497369877733766,0.526024453246798,PASS,2.5,3
16,0.00152590218966964,0.000152590218966964,24,0.375,old_TS_LTVKF,0.000125399136115545,0.0506051627938604,0.000125399136115545,25.3991361155451,0.0506051627938604,1.21032558772087,FAIL,2.5,3
16,0.00152590218966964,0.000152590218966964,24,0.375,TR_TS_LTVKF,0.000100596915664194,0.0496149114886976,0.000100019779570647,0.019779570646894,0.0497523346527842,0.495330694431539,PASS,2.5,3
16,0.00152590218966964,0.000152590218966964,24,0.4375,old_TS_LTVKF,0.000127798945653251,0.0510887590970526,0.000127798945653251,27.7989456532507,0.0510887590970526,2.17751819410521,FAIL,2.5,3
16,0.00152590218966964,0.000152590218966964,24,0.4375,TR_TS_LTVKF,0.000100733923338931,0.049631202059413,9.99732641893859e-05,0.0267358106141313,0.0499396704472239,0.120659105552279,PASS,2.5,3
16,0.00152590218966964,0.000152590218966964,24,0.5,old_TS_LTVKF,0.000130273943538711,0.051600234917114,0.000130273943538711,30.273943538711,0.051600234917114,3.20046983422799,FAIL,2.5,3
16,0.00152590218966964,0.000152590218966964,24,0.5,TR_TS_LTVKF,0.000100537139581512,0.0496880353997287,9.99880875829066e-05,0.0119124170934182,0.0498755041744771,0.248991651045904,PASS,2.5,3
16,0.00152590218966964,0.000152590218966964,24,0.5625,old_TS_LTVKF,0.000135071951456764,0.0518296610742389,0.000135071951456764,35.0719514567642,0.0518296610742389,3.65932214847788,FAIL,2.5,3
16,0.00152590218966964,0.000152590218966964,24,0.5625,TR_TS_LTVKF,9.96199747702421e-05,0.0496403481228493,0.000100112437448602,0.112437448602387,0.0496982922260909,0.603415547818176,PASS,2.5,3
16,0.00152590218966964,0.000152590218966964,24,0.625,old_TS_LTVKF,0.00015,0.0762599204439934,0.00015,50,0.0762599204439934,52.5198408879869,FAIL,2.5,3
16,0.00152590218966964,0.000152590218966964,24,0.625,TR_TS_LTVKF,9.97921499018807e-05,0.0494002912626522,0.000100010544303739,0.0105443037389907,0.0501104952810603,0.220990562120638,PASS,2.5,3
16,0.00152590218966964,0.000152590218966964,24,0.6875,old_TS_LTVKF,0.00015,0.0729100598151221,0.00015,50,0.0729100598151221,45.8201196302442,FAIL,2.5,3
16,0.00152590218966964,0.000152590218966964,24,0.6875,TR_TS_LTVKF,0.000100419798764515,0.0502716455219819,9.99553267846721e-05,0.0446732153279172,0.0501255137323073,0.251027464614562,PASS,2.5,3
16,0.00152590218966964,0.000152590218966964,24,0.75,old_TS_LTVKF,0.00015,0.0749651069354215,0.00015,50,0.0749651069354215,49.9302138708429,FAIL,2.5,3
16,0.00152590218966964,0.000152590218966964,24,0.75,TR_TS_LTVKF,9.91839589982152e-05,0.0497586339871375,9.99939389320652e-05,0.00606106793484829,0.0500493590944808,0.0987181889615885,PASS,2.5,3
16,0.00152590218966964,0.000152590218966964,24,0.8125,old_TS_LTVKF,0.00015,0.0747346256594645,0.00015,50,0.0747346256594645,49.469251318929,FAIL,2.5,3
16,0.00152590218966964,0.000152590218966964,24,0.8125,TR_TS_LTVKF,9.9150882240446e-05,0.0494524307630167,0.000100029387940572,0.029387940571679,0.0499555889280623,0.0888221438754111,PASS,2.5,3
16,0.00152590218966964,0.000152590218966964,24,0.875,old_TS_LTVKF,0.00015,0.0727460930073795,0.00015,50,0.0727460930073795,45.492186014759,FAIL,2.5,3
16,0.00152590218966964,0.000152590218966964,24,0.875,TR_TS_LTVKF,0.000100771377386941,0.0502717373635963,0.000100004243544711,0.00424354471104671,0.0499162240045938,0.167551990812487,PASS,2.5,3
16,0.00152590218966964,0.000152590218966964,24,0.9375,old_TS_LTVKF,0.00015,0.0718053234965519,0.00015,50,0.0718053234965519,43.6106469931037,FAIL,2.5,3
16,0.00152590218966964,0.000152590218966964,24,0.9375,TR_TS_LTVKF,9.95645473543213e-05,0.0497159101795985,9.9988239392919e-05,0.011760607081035,0.0500349081762344,0.0698163524688544,PASS,2.5,3
16,0.00152590218966964,0.000152590218966964,32,0,old_TS_LTVKF,0.00010020655923487,0.0474502095723033,0.00010020655923487,0.20655923487034,0.0474502095723033,5.09958085539344,FAIL,1.875,3
16,0.00152590218966964,0.000152590218966964,32,0,TR_TS_LTVKF,0.00010050553095804,0.0498332970613919,9.9969047761441e-05,0.0309522385590011,0.050019720506602,0.0394410132041001,PASS,1.875,3
16,0.00152590218966964,0.000152590218966964,32,0.0625,old_TS_LTVKF,0.000100411040302077,0.0478461735181123,0.000100411040302077,0.411040302076549,0.0478461735181123,4.30765296377549,PASS,1.875,3
16,0.00152590218966964,0.000152590218966964,32,0.0625,TR_TS_LTVKF,0.000100782359498319,0.0504348285304404,0.000100100385065086,0.100385065085984,0.0499467674015352,0.10646519692955,PASS,1.875,3
16,0.00152590218966964,0.000152590218966964,32,0.125,old_TS_LTVKF,0.000100582226664135,0.0482572919500149,0.000100582226664135,0.582226664135255,0.0482572919500149,3.48541609997011,PASS,1.875,3
16,0.00152590218966964,0.000152590218966964,32,0.125,TR_TS_LTVKF,9.92967046809724e-05,0.0496021698037085,9.99777508879494e-05,0.0222491120505985,0.0499129828126101,0.174034374779708,PASS,1.875,3
16,0.00152590218966964,0.000152590218966964,32,0.1875,old_TS_LTVKF,0.000100823028866236,0.0486284733933819,0.000100823028866236,0.82302886623562,0.0486284733933819,2.74305321323614,PASS,1.875,3
16,0.00152590218966964,0.000152590218966964,32,0.1875,TR_TS_LTVKF,9.94652705223128e-05,0.0497408092152121,0.000100003588128459,0.00358812845870915,0.049794933450605,0.410133098790022,PASS,1.875,3
16,0.00152590218966964,0.000152590218966964,32,0.25,old_TS_LTVKF,0.000101154209933235,0.0490135912015672,0.000101154209933235,1.15420993323481,0.0490135912015672,1.97281759686563,PASS,1.875,3
16,0.00152590218966964,0.000152590218966964,32,0.25,TR_TS_LTVKF,9.95800250451348e-05,0.0502849049465328,9.99851517806455e-05,0.0148482193545352,0.0501601127883076,0.320225576615174,PASS,1.875,3
16,0.00152590218966964,0.000152590218966964,32,0.3125,old_TS_LTVKF,0.00010148040974042,0.0494153708022446,0.00010148040974042,1.4804097404199,0.0494153708022446,1.16925839551071,PASS,1.875,3
16,0.00152590218966964,0.000152590218966964,32,0.3125,TR_TS_LTVKF,9.94388929110885e-05,0.0505052627509981,0.000100012622269464,0.0126222694638578,0.0500819411745882,0.163882349176436,PASS,1.875,3
16,0.00152590218966964,0.000152590218966964,32,0.375,old_TS_LTVKF,0.00010180870770883,0.0497907333601679,0.00010180870770883,1.80870770882964,0.0497907333601679,0.418533279664257,PASS,1.875,3
16,0.00152590218966964,0.000152590218966964,32,0.375,TR_TS_LTVKF,9.97098666882205e-05,0.0496016965842919,9.9987262817657e-05,0.012737182342959,0.0499259682484982,0.148063503003548,PASS,1.875,3
16,0.00152590218966964,0.000152590218966964,32,0.4375,old_TS_LTVKF,0.000102184876146142,0.0501785150854622,0.000102184876146142,2.18487614614193,0.0501785150854622,0.357030170924388,PASS,1.875,3
16,0.00152590218966964,0.000152590218966964,32,0.4375,TR_TS_LTVKF,0.000100194085017976,0.0497611315787551,0.000100018283573143,0.0182835731427966,0.0499087778969739,0.182444206052146,PASS,1.875,3
16,0.00152590218966964,0.000152590218966964,32,0.5,old_TS_LTVKF,0.000102641340702306,0.0505813781793115,0.000102641340702306,2.64134070230591,0.0505813781793115,1.16275635862297,PASS,1.875,3
16,0.00152590218966964,0.000152590218966964,32,0.5,TR_TS_LTVKF,0.000100205399177199,0.0497118206084828,0.000100014035376912,0.0140353769120916,0.0498384066171349,0.323186765730177,PASS,1.875,3
16,0.00152590218966964,0.000152590218966964,32,0.5625,old_TS_LTVKF,0.000103081667834495,0.0509802088141491,0.000103081667834495,3.08166783449506,0.0509802088141491,1.96041762829817,FAIL,1.875,3
16,0.00152590218966964,0.000152590218966964,32,0.5625,TR_TS_LTVKF,0.000100275566648645,0.0505771311881778,9.99999021320961e-05,9.78679038587948e-05,0.0499645194491024,0.0709611017952749,PASS,1.875,3
16,0.00152590218966964,0.000152590218966964,32,0.625,old_TS_LTVKF,0.000103608497033607,0.0513446732302188,0.000103608497033607,3.60849703360724,0.0513446732302188,2.68934646043753,FAIL,1.875,3
16,0.00152590218966964,0.000152590218966964,32,0.625,TR_TS_LTVKF,0.000100227991351505,0.0496016965842919,9.99426984422531e-05,0.0573015577469471,0.0499526288204645,0.0947423590710872,PASS,1.875,3
16,0.00152590218966964,0.000152590218966964,32,0.6875,old_TS_LTVKF,0.000104165065175933,0.0517294564342289,0.000104165065175933,4.16506517593258,0.0517294564342289,3.4589128684577,FAIL,1.875,3
16,0.00152590218966964,0.000152590218966964,32,0.6875,TR_TS_LTVKF,0.000100341704482525,0.0497153603046948,0.000100000490682392,0.000490682392428887,0.0499504817471002,0.0990365057995879,PASS,1.875,3
16,0.00152590218966964,0.000152590218966964,32,0.75,old_TS_LTVKF,0.00010500604946243,0.0520945938485739,0.00010500604946243,5.00604946243022,0.0520945938485739,4.18918769714782,FAIL,1.875,3
16,0.00152590218966964,0.000152590218966964,32,0.75,TR_TS_LTVKF,9.90649902640249e-05,0.0497142797689593,0.000100042037890905,0.0420378909052221,0.0497869334225944,0.426133154811215,PASS,1.875,3
16,0.00152590218966964,0.000152590218966964,32,0.8125,old_TS_LTVKF,0.00015,0.2,0.00015,50,0.2,300,FAIL,1.875,3
16,0.00152590218966964,0.000152590218966964,32,0.8125,TR_TS_LTVKF,9.96421779368133e-05,0.0503629412486977,9.99998376814421e-05,0.000162318557950236,0.0499591630132345,0.0816739735310601,PASS,1.875,3
16,0.00152590218966964,0.000152590218966964,32,0.875,old_TS_LTVKF,0.000149999014384079,0.2,0.000149999014384079,49.999014384079,0.2,300,FAIL,1.875,3
16,0.00152590218966964,0.000152590218966964,32,0.875,TR_TS_LTVKF,0.000100266862862206,0.0503816962348719,0.000100050175939172,0.0501759391721368,0.0499733938456086,0.0532123087827907,PASS,1.875,3
16,0.00152590218966964,0.000152590218966964,32,0.9375,old_TS_LTVKF,0.000149980320963708,0.199493631235485,0.000149980320963708,49.9803209637076,0.199493631235485,298.987262470971,FAIL,1.875,3
16,0.00152590218966964,0.000152590218966964,32,0.9375,TR_TS_LTVKF,9.96641412762535e-05,0.0496826574618656,9.99653515725229e-05,0.0346484274770575,0.0500361435095593,0.0722870191186775,PASS,1.875,3
